sentID.BTEC	split	lang	sent
0	corpus-6-train	FR	C'est un peu plus loin dans le couloir. Je vais vous en apporter maintenant. Si vous avez besoin d'autre chose, dites-le moi.
2	corpus-6-train	FR	Est-ce que vous faites des retouches?
4	corpus-6-train	FR	Nous voulons une table près de la fenêtre.
5	corpus-6-test-corpus-26-train	FR	C'est là-bas, juste en face du bureau d'information touristique.
9	corpus-6-test-corpus-26-train	FR	Je ne connais pas cette adresse près d'ici.
11	corpus-6-test-corpus-26-train	FR	Continuez tout droit jusqu'à ce que vous voyiez une pharmacie.
12	corpus-6-train	FR	Quelle est la nouvelle couleur de cette saison?
14	corpus-6-train	FR	Dans mon cas, c'est habituellement pour les affaires, rarement pour le plaisir.
15	corpus-6-train	FR	Je vais rester deux jours.
16	corpus-6-train	FR	Je veux une permanente serrée.
17	corpus-6-train	FR	Je voudrais réserver deux chambres à deux lits.
18	corpus-6-train	FR	Je ne veux pas qu'on me l'arrache.
19	corpus-6-train	FR	Est-ce que ce bus s'arrête à Stoner Avenue?
24	corpus-6-train	FR	Veuillez ouvrir grand la bouche.
26	corpus-6-test-corpus-26-train	FR	Combien coûte le petit déjeuner?
27	corpus-6-test-corpus-26-train	FR	Comment puis-je vous aider?
29	corpus-6-train	FR	Allons manger un morceau.
30	corpus-6-test-corpus-26-train	FR	Tournez à gauche à la troisième rue.
31	corpus-6-train	FR	Pourriez-vous nettoyer ces vêtements?
37	corpus-6-dev	FR	Je vous donne son numéro de téléphone et son adresse.
38	corpus-6-train	FR	J'ai réglé d'avance la chambre d'hôtel et les repas.
40	corpus-6-train	FR	Je cherche un restaurant de type grill, bon et calme. Pourriez-vous m'en désigner un sur ce plan?
42	corpus-6-train	FR	Si vous le cassez, vous l'achetez.
46	corpus-6-train	FR	Je lui dirai de vous appeler dès qu'elle rentrera.
50	corpus-6-test-corpus-26-train	FR	Voulez-vous de la crème et du sucre dans votre café?
51	corpus-6-train	FR	Elle est gravement blessée.
52	corpus-6-train	FR	Je voudrais un briquet.
53	corpus-6-train	FR	Cet hôtel dispose-t-il d'une salle de conférence?
56	corpus-6-train	FR	Un léger repas vous conviendra-t-il?
57	corpus-6-train	FR	J'appelle de l'aéroport. Je serai là vers seize heures.
62	corpus-6-train	FR	Où dois-je prendre ma correspondance pour Chicago?
63	corpus-6-train	FR	Combien coûte l'envoi d'une lettre recommandée en France?
64	corpus-6-test-corpus-26-train	FR	Pourriez-vous me verser les deux cents dollars de ce chèque?
68	corpus-6-train	FR	C'est vraiment différent de rouler du côté droit de la route.
69	corpus-6-train	FR	Cet acteur est vraiment merveilleux.
72	corpus-6-train	FR	Où se trouve le rayon ouvrages généraux?
74	corpus-6-test-corpus-26-train	FR	S'il arrive, appelez-moi s'il vous plaît.
78	corpus-6-dev	FR	Pourriez-vous changer ma place, s'il vous plaît?
79	corpus-6-train	FR	Y a-t-il une garantie?
83	corpus-6-train	FR	Désolé. Je vais m'occuper du chien.
84	corpus-6-train	FR	"Je voudrais deux billets pour ""Cats"", pour ce jeudi."
86	corpus-6-test-corpus-26-train	FR	Où se trouve le café?
87	corpus-6-test-corpus-26-train	FR	Je voudrais un pull-over pour enfant.
89	corpus-6-dev	FR	Redonnez-moi votre nom?
90	corpus-6-train	FR	Est-ce que M. Brown est ici?
91	corpus-6-test-corpus-26-train	FR	D'accord. Ça fait quatre-vingt-cinq cents en courrier normal, avec trois dollars de plus pour une livraison express.
92	corpus-6-train	FR	Est-ce que je peux louer un bateau pour une journée?
93	corpus-6-train	FR	A quel guichet puis-je faire une réservation?
94	corpus-6-train	FR	Qu'est-ce que c'est que cela?
96	corpus-6-train	FR	Pourriez-vous m'indiquer comment me rendre à l'opéra?
97	corpus-6-train	FR	Chéri, tu n'aurais pas bu un petit verre de trop la nuit dernière?
98	corpus-6-train	FR	Veuillez suivre les instructions de notre personnel.
100	corpus-6-dev	FR	Y a-t-il un grand magasin près d'ici?
102	corpus-6-train	FR	Le plein, s'il vous plaît.
103	corpus-6-train	FR	N'auriez-vous pas des chambres moins chères?
104	corpus-6-train	FR	Je préfère les voitures automatiques.
105	corpus-6-train	FR	Je vais loger au foyer d'étudiants de l'Université d'Harvard.
106	corpus-6-train	FR	Quel est le taux du jour?
108	corpus-6-train	FR	Je souffre d'asthme chronique.
109	corpus-6-train	FR	J'ai environ trois mille dollars.
111	corpus-6-train	FR	C'est d'accord, Monsieur. Vous avez le choix entre des frites et du riz pilaf? Que désirez-vous?
112	corpus-6-train	FR	Comment puis-je me rendre à cet endroit?
113	corpus-6-train	FR	De quelle sorte d'histoire s'agit-il?
115	corpus-6-train	FR	Trois fois.
116	corpus-6-train	FR	Quel guichet vend des timbres?
117	corpus-6-train	FR	Après m'avoir attaqué, il s'est enfui à bord d'une camionnette blanche.
119	corpus-6-train	FR	D'accord. Veuillez conserver ce reçu et le présenter quand vous viendrez le chercher.
120	corpus-6-test-corpus-26-test	FR	Je l'achèterais si j'étais vous.
122	corpus-6-train	FR	Deux cents dollars. Espèces ou carte de crédit?
125	corpus-6-train	FR	Combien de temps faut-il pour traverser?
128	corpus-6-train	FR	Dois-je éviter certains aliments pendant ce traitement?
129	corpus-6-test-corpus-26-train	FR	Est-ce que j'aurai des problèmes avec la douane?
130	corpus-6-test-corpus-26-train	FR	Avez-vous des chaussures habillées mais larges au niveau des orteils?
131	corpus-6-train	FR	Puis-je avoir du vin rouge, s'il vous plaît?
133	corpus-6-train	FR	Dites-moi quand nous arriverons au musée.
134	corpus-6-dev	FR	Cet autocar va-t-il à l'Hôtel Sheraton?
135	corpus-6-dev	FR	J'en ai pour combien?
136	corpus-6-dev	FR	Il fait un peu chaud. Puis-je ouvrir la fenêtre?
138	corpus-6-train	FR	Une douche sera parfaite.
139	corpus-6-dev	FR	J'ai les yeux injectés de sang.
140	corpus-6-test-corpus-26-train	FR	Non. Puis-je vous suggérer à la place une chambre avec deux lits. J'en ai une de disponible.
142	corpus-6-dev	FR	Je ne peux pas le garantir, mais nous ferons de notre mieux.
143	corpus-6-test-corpus-26-train	FR	Je voudrais une permanente serrée.
144	corpus-6-train	FR	On pouvait voir la mer au loin.
145	corpus-6-test-corpus-26-train	FR	Elle veut une bière.
146	corpus-6-train	FR	Vous avez besoin d'une opération.
147	corpus-6-train	FR	Encore des œufs, s'il vous plaît.
148	corpus-6-train	FR	Où se trouve l'arrêt de bus pour Central Park?
149	corpus-6-train	FR	Les taxis?
151	corpus-6-train	FR	Voici votre clé, Monsieur. Chambre cinq mille six cent douze.
153	corpus-6-train	FR	J'adore votre pull-over.
154	corpus-6-train	FR	Allez-y.
155	corpus-6-train	FR	Nous y sommes. Voici votre hôtel.
156	corpus-6-dev	FR	Quand se déroule le match de basket-ball?
157	corpus-6-test-corpus-26-train	FR	Bonjour. Comment allez-vous?
158	corpus-6-test-corpus-26-train	FR	Je dois vous demander une pièce d'identité.
159	corpus-6-train	FR	Qu'est-ce que vous en avez pensé?
160	corpus-6-train	FR	Certainement. Voulez-vous votre café avec votre dîner ou plus tard?
161	corpus-6-train	FR	Je prends le vol douze pour Tokyo.
162	corpus-6-train	FR	J'aimerais passer un appel longue distance, s'il vous plaît.
163	corpus-6-train	FR	Cinq mois.
168	corpus-6-train	FR	Quels jours de la semaine?
169	corpus-6-test-corpus-26-train	FR	Quel genre de tenue?
170	corpus-6-test-corpus-26-train	FR	C'est plutôt froid. Pouvez-vous le réchauffer?
172	corpus-6-train	FR	Je voudrais du gel coiffant.
173	corpus-6-test-corpus-26-test	FR	Désolé, cette place est déjà prise.
174	corpus-6-train	FR	Pouvons-nous voir le menu?
175	corpus-6-train	FR	Je fais une taille trente-six.
176	corpus-6-test-corpus-26-train	FR	Ça va, mais pourriez-vous appeler mon ami?
177	corpus-6-test-corpus-26-test	FR	Merci. Ce sera tout.
178	corpus-6-train	FR	Aucun taxi ne s'arrêtera si vous n'attendez pas à la station.
179	corpus-6-train	FR	Mon budget ne me permet pas une chambre de cinquante dollars la nuit.
180	corpus-6-train	FR	Pourriez-vous prendre une photo de nous deux?
181	corpus-6-train	FR	Quels sont les frais de service?
182	corpus-6-train	FR	Est-ce que le chiffre d'affaires en Amérique du Nord a augmenté de plus de cinq pour cent?
184	corpus-6-test-corpus-26-train	FR	Qui est votre meilleur ami?
186	corpus-6-train	FR	Savez-vous que l'un des meilleurs champions de sumo, une sorte de lutte traditionnelle japonaise, est américain?
187	corpus-6-test-corpus-26-train	FR	Le dix octobre, Journée des Sports et de la Santé, est un jour férié destinée à encourager une vie saine.
188	corpus-6-train	FR	C'est pour Wall Street?
189	corpus-6-train	FR	J'aimerais le louer du cinq au dix décembre.
191	corpus-6-train	FR	D'accord. Et vous, madame?
192	corpus-6-test-corpus-26-train	FR	Voulez-vous que je vérifie sous le capot?
195	corpus-6-train	FR	Du sucre?
196	corpus-6-train	FR	Puis-je régler par Master Card?
198	corpus-6-train	FR	Est-ce le bon endroit pour récupérer les bagages du NW neuf ou sept?
199	corpus-6-train	FR	Je vais prendre cette marque.
204	corpus-6-train	FR	Je suis si heureux d'avoir pu venir dans ce pays.
205	corpus-6-train	FR	Mon nom et mon adresse y sont indiqués.
206	corpus-6-test-corpus-26-train	FR	Pourriez-vous m'aider à trouver ma valise?
207	corpus-6-dev	FR	De quelle sorte de pierre s'agit-il?
208	corpus-6-train	FR	J'aimerais vous faire remarquer que notre gouvernement est intransigeant avec les boat people. Je n'ignore pas que le Japon est déjà bien trop surpeuplé pour laisser entrer ces invités indésirables, mais plusieurs de nos secteurs industriels ont quand même besoin de main-d'œuvre.
209	corpus-6-train	FR	De cette montagne, vous pouvez voir toute la ville. En cette saison, il y pousse toutes sortes de fleurs. Elles sont très belles.
213	corpus-6-train	FR	Suivez-moi.
217	corpus-6-train	FR	Veuillez lui dire que Yamada a appelé.
221	corpus-6-test-corpus-26-train	FR	Pourriez-vous prendre toutes les dispositions d'avance?
224	corpus-6-train	FR	D'accord, veuillez remplir ce formulaire. C'est seulement pour un sac?
225	corpus-6-train	FR	Que préférez-vous? Du bœuf, du poulet ou du poisson?
227	corpus-6-train	FR	Est-il possible de prendre des itinéraires différents pour l'aller et le retour?
228	corpus-6-train	FR	Y a-t-il un snack-bar ici?
229	corpus-6-dev	FR	Excusez-moi, Monsieur. J'aimerais visiter Boston.
232	corpus-6-train	FR	Avez-vous un menu en japonais?
235	corpus-6-train	FR	Il est treize heures cinq.
238	corpus-6-test-corpus-26-train	FR	On s'occupe de moi. Merci.
239	corpus-6-train	FR	Je voudrais un analgésique.
240	corpus-6-train	FR	Qui est votre actrice préférée?
241	corpus-6-train	FR	J'en voudrais un ovale.
242	corpus-6-train	FR	Quel genre de musique joue-t-on ici?
243	corpus-6-train	FR	Je n'aime pas la couleur. Vous pouvez m'en montrer une autre, s'il vous plaît.
246	corpus-6-train	FR	Veuillez m'emmener au marché du matin.
248	corpus-6-train	FR	La monture de mes lunettes est cassée.
250	corpus-6-train	FR	A partir de trois heures.
252	corpus-6-train	FR	Génial. J'ai un siège près de la fenêtre. Euh, si vous voulez changer de place tout à l'heure, mademoiselle.
255	corpus-6-train	FR	J'ai beaucoup aimé la visite de New York hier.
256	corpus-6-dev	FR	Le sac à main bleu en vitrine m'intéresse.
258	corpus-6-train	FR	En cas de problème, contactez le propriétaire.
259	corpus-6-train	FR	Faites-moi un shampooing et coiffez-moi comme maintenant, s'il vous plaît.
261	corpus-6-test-corpus-26-train	FR	Quand vous arriverez là-bas, demandez à quelqu'un d'autre, s'il vous plaît.
263	corpus-6-train	FR	Veuillez m'indiquer le chemin le plus court pour aller à San Francisco.
267	corpus-6-train	FR	Puis-je avoir la clé de la chambre deux cent quinze, s'il vous plaît?
268	corpus-6-train	FR	Excusez-moi. Pourriez-vous me prendre en photo, s'il vous plaît?
269	corpus-6-train	FR	Inscrivez simplement votre numéro de chambre et signez ici.
271	corpus-6-train	FR	J'aime bien la couleur mais ce n'est pas la bonne taille. Pourriez-vous la retoucher d'ici une heure?
272	corpus-6-train	FR	Ce jour-là, nous vous avons attendu.
274	corpus-6-train	FR	Nous en avons assez pour tenir pendant un ou deux jours.
275	corpus-6-train	FR	Je ne comprends pas.
277	corpus-6-train	FR	Comment puis-je retourner à mon point de départ?
278	corpus-6-train	FR	Est-ce que c'est détaxé?
279	corpus-6-train	FR	Eh bien, ils devront faire d'autres tours de batte pour se départager.
280	corpus-6-test-corpus-26-train	FR	Le poste vingt-quatre, s'il vous plaît.
281	corpus-6-train	FR	Pourriez-vous me l'épeler?
285	corpus-6-test-corpus-26-train	FR	Voici deux dollars. Gardez la monnaie.
286	corpus-6-train	FR	A quelle heure est le dîner?
287	corpus-6-train	FR	J'ai bien peur que ce soit trop pour moi.
288	corpus-6-train	FR	Où dois-je descendre pour aller à Union Square?
290	corpus-6-train	FR	Vous pouvez demander au guichet de location là-bas.
293	corpus-6-train	FR	Salut, Jean. Pourrais-tu emmener cela chez le teinturier?
296	corpus-6-train	FR	Je suis en vacances.
298	corpus-6-train	FR	Non. J'ai l'intention de visiter Paris à mon retour.
299	corpus-6-dev	FR	Est-ce que vous l'emportez ou devons-nous le faire suivre?
301	corpus-6-train	FR	Il y a eu un boom gastronomique ces derniers temps, n'est-ce pas?
302	corpus-6-train	FR	Ça fait bientôt six heures maintenant.
303	corpus-6-train	FR	Vol Delta Airlines numéro cent douze. L'embarquement est retardé.
304	corpus-6-train	FR	Avez-vous une chambre avec des lits jumeaux pour cette nuit?
305	corpus-6-train	FR	Pourriez-vous rédiger une déclaration de vol pour ma compagnie d'assurance, s'il vous plaît?
306	corpus-6-train	FR	Je ne suis pas doué pour les photos et je pense qu'un appareil automatique me conviendrait mieux.
307	corpus-6-train	FR	Est-ce le bon quai pour New York?
308	corpus-6-train	FR	Bonnes vacances.
312	corpus-6-train	FR	Donnez-moi de la gaze, s'il vous plaît.
313	corpus-6-train	FR	Je voudrais une pomme de terre au four avec de la crème fraîche, s'il vous plaît.
314	corpus-6-train	FR	Oui, toutes les dix minutes.
315	corpus-6-test-corpus-26-train	FR	Un hamburger et un cheeseburger, s'il vous plaît.
319	corpus-6-test-corpus-26-train	FR	Combien prenez-vous pour le développement?
320	corpus-6-test-corpus-26-train	FR	Nous aimerions payer chacun notre repas.
322	corpus-6-train	FR	Je pars demain matin.
323	corpus-6-train	FR	J'y vais aussi. Que diriez-vous de prendre un taxi ensemble?
324	corpus-6-train	FR	Asseyez-vous et mettez-vous à l'aise. Vous désirez quelque chose à boire? Du café, du thé ou un soda?
325	corpus-6-train	FR	C'est très gentil de votre part de dire ça.
326	corpus-6-test-corpus-26-train	FR	Il était sur une chaise dans le couloir.
327	corpus-6-train	FR	Du rôti de bœuf, s'il vous plaît.
329	corpus-6-dev	FR	Quand pourra-t-on avoir une table?
331	corpus-6-train	FR	Est-ce que je pourrais changer ma commande? J'aimerais de la sole au lieu des huîtres.
333	corpus-6-test-corpus-26-test	FR	Veuillez changer ces yens en livres.
336	corpus-6-train	FR	Qu'est-ce qu'une appendicectomie?
338	corpus-6-train	FR	Pourriez-vous me donner les reçus avec les détails du traitement médical?
346	corpus-6-test-corpus-26-train	FR	Je voudrais un dictionnaire de poche, s'il vous plaît.
349	corpus-6-train	FR	Eh bien, je ne sais pas.
350	corpus-6-train	FR	Félicitations, j'ai appris que vous êtes devenu vice-président.
351	corpus-6-train	FR	Après-demain dans la soirée.
352	corpus-6-train	FR	Je vis dans le sud du Japon.
353	corpus-6-train	FR	Un billet aller-retour pour Chicago, s'il vous plaît.
355	corpus-6-train	FR	Aimeriez-vous du bacon ou du jambon avec vos œufs?
358	corpus-6-train	FR	Pour étudier.
359	corpus-6-train	FR	Faites vite, s'il vous plaît.
360	corpus-6-test-corpus-26-train	FR	Pour deux personnes à dix-neuf heures, au nom de Watanabe.
364	corpus-6-train	FR	La climatisation ne marche pas.
365	corpus-6-train	FR	C'est comme ça tous les lundis.
366	corpus-6-train	FR	Veuillez vous diriger vers le hall des départs internationaux. Nous vous souhaitons un agréable vol.
367	corpus-6-train	FR	Proposez-vous des excursions à Paris en Eurostar?
368	corpus-6-test-corpus-26-train	FR	Ma montre. C'était une digitale Seiko.
369	corpus-6-train	FR	J'ai apporté du Japon le certificat médical de mon médecin.
370	corpus-6-test-corpus-26-train	FR	Nous nous ferons un plaisir de vous servir une boisson de votre choix, suivie du dîner. Vous trouverez la carte complète des boissons proposées sur ce vol dans le guide d'information de notre magazine.
373	corpus-6-test-corpus-26-test	FR	Vous habitez par ici?
374	corpus-6-train	FR	Pourriez-vous l'envoyer au Japon?
375	corpus-6-test-corpus-26-train	FR	Où se trouve la boutique de cadeaux?
379	corpus-6-train	FR	Puis-je vous recontacter vendredi pour vous donner la réponse?
380	corpus-6-train	FR	Et bien, laissez-moi vérifier les objets trouvés. De quel type d'appareil photo s'agit-il?
381	corpus-6-train	FR	Je suis vraiment désolé, nous préparons votre chambre.
383	corpus-6-train	FR	Oh, il indique les stations de métro et les arrêts de bus. Est-ce que je peux le garder?
384	corpus-6-train	FR	Ah, Shibazuke me manque.
386	corpus-6-test-corpus-26-test	FR	Je suis sur l'autoroute numéro un, près de Morro Bay.
389	corpus-6-train	FR	Oui, c'est possible. Un cours d'une demi-journée ou d'une journée complète.
390	corpus-6-train	FR	Je vous conseillerais une paire de boucles d'oreille.
391	corpus-6-test-corpus-26-train	FR	Je voudrais un réveil, s'il vous plaît.
392	corpus-6-train	FR	Je voudrais annuler ma réservation, s'il vous plaît.
394	corpus-6-train	FR	Quel est votre procédure de remboursement?
397	corpus-6-train	FR	Les lumières ne marchent pas.
398	corpus-6-test-corpus-26-dev	FR	Au fait, je m'appelle Hiroshi Iijima.
400	corpus-6-train	FR	Quel est le décalage horaire entre Tokyo et ici?
401	corpus-6-test-corpus-26-dev	FR	Ce train s'arrête à Lake Forest, n'est-ce pas?
403	corpus-6-train	FR	Combien ça fait en tout?
404	corpus-6-train	FR	Merci, Monsieur.
405	corpus-6-train	FR	Allez tout droit et tournez à droite à la troisième rue.
407	corpus-6-train	FR	J'ai des douleurs aiguës à l'estomac.
408	corpus-6-test-corpus-26-train	FR	La plupart des Japonais mangent de la pieuvre et du calamar.
411	corpus-6-train	FR	Vous avez vu ça?
412	corpus-6-train	FR	C'est un cadeau. Pourriez-vous me faire un emballage-cadeau, s'il vous plaît?
414	corpus-6-train	FR	Bonjour, Mme Kent. Ça fait longtemps que je ne vous ai vue.
416	corpus-6-test-corpus-26-train	FR	Puis-je avoir des billets de deuxième classe pour Chicago, s'il vous plaît?
417	corpus-6-train	FR	Je vous en prie.
419	corpus-6-test-corpus-26-train	FR	Je suis allé à New York.
422	corpus-6-train	FR	J'aimerais changer ma réservation pour le vol deux zéro cinq du deux octobre.
423	corpus-6-test-corpus-26-train	FR	Quel est le numéro du vol?
426	corpus-6-train	FR	Où se trouve le comptoir d'enregistrement de Delta?
427	corpus-6-train	FR	Est-ce un repas contenant peu de sel?
429	corpus-6-train	FR	Cet objet n'est pas autorisé.
431	corpus-6-train	FR	Je crois que c'est possible. Voici votre récépissé.
432	corpus-6-train	FR	Qu'est-ce que vous enlevez en dernier avant de vous coucher?
437	corpus-6-train	FR	Non, je vais le prendre pendant mon séjour.
438	corpus-6-train	FR	Résiste-t-il à la décoloration?
439	corpus-6-train	FR	Est-ce une spécialité de cette région?
440	corpus-6-train	FR	Je voudrais des biscuits.
442	corpus-6-test-corpus-26-test	FR	Une personne pour New York, s'il vous plaît.
446	corpus-6-test-corpus-26-train	FR	Pendant quelques jours.
447	corpus-6-test-corpus-26-train	FR	La seconde sur la gauche.
448	corpus-6-train	FR	Ils sont trop petits.
452	corpus-6-train	FR	Est-ce que les excursions sont difficiles?
454	corpus-6-dev	FR	Je voudrais une place près de la fenêtre, s'il vous plaît.
456	corpus-6-train	FR	Est-ce que je peux monter avec une carte Eurailpass?
457	corpus-6-train	FR	Combien de temps faut-il pour aller au Japon?
458	corpus-6-train	FR	Avez-vous des cartes routières?
459	corpus-6-train	FR	Oh, oui. J'ai lu quelque chose sur lui dans le guide.
461	corpus-6-train	FR	J'ai commandé trois tasses de thé, mais nous n'en avons que deux.
462	corpus-6-train	FR	Les appareils électriques sont très bon marché, mais les repas et l'hébergement sont extrêmement chers.
463	corpus-6-train	FR	A emporter.
465	corpus-6-train	FR	D'habitude je prends une taille quarante-deux au Japon.
466	corpus-6-train	FR	Quels sont les horaires d'ouverture du Musée de l'Art?
470	corpus-6-train	FR	Où dois-je payer?
471	corpus-6-test-corpus-26-dev	FR	Cette carte, d'accord?
475	corpus-6-train	FR	C'est votre premier voyage à l'étranger?
477	corpus-6-train	FR	Quel est le cours pour les débutants?
479	corpus-6-train	FR	Les fruits ne manquent pas de variété dans ce pays.
480	corpus-6-dev	FR	J'aimerais enregistrer cette valise.
482	corpus-6-train	FR	Y a-t-il un restaurant au chalet sur cette piste?
483	corpus-6-train	FR	Excusez-moi, je me suis enfermé à l'extérieur. Puis-je avoir une autre clé, s'il vous plaît?
485	corpus-6-train	FR	Echangez ces dollars américains contre des yens japonais, s'il vous plaît.
487	corpus-6-dev	FR	C'est dur de dire au revoir.
488	corpus-6-test-corpus-26-train	FR	La réception? Y a-t-il une clinique près d'ici?
489	corpus-6-train	FR	Excusez-moi. Puis-je vous demander le nom de ce plat? Il a l'air délicieux.
490	corpus-6-train	FR	Ils pincent.
492	corpus-6-train	FR	A quelle porte dois-je ensuite me rendre?
493	corpus-6-test-corpus-26-train	FR	Est-ce que dix dollars suffiront pour le taxi?
495	corpus-6-train	FR	J'ai trouvé l'interprétation excellente et l'intrigue captivante.
496	corpus-6-train	FR	Eh bien, merci beaucoup.
497	corpus-6-train	FR	Je ne suis pas satisfait de cette chambre. Pouvez-vous m'en montrer une autre?
498	corpus-6-train	FR	C'est le dernier cri cet été.
499	corpus-6-train	FR	Emmenez-moi au centre ville, s'il vous plaît.
502	corpus-6-train	FR	Pourrais-je louer une voiture?
503	corpus-6-test-corpus-26-train	FR	Le goût est bizarre.
505	corpus-6-train	FR	Veuillez le réparer pendant mon absence.
507	corpus-6-train	FR	Servez-vous des amuse-gueules?
508	corpus-6-train	FR	Veuillez parler lentement.
509	corpus-6-train	FR	J'arrive avec une heure de retard.
511	corpus-6-train	FR	Je m'appelle Ken.
512	corpus-6-test-corpus-26-train	FR	Oui. Attendez, je vous en apporte.
513	corpus-6-train	FR	Garçon.
514	corpus-6-train	FR	Est-ce qu'il a plu toute la semaine?
516	corpus-6-test-corpus-26-train	FR	Une demi-bouteille, s'il vous plaît.
517	corpus-6-train	FR	Est-ce qu'ils proposent des spectacles en direct?
523	corpus-6-train	FR	Pourrais-je voir cet attaché-case?
524	corpus-6-train	FR	Avez-vous autre chose?
525	corpus-6-train	FR	Vous avez besoin de vous reposer.
528	corpus-6-train	FR	Veuillez remplir cette carte de débarquement et cette déclaration de douane.
530	corpus-6-train	FR	Cette voiture va-t-elle à Seattle?
531	corpus-6-train	FR	Est-ce que je paie une partie du prix maintenant?
532	corpus-6-train	FR	C'est naturel ou artificiel?
533	corpus-6-train	FR	Est-ce que vous pouvez m'attendre ici?
535	corpus-6-train	FR	Oh, merci. J'étais justement en train de le chercher.
538	corpus-6-train	FR	Vous payez comptant ou je le mets sur votre compte?
539	corpus-6-train	FR	Cet endroit m'est complètement étranger.
540	corpus-6-test-corpus-26-train	FR	Pas vraiment. Juste quelque chose de pas cher.
541	corpus-6-dev	FR	Est-ce que c'est lavable en machine ou à la main à la maison?
542	corpus-6-dev	FR	Je voudrais une boîte d'aquarelles, s'il vous plaît.
543	corpus-6-train	FR	Je suis désolé. Que vouliez-vous?
544	corpus-6-train	FR	Je voudrais changer la date pour le quinze mai.
545	corpus-6-train	FR	Veuillez signer ici et voici votre reçu pour vos dépenses.
546	corpus-6-train	FR	Je voudrais des bas.
547	corpus-6-train	FR	J'aimerais de l'agneau.
548	corpus-6-test-corpus-26-train	FR	Cherchez-vous quelque chose en particulier?
549	corpus-6-train	FR	Je veux aller à Penn Station. Quel bus dois-je prendre?
551	corpus-6-test-corpus-26-train	FR	Quatre nuits.
553	corpus-6-test-corpus-26-train	FR	J'ai besoin de chaussettes.
556	corpus-6-train	FR	Il y a très peu de calories. Seulement trente.
557	corpus-6-train	FR	Je voudrais réserver une chambre.
558	corpus-6-train	FR	D'où êtes-vous au Japon?
560	corpus-6-train	FR	Malheureusement, il est très occupé ce jour-là.
561	corpus-6-dev	FR	Dans ce cas, je vous recommande celui-ci.
563	corpus-6-train	FR	Service à l'étage.
564	corpus-6-train	FR	Votre attention, s'il vous plaît.
565	corpus-6-test-corpus-26-train	FR	Pourriez-vous nous faire un prix parce qu'il y a des taches?
567	corpus-6-train	FR	Avez-vous des timbres commémoratifs?
568	corpus-6-train	FR	Ici la chambre trois cent dix-sept. Pourrais-je avoir une autre couverture?
569	corpus-6-train	FR	Pourriez-vous m'emmener à la gare en quinze minutes?
570	corpus-6-train	FR	Nous avons besoin d'une caution pour la voiture.
571	corpus-6-test-corpus-26-train	FR	Un homme m'a bousculé. J'ai ensuite remarqué que mon portefeuille avait disparu.
572	corpus-6-train	FR	Aucune chambre simple n'est disponible mais nous avons une chambre double.
573	corpus-6-train	FR	Ce billet n'est-il valable que pour le jour mentionné?
575	corpus-6-train	FR	A quelle heure arrive-t-il à Milan?
576	corpus-6-train	FR	Est-ce que quelqu'un parle japonais?
577	corpus-6-train	FR	Sur quelle chaîne passe la musique pop?
579	corpus-6-train	FR	Delta Airlines.
580	corpus-6-train	FR	Je voudrais du café.
581	corpus-6-train	FR	Est-ce qu'il y a une baignoire et des toilettes?
582	corpus-6-train	FR	C'est l'heure.
584	corpus-6-train	FR	J'ai entendu dire que M. Yamada avait deux enfants.
586	corpus-6-train	FR	J'aimerais louer un voilier.
588	corpus-6-train	FR	Pouvez-vous faire la vaisselle plus tard?
589	corpus-6-train	FR	Je voudrais une cuisinière à gaz.
591	corpus-6-train	FR	Pouvez-vous échanger ces dollars américains contre des livres sterling?
594	corpus-6-train	FR	Certainement, Monsieur. Votre nom?
596	corpus-6-train	FR	Je n'ai pas une tenue habillée.
597	corpus-6-train	FR	N'hésitez pas à venir la prochaine fois.
599	corpus-6-test-corpus-26-train	FR	Je ne suis pas sûr d'avoir pris assez de vêtements pour un voyage de trois semaines.
600	corpus-6-train	FR	Deux dollars pièce.
604	corpus-6-train	FR	Les brochures vous seront envoyées sans faute par courrier.
605	corpus-6-train	FR	Il y a quelque chose qui ne va pas avec les feux de stop.
607	corpus-6-train	FR	Veuillez me montrer vos gants en cuir.
608	corpus-6-train	FR	La voiture est tombée en panne. Envoyez quelqu'un la chercher, s'il vous plaît.
609	corpus-6-train	FR	Pourriez-vous recommander un livre d'images pour un enfant de six ans?
610	corpus-6-dev	FR	Pourriez-vous garder mes effets de valeur, s'il vous plaît?
611	corpus-6-train	FR	Salut, Harry. Merci de nous avoir invités.
612	corpus-6-test-corpus-26-train	FR	Et bien, nous aimerions essayer un vin blanc.
614	corpus-6-train	FR	Pour leurs rendez-vous, ils vont au cinéma.
616	corpus-6-train	FR	J'avais environ cent dollars dedans.
619	corpus-6-train	FR	C'est ma faute.
621	corpus-6-train	FR	Je voudrais des pinces à linge.
623	corpus-6-train	FR	Vous avez des CD importés?
625	corpus-6-train	FR	Je vais étudier la conversation anglaise.
627	corpus-6-train	FR	Avez-vous lu de bons livres ces derniers temps?
629	corpus-6-train	FR	Je logerai chez un ami à New York.
631	corpus-6-test-corpus-26-train	FR	Si quelqu'un me demande, dites que je suis au café.
632	corpus-6-test-corpus-26-train	FR	Je suis sûr que je l'avais mis dans la poche intérieure de mon manteau.
633	corpus-6-train	FR	Est-ce qu'il y a un endroit où je peux laisser mes bagages?
634	corpus-6-train	FR	Je suis venu ici pour affaires.
636	corpus-6-train	FR	Connaissez-vous une bonne école de plongée?
637	corpus-6-train	FR	Quelle est le prix TTC?
638	corpus-6-train	FR	Donnez-moi des mouchoirs.
639	corpus-6-train	FR	Les voisins d'à côté sont trop bruyants.
640	corpus-6-train	FR	Et bien, le Dr. Krebs ne reçoit personne sans rendez-vous.
641	corpus-6-test-corpus-26-test	FR	Puis-je avoir le nom et le numéro de la personne que vous voulez appeler?
642	corpus-6-train	FR	C'est un cadeau?
643	corpus-6-test-corpus-26-train	FR	La compagnie aérienne va-t-elle me payer l'achat d'effets personnels?
645	corpus-6-train	FR	Vous allez au Grand Hotel?
646	corpus-6-train	FR	Il n'y a personne de ce nom ici.
647	corpus-6-train	FR	Où est le policier, s'il vous plaît?
648	corpus-6-train	FR	Puis-je emprunter du scotch?
650	corpus-6-test-corpus-26-train	FR	Je voudrais une chambre avec baignoire.
652	corpus-6-test-corpus-26-dev	FR	Rien n'est sorti de la machine?
653	corpus-6-train	FR	C'est garanti?
655	corpus-6-train	FR	Quel est votre diagnostic?
656	corpus-6-train	FR	C'est au bout du couloir au septième étage. Prenez l'ascenseur sur votre droite, s'il vous plaît.
659	corpus-6-train	FR	Nous sommes à la gare Jones Street.
660	corpus-6-train	FR	Je ne pense jamais à aller aux concerts de musique classique lorsque je suis au Japon.
666	corpus-6-train	FR	Pourriez-vous m'expliquer ce plat?
667	corpus-6-test-corpus-26-test	FR	Vous étiez censé prendre le vol huit cent vingt qui a décollé il y a quinze minutes. D'accord. Je peux vous trouver un autre vol.
668	corpus-6-train	FR	Voilà. Vos places se trouvent par ici.
670	corpus-6-train	FR	Il est en voyage d'affaires jusqu'à vendredi prochain.
671	corpus-6-train	FR	Ma femme et moi sommes très heureux de vous accueillir ce week-end pour vous faire découvrir la vie américaine à la campagne.
672	corpus-6-train	FR	C'est la prochaine à droite.
673	corpus-6-test-corpus-26-train	FR	Quelqu'un a ouvert mon colis.
674	corpus-6-train	FR	Oui, s'il vous plaît. Je m'appelle Kurosawa. Jusqu'à quand pouvez-vous retenir mon billet?
676	corpus-6-train	FR	Où puis-je acheter un ticket d'ascenseur?
677	corpus-6-train	FR	C'est six cents dollars par mois, plus un mois pour les arrhes et un autre mois de commission pour notre agence.
678	corpus-6-train	FR	Préférez-vous un manteau croisé ou droit?
679	corpus-6-test-corpus-26-test	FR	Oh, ce n'est rien. Tant que vous êtes là.
680	corpus-6-test-corpus-26-train	FR	Japan Airlines, vol numéro un, deux, trois.
681	corpus-6-test-corpus-26-train	FR	Il faut que j'achète du shampooing.
683	corpus-6-test-corpus-26-train	FR	Pourriez-vous me dire quand nous arriverons au Centre Civique?
684	corpus-6-train	FR	Je reviens avec la monnaie.
685	corpus-6-train	FR	Non.
686	corpus-6-train	FR	C'est une belle poterie. Cette assiette coûte trente dollars?
687	corpus-6-train	FR	Avez-vous une veste élégante dans les cents dollars?
688	corpus-6-test-corpus-26-train	FR	Où se trouve le boucher le plus proche?
690	corpus-6-train	FR	D'accord. Avez-vous des réactions secondaires ou des allergies?
691	corpus-6-dev	FR	A mon avis, vous avez attrapé une espèce d'infection.
692	corpus-6-train	FR	Puis-je avoir un reçu, s'il vous plaît?
693	corpus-6-train	FR	Nous sommes trois.
694	corpus-6-train	FR	Je vois. Vous rappelez-vous de la somme que vous avez payée pour votre billet?
695	corpus-6-train	FR	Que diriez-vous de m'accompagner pour prendre un verre?
696	corpus-6-train	FR	Quel est mon numéro de chambre?
698	corpus-6-dev	FR	Puis-je avoir des places au balcon pour ce soir?
699	corpus-6-train	FR	Je me suis enfermé à l'extérieur de ma chambre.
700	corpus-6-train	FR	Le montant comprend-il les taxes?
701	corpus-6-train	FR	Excusez-moi. Pourriez-vous m'indiquer le chemin de la gare, s'il vous plaît?
702	corpus-6-dev	FR	A quelle heure ouvre la poste?
703	corpus-6-test-corpus-26-train	FR	Nous aimerions rester quatre nuits à partir du premier août.
704	corpus-6-train	FR	Comme ce sac est en vinyle, il est très résistant et son design est très tendance comme vous pouvez le constater.
705	corpus-6-train	FR	C'est délicieux, mais ça me suffit. Merci.
706	corpus-6-train	FR	On m'a volé mon portefeuille dans le métro.
707	corpus-6-train	FR	Je dois aller à l'ambassade du Japon.
708	corpus-6-test-corpus-26-train	FR	Quel est le nom de cette fleur?
709	corpus-6-train	FR	Vous ne pouvez pas me faire un prix?
710	corpus-6-train	FR	C'est pour Chicago?
713	corpus-6-train	FR	Veuillez encaisser ce chèque de voyage.
715	corpus-6-train	FR	J'ai de la fièvre depuis avant-hier. J'ai très mal à la gorge. Je ne peux rien avaler.
717	corpus-6-train	FR	C'est ici, sur le mur, et le réglage de la climatisation se trouve ici. Avez-vous besoin d'autre chose, Monsieur?
719	corpus-6-test-corpus-26-train	FR	Le quinze septembre est le Jour de Respect des Personnes Agées.
722	corpus-6-train	FR	Est-ce que je vais arriver à temps si je pars maintenant?
723	corpus-6-test-corpus-26-train	FR	Il n'y a pas de savon dans ma chambre.
724	corpus-6-train	FR	D'accord. Mais j'espère que ce ne sera pas trop long.
726	corpus-6-train	FR	Pouvez-vous me remplir le formulaire?
728	corpus-6-train	FR	J'ai acheté ce sac il y a un quelque temps mais la fermeture éclair était cassée.
730	corpus-6-train	FR	Vous suivez?
731	corpus-6-train	FR	Soyez de retour au bus à trois heures.
732	corpus-6-train	FR	Des millions de personnes visitent les célèbres lieux de pèlerinage au cours du premier culte de l'année.
735	corpus-6-train	FR	Si c'est possible, j'aimerais une table près de la fenêtre.
736	corpus-6-train	FR	Je ne dois pas prendre de boissons contenant du sel.
738	corpus-6-train	FR	Je voudrais une place côté couloir, s'il vous plaît.
739	corpus-6-train	FR	Veuillez me donner un devis.
740	corpus-6-train	FR	Ça va, merci.
741	corpus-6-test-corpus-26-dev	FR	Qu'est-ce que je pourrais prendre pour ces rougeurs?
742	corpus-6-test-corpus-26-train	FR	Pouvez-vous modifier la formulation et la remplacer par ce que vous venez de dire?
743	corpus-6-train	FR	A quelle heure devons-nous vous l'amener?
747	corpus-6-train	FR	Je suis désolé mais cet article est épuisé.
750	corpus-6-train	FR	J'aimerais expédier cette carte postale au Japon.
752	corpus-6-dev	FR	Merci. Voici la clé de votre chambre. Le porteur va apporter vos bagages.
755	corpus-6-dev	FR	Veuillez garder mes bagages, s'il vous plaît.
756	corpus-6-train	FR	J'aimerais louer une voiture quatre portes de taille moyenne.
758	corpus-6-train	FR	Où puis-je acheter des poteries?
759	corpus-6-train	FR	Ma chemise est pleine de transpiration.
761	corpus-6-test-corpus-26-test	FR	Combien de temps faut-il pour commander?
763	corpus-6-train	FR	Combien de yens avez-vous Monsieur?
764	corpus-6-train	FR	Bonjour, j'ai une réservation.
765	corpus-6-train	FR	Passez-moi le sel et le poivre, s'il vous plaît.
766	corpus-6-train	FR	J'ai fait une réservation du bureau de Tokyo. Je serai un peu en retard ce soir pour l'enregistrement.
767	corpus-6-train	FR	Faisons vite les courses.
768	corpus-6-train	FR	Lors de l'enregistrement, j'ai demandé une place non fumeur mais c'est une place fumeur.
769	corpus-6-train	FR	Allons boire un verre.
770	corpus-6-train	FR	Je vous suggère ce poisson, un vivaneau.
773	corpus-6-test-corpus-26-train	FR	Pourriez-vous parler un peu plus fort, s'il vous plaît?
774	corpus-6-train	FR	Je ne peux pas le faire, mais j'en parlerai pour vous.
775	corpus-6-train	FR	Y a-t-il un endroit et une heure déterminés?
776	corpus-6-train	FR	Merci beaucoup. J'aimerais vraiment mais j'ai déjà rendez-vous.
777	corpus-6-test-corpus-26-train	FR	Dans combien de temps va-t-il sortir?
778	corpus-6-train	FR	Le football fait fureur dans les lycées américains.
779	corpus-6-train	FR	Je vais vous donner un analgésique.
780	corpus-6-train	FR	Pourriez-vous me prévenir quand le train sera sur le point d'arriver à Oxford? J'ai peur de manquer l'arrêt.
781	corpus-6-train	FR	Oh, Bill. Je t'aime bien mais c'est tout.
782	corpus-6-train	FR	Vous me faites payer beaucoup trop cher.
783	corpus-6-train	FR	J'aimerais m'assurer de l'heure de départ.
785	corpus-6-dev	FR	Je ne pense pas pouvoir vous être d'une grande utilité.
786	corpus-6-test-corpus-26-train	FR	Où sont les informations sportives?
787	corpus-6-test-corpus-26-train	FR	Cette taille-ci, celle que vous appelez classique, fera l'affaire.
789	corpus-6-train	FR	Tout compris?
790	corpus-6-train	FR	Traversez la rue là-bas et allez tout droit jusqu'à la seconde intersection. L'hôtel K se trouve juste de l'autre côté.
791	corpus-6-train	FR	Je veux quelque chose pour la gueule de bois.
792	corpus-6-train	FR	Allégé en matières grasses? Pas question. Vous plaisantez?
793	corpus-6-test-corpus-26-test	FR	Où et quand se terminera l'excursion?
794	corpus-6-train	FR	Et bien, je ne suis pas sûr d'être intéressé.
796	corpus-6-train	FR	Veuillez poster cette lettre à l'aéroport.
797	corpus-6-train	FR	Je voudrais quelque chose pour la constipation.
801	corpus-6-train	FR	Les cerisiers fleurissent au printemps.
802	corpus-6-dev	FR	Pourriez-vous lui demander d'arrêter de fumer, là-bas?
804	corpus-6-train	FR	Je vais le rappeler.
810	corpus-6-train	FR	Je vais loger chez mon ami à Los Angeles.
811	corpus-6-train	FR	Pourriez-vous m'apporter de la crème pour mon café?
812	corpus-6-train	FR	Cet article est épuisé.
813	corpus-6-train	FR	Est-ce que j'ai besoin d'un billet express?
814	corpus-6-train	FR	Voici mon numéro de téléphone et mon e-mail.
816	corpus-6-train	FR	Cette église est de quelle époque?
817	corpus-6-train	FR	Pourriez-vous m'obtenir un billet pour l'opéra?
820	corpus-6-train	FR	Avez-vous des bus touristiques pour visiter la ville?
821	corpus-6-train	FR	Je suis désolé. Je ne suis pas d'ici non plus.
823	corpus-6-train	FR	Si vous voulez m'emprunter des livres, n'hésitez pas. Ça me fait plaisir de les prêter à des amis.
825	corpus-6-train	FR	Et la décoration? Est-ce que vous refaites les peintures lorsqu'un nouveau locataire emménage?
827	corpus-6-dev	FR	Je souhaiterais faire du travail humanitaire.
830	corpus-6-train	FR	Combien de détaxe vais-je obtenir?
831	corpus-6-train	FR	Je ne le trouve pas.
832	corpus-6-train	FR	Puis-je avoir une purée de pommes de terres sans sauce?
836	corpus-6-train	FR	Je peux vous proposer une Mustang de sept ans avec kilométrage illimité pour cinquante dollars par semaine.
837	corpus-6-train	FR	Oh, oui. Voilà.
838	corpus-6-train	FR	Quand je reviendrai aux Etats-Unis, j'aimerais bien revenir ici.
841	corpus-6-dev	FR	J'ai complètement recouvré la santé.
844	corpus-6-train	FR	Quel est le plat du jour?
846	corpus-6-train	FR	Est-ce que c'est clair?
847	corpus-6-train	FR	On m'a volé mon portefeuille.
848	corpus-6-test-corpus-26-train	FR	Où dois-je changer de train pour me rendre à Edimbourg?
850	corpus-6-train	FR	La porte ne s'ouvre pas avec cette clé.
851	corpus-6-train	FR	Je le voudrais à l'étuvée.
853	corpus-6-train	FR	Allons-nous nous offrir le luxe du restaurant première classe?
854	corpus-6-train	FR	Comme c'est gentil. Vous devez attendre avec impatience de les revoir.
855	corpus-6-test-corpus-26-train	FR	J'aimerais déposer cela dans un coffre-fort.
856	corpus-6-train	FR	Quelle est la meilleure excursion pour visiter les musées?
857	corpus-6-train	FR	Veuillez appeler un porteur.
859	corpus-6-test-corpus-26-train	FR	Où puis-je échanger mon argent?
860	corpus-6-train	FR	Je ne sais plus quoi dire.
861	corpus-6-train	FR	Pouvez-vous, s'il vous plaît, le réparer et l'envoyer au Japon?
863	corpus-6-train	FR	Bien.
864	corpus-6-train	FR	Je voudrais déclarer un vol.
866	corpus-6-train	FR	Est-ce que je peux l'essayer?
868	corpus-6-train	FR	Je n'arrive toujours pas à trouver l'un des bagages que j'ai enregistrés à l'aéroport de Narita.
869	corpus-6-train	FR	Je crois que oui. Une coupe, s'il vous plaît.
870	corpus-6-train	FR	Quelle sorte de traitement suivez-vous?
872	corpus-6-train	FR	Un repas léger, s'il vous plaît.
873	corpus-6-train	FR	J'avais environ deux cents dollars en liquide et une carte visa.
875	corpus-6-train	FR	Alors, vous êtes chauffeur de taxi depuis longtemps?
877	corpus-6-train	FR	De sept à neuf heures, au restaurant du deuxième étage.
878	corpus-6-train	FR	Je vais séjourner au Holiday Inn Downtown jusqu'au cinq mai.
880	corpus-6-train	FR	Comment se préparent-ils pour réussir l'examen?
881	corpus-6-train	FR	Vous y êtes presque.
883	corpus-6-train	FR	Tous les passagers doivent rester assis.
884	corpus-6-train	FR	Quel bus dois-je prendre pour me rendre au Monument Washington?
885	corpus-6-train	FR	Je m'appelle Akiko Tanaka.
888	corpus-6-train	FR	Le Temple Horyuji, qui est le plus ancien bâtiment en bois du monde, mérite bien une visite.
889	corpus-6-train	FR	Je vois. Et bien, merci d'avoir pris autant de temps. Pourrais-je avoir deux hot dogs?
891	corpus-6-train	FR	J'en suis heureux. Oh, c'est l'annonce de mon vol.
893	corpus-6-train	FR	Ouais. N'importe quand. Ils sont tous les bienvenus ici.
895	corpus-6-train	FR	Je dois souscrire à une assurance.
897	corpus-6-test-corpus-26-train	FR	Est-ce que nous pouvons laisser nos affaires dans le bus, sauf nos objets de valeur?
898	corpus-6-train	FR	Qu'est-ce c'est JR?
899	corpus-6-train	FR	Divisez-la en deux plus petites factures, voulez-vous?
902	corpus-6-test-corpus-26-train	FR	Je me demande à quoi correspondent ces frais.
903	corpus-6-train	FR	Aimeriez-vous aller en discothèque?
905	corpus-6-train	FR	Veuillez me donner le nom d'un restaurant sympathique où les prix sont raisonnables?
906	corpus-6-train	FR	Quand a lieu le tournoi de golf?
907	corpus-6-train	FR	Après le dîner, avec le dessert, s'il vous plaît.
909	corpus-6-train	FR	Veuillez m'apporter un sèche-cheveux.
910	corpus-6-dev	FR	Pourriez-vous me donner de l'eau, s'il vous plaît? J'ai très soif.
912	corpus-6-train	FR	Nous n'avons pas très faim.
914	corpus-6-train	FR	Montrez-moi des chaussures marron.
915	corpus-6-train	FR	Où et quand part-il?
917	corpus-6-test-corpus-26-train	FR	Je paierai cinquante dollars.
918	corpus-6-train	FR	Veuillez garder ces bagages jusqu'à dix-sept heures, s'il vous plaît. Puis-je avoir la facture?
923	corpus-6-train	FR	J'ai une bouteille de whisky.
924	corpus-6-train	FR	Je viendrai vous voir vendredi à dix heures.
928	corpus-6-train	FR	Est-ce que mon repas est prêt?
929	corpus-6-train	FR	J'aimerais réserver une partie de golf.
930	corpus-6-train	FR	Quelles pièces sont acceptées dans ce distributeur?
931	corpus-6-train	FR	Je voudrais une boisson gazeuse au gingembre.
933	corpus-6-train	FR	Je voudrais des aliments pour bébé.
934	corpus-6-train	FR	Sans pickles.
937	corpus-6-train	FR	Ce nylon de soirée?
941	corpus-6-test-corpus-26-train	FR	Maintenant je sais ce qui n'allait pas.
944	corpus-6-train	FR	Les réservations, s'il vous plaît.
947	corpus-6-train	FR	Je voudrais un ruban de machine à écrire, s'il vous plaît.
948	corpus-6-train	FR	Veuillez ouvrir la porte avec un double de la clé.
950	corpus-6-train	FR	Je voudrais une autre tasse de café.
951	corpus-6-train	FR	Je voudrais un hamburger à emporter.
954	corpus-6-train	FR	Pouvez-vous lui demander de rappeler?
955	corpus-6-train	FR	Il y a un wagon-restaurant et un café dans le train.
956	corpus-6-train	FR	Ma chambre n'a pas été faite.
957	corpus-6-test-corpus-26-dev	FR	C'est Ikeda à l'appareil. J'ai réservé une table pour ce soir à dix-huit heures trente. Je suis désolé mais j'arriverai avec une demi-heure de retard.
958	corpus-6-train	FR	Vous pouvez prendre le bus à l'arrêt numéro cinq.
962	corpus-6-train	FR	Merci infiniment. Gardez la monnaie.
963	corpus-6-train	FR	Trente-huit dollars et cinquante cents par jour avec un kilométrage illimité. L'essence n'est pas comprise.
964	corpus-6-train	FR	Avez-vous mis un timbre sur la carte postale?
965	corpus-6-train	FR	Trois nuits.
967	corpus-6-train	FR	Il va à Edimbourg?
968	corpus-6-train	FR	Quand voudriez-vous partir?
969	corpus-6-train	FR	Est-ce que j'ai une correspondance à faire?
972	corpus-6-train	FR	Il n'y a pas de serviettes.
973	corpus-6-train	FR	Ça ne vous dérange pas si quelqu'un le prend à ma place?
974	corpus-6-train	FR	Est-ce que c'est là où vous voulez en venir?
978	corpus-6-train	FR	Oh, vous êtes passé devant. Veuillez revenir en arrière.
979	corpus-6-train	FR	Je crois que c'est une coutume japonaise unique.
981	corpus-6-train	FR	Faites un emballage-cadeau individuel et ajoutez un ruban sur chacun d'eux, s'il vous plaît.
983	corpus-6-train	FR	Voyons voir. Oui, le déjeuner du jour est servi rapidement.
985	corpus-6-train	FR	Pouvez-vous le diviser en quatre?
987	corpus-6-train	FR	En blanc, s'il vous plaît.
989	corpus-6-dev	FR	Je vais prendre deux portions de nouilles morisoba.
991	corpus-6-train	FR	Oui, il y a une chambre de disponible. Combien de personnes êtes-vous?
993	corpus-6-train	FR	Y a-t-il un bureau de change par ici?
994	corpus-6-train	FR	Je m'appelle Takeshi. Et vous?
995	corpus-6-train	FR	Utilisez-le une fois par semaine. Appliquez une fine couche après vous être lavé le visage en évitant les yeux et la racine des cheveux.
996	corpus-6-dev	FR	Je me suis coupé avec du verre ici.
997	corpus-6-dev	FR	J'aurais dû le demander à l'entraîneur mais pouvez-vous m'indiquer la meilleure machine pour exercer les muscles du dos?
998	corpus-6-train	FR	Arrêtez-vous de ce côté au prochain croisement, s'il vous plaît.
1002	corpus-6-train	FR	Je voudrais du lait, s'il vous plaît.
1003	corpus-6-test-corpus-26-train	FR	Quelle quantité de parfum puis-je acheter en produits hors taxe?
1007	corpus-6-test-corpus-26-train	FR	Pour le tourisme.
1008	corpus-6-dev	FR	Opérateur.
1010	corpus-6-test-corpus-26-train	FR	C'est parfait, veuillez les signer. Comment les voulez-vous?
1011	corpus-6-dev	FR	Je crois que nous nous sommes trompés de gare.
1014	corpus-6-train	FR	Je comprends. S'il vous plaît, puis-je avoir le numéro de votre carte de crédit ainsi que la date d'expiration pour enregistrer à votre réservation?
1016	corpus-6-train	FR	Pourriez-vous appuyer sur le bouton arrêt?
1019	corpus-6-train	FR	J'ai acheté ce pantalon hier mais il ne me va pas.
1020	corpus-6-train	FR	Est-ce qu'il va rétrécir?
1021	corpus-6-train	FR	Pourriez-vous me dire l'heure?
1022	corpus-6-train	FR	J'ai laissé mon carnet ici la nuit dernière.
1023	corpus-6-test-corpus-26-test	FR	Avez-vous encore des places pour la représentation de ce soir?
1024	corpus-6-dev	FR	Vous rappelez-vous du numéro de la plaque minéralogique de la voiture?
1025	corpus-6-train	FR	Combien coûte cette robe?
1026	corpus-6-train	FR	Je ne comprends pas du tout l'allemand.
1027	corpus-6-train	FR	J'appelle le directeur.
1029	corpus-6-train	FR	Oh, je suis désolé. Je vous apporte votre commande aussi vite que possible.
1030	corpus-6-train	FR	Certainement, Monsieur.
1031	corpus-6-train	FR	C'est sans alcool, alors détendez-vous, ça ne piquera pas beaucoup.
1032	corpus-6-train	FR	C'est à sept ou huit minutes à pied, selon votre rythme de marche.
1036	corpus-6-test-corpus-26-train	FR	J'en voudrais un gros.
1037	corpus-6-test-corpus-26-dev	FR	Je ne me suis pas réveillé quand le réveil a sonné à six heures et demie.
1038	corpus-6-test-corpus-26-train	FR	Je suis photographe indépendant.
1039	corpus-6-train	FR	Assurez-vous de le déposez à Boston.
1041	corpus-6-train	FR	Je voudrais une cravate.
1042	corpus-6-train	FR	Je vais demander à un autre chauffeur de taxi.
1043	corpus-6-dev	FR	Une bière, un steak-frites et la salade spéciale du chef.
1044	corpus-6-train	FR	Félicitations, Henry. Je suis ravi d'apprendre vos fiançailles avec Jane.
1045	corpus-6-train	FR	Allez tout droit et tournez à gauche là-bas.
1046	corpus-6-train	FR	Je voudrais quelque chose d'assorti à ceci.
1047	corpus-6-test-corpus-26-train	FR	Les croupiers de casino peuvent échanger vos dollars moyennant un pourboire. On y va?
1048	corpus-6-train	FR	Ça a dû être un grand choc pour vous.
1050	corpus-6-train	FR	J'ai mille livres.
1052	corpus-6-train	FR	Il faut combien de temps pour y aller à pied?
1053	corpus-6-train	FR	C'est fatigant?
1054	corpus-6-train	FR	Que me conseillez-vous pour la fatigue des yeux?
1056	corpus-6-test-corpus-26-dev	FR	Nous avons une trentaine de types d'huiles pour le bain.
1059	corpus-6-train	FR	Donnez-moi du chewing-gum, s'il vous plaît.
1061	corpus-6-train	FR	Ce n'est pas un coupon, c'est un reçu d'enregistrement.
1062	corpus-6-test-corpus-26-train	FR	Je vous ferai une offre la semaine prochaine.
1063	corpus-6-train	FR	Votre appel vers ce pays ne peut être effectué en ce moment. Veuillez rappeler ultérieurement.
1064	corpus-6-train	FR	Le contrat sera renouvelé tous les ans.
1065	corpus-6-train	FR	Garçon, excusez-moi. Puis-je avoir l'addition, s'il vous plaît?
1067	corpus-6-train	FR	Est-ce que je peux payer en chèques-voyages?
1068	corpus-6-train	FR	Est-ce que je peux prendre une assurance?
1069	corpus-6-train	FR	Pouvez-vous m'indiquer comment me rendre à ce restaurant?
1070	corpus-6-train	FR	Il y avait environ trente dollars en liquide et quelques cartes de crédit.
1071	corpus-6-train	FR	Votre note s'élève à cent cinquante dollars et quarante-cinq cents.
1074	corpus-6-test-corpus-26-train	FR	Merci. Combien coûte cette paire de gants?
1075	corpus-6-train	FR	Comment dois-je vous le dire? Il est impératif que vous soyez sur place.
1076	corpus-6-train	FR	Je voudrais en faire une copie.
1081	corpus-6-train	FR	Merci. Où se trouve le réglage de la climatisation? Il fait un peu trop chaud.
1082	corpus-6-train	FR	Excusez-moi, mais dans quelle rue sommes-nous?
1083	corpus-6-train	FR	Pourriez-vous expédier cette lettre par la poste?
1084	corpus-6-train	FR	Non, vous allez en direction opposée. Vous devez revenir sur vos pas.
1085	corpus-6-train	FR	Pourriez-vous me tailler la barbe, s'il vous plaît?
1086	corpus-6-train	FR	Combien de temps dure l'excursion?
1088	corpus-6-train	FR	Je voudrais du papier cadeau.
1092	corpus-6-train	FR	Qu'y a-t-il à l'intérieur?
1093	corpus-6-train	FR	Je crois qu'il y a une erreur dans cette addition.
1096	corpus-6-train	FR	Puis-je avoir une serviette de bain?
1098	corpus-6-test-corpus-26-train	FR	Je dois y aller. Je vous appellerai plus tard.
1099	corpus-6-train	FR	Pourriez-vous m'effectuer une réservation à une comédie musicale?
1100	corpus-6-test-corpus-26-train	FR	Je voudrais des couches jetables.
1104	corpus-6-train	FR	Avez-vous gardé trace de l'endroit où vous les avez utilisés?
1107	corpus-6-dev	FR	Je rappellerai.
1108	corpus-6-train	FR	Trois mois.
1111	corpus-6-train	FR	Je vois, nous avons un médecin dans l'hôtel. Je vais lui demander de passer vous voir le plus tôt possible dans votre chambre. Ça ne vous dérange pas si le responsable des chambres l'accompagne?
1112	corpus-6-train	FR	Quel est l'endroit du tournage?
1113	corpus-6-train	FR	Nous avons d'excellentes palourdes aujourd'hui.
1114	corpus-6-train	FR	K comme Kilo, I comme India, M comme Mike, U comme Uniform, R comme Roméo, A comme Alfa. Ki-Mu-Ra est mon nom de famille.
1117	corpus-6-train	FR	Non, merci.
1120	corpus-6-train	FR	J'ai mal aux dents. Est-ce que je pourrais avoir un médicament contre la douleur, s'il vous plaît?
1121	corpus-6-train	FR	Je n'arrive pas à faire marcher la climatisation.
1122	corpus-6-test-corpus-26-train	FR	D'où viennent ces poissons papillons?
1124	corpus-6-test-corpus-26-train	FR	Pourriez-vous les changer en dollars, s'il vous plaît?
1126	corpus-6-train	FR	Déposez-moi au prochain arrêt.
1127	corpus-6-train	FR	Pourriez-vous me montrer un imperméable?
1128	corpus-6-train	FR	Où se trouve le bureau du tourisme?
1130	corpus-6-train	FR	Pourriez-vous vous passer par le marché en chemin?
1131	corpus-6-train	FR	Qu'est-ce que je vais faire si je ne comprends pas ses questions?
1132	corpus-6-train	FR	Je voudrais des chaussettes.
1133	corpus-6-train	FR	Je voudrais un appareil photo automatique, s'il vous plaît.
1134	corpus-6-train	FR	Veuillez m'y emmener, s'il vous plaît.
1136	corpus-6-train	FR	Est-ce que les portes doivent être ouvertes ou fermées?
1138	corpus-6-train	FR	Combien de dollars voulez-vous?
1139	corpus-6-test-corpus-26-train	FR	Nous avons beaucoup de chance. Ils en ont un en taille trente-quatre dans le magasin Ala Moana.
1140	corpus-6-train	FR	Pourriez-vous m'indiquer le chemin de l'Hôtel Hilton, s'il vous plaît?
1142	corpus-6-train	FR	Avez-vous un plan du métro?
1146	corpus-6-test-corpus-26-train	FR	Y a-t-il une limousine?
1147	corpus-6-dev	FR	Savez-vous s'il faut réserver dans ce restaurant?
1148	corpus-6-train	FR	Je voudrais réserver un vol de retour.
1149	corpus-6-train	FR	Pouvez-vous recommander un bon restaurant français?
1151	corpus-6-dev	FR	Y a-t-il un coiffeur pour hommes dans l'hôtel?
1152	corpus-6-train	FR	La bonde de la baignoire est cassée.
1153	corpus-6-train	FR	Pourriez-vous me faire un emballage-cadeau, s'il vous plaît?
1154	corpus-6-train	FR	Je suis ravi de faire votre connaissance.
1156	corpus-6-train	FR	La pile ne marche pas.
1157	corpus-6-dev	FR	J'ai quelque chose à vous demander.
1161	corpus-6-dev	FR	Veuillez monter le chauffage dans ma chambre.
1162	corpus-6-train	FR	Ma chambre n'a pas été faite.
1163	corpus-6-test-corpus-26-dev	FR	Pouvez-vous me réveiller à cinq heures trente demain matin?
1165	corpus-6-test-corpus-26-train	FR	Je préfèrerais une chambre tranquille.
1167	corpus-6-test-corpus-26-train	FR	Je voudrais du dissolvant.
1168	corpus-6-train	FR	Veuillez continuer tout droit.
1169	corpus-6-train	FR	Pouvez-vous m'aider à trouver ma valise?
1171	corpus-6-train	FR	Donc je crois que le prochain monument là-bas, c'est le World Trade Center, non?
1172	corpus-6-train	FR	Où se trouve le magasin des modèles réduits en plastique?
1173	corpus-6-dev	FR	Je ne saurais pas vous dire.
1174	corpus-6-train	FR	Pourriez-vous me suggérer un médicament pour mes maux d'estomac?
1176	corpus-6-dev	FR	Où se trouve le quai numéro cinq?
1177	corpus-6-train	FR	Oui, il paraîtrait intéressant d'approfondir la question. M. Keenan, pourriez-vous envisager cette possibilité et transmettre dès que possible vos conclusions à M. Nakayama?
1179	corpus-6-train	FR	Non, merci.
1180	corpus-6-train	FR	Je crois qu'il y a une erreur dans cette note. Elle inclut le service d'étage auquel je n'ai pas eu recours.
1181	corpus-6-train	FR	Je veux partir en avion aussi tôt que possible.
1182	corpus-6-train	FR	C'est loin jusqu'à l'hôtel Hilton?
1183	corpus-6-test-corpus-26-train	FR	Je voudrais une pile.
1184	corpus-6-train	FR	Connaissez-vous un bon restaurant où nous pourrions bien manger à un prix raisonnable?
1186	corpus-6-train	FR	Je voudrais un rouge à lèvres.
1191	corpus-6-train	FR	C'est trente-cinq dollars.
1192	corpus-6-train	FR	J'aimerais changer ma réservation. Puis-je échanger le vol PAA cinq cent cinq contre le vol cinq cent cinq?
1193	corpus-6-test-corpus-26-test	FR	Est-ce qu'il y a un orchestre ou un DJ?
1194	corpus-6-test-corpus-26-train	FR	Est-ce que je peux louer du matériel de plongée?
1195	corpus-6-train	FR	J'ai eu le Coca mais pas la monnaie.
1196	corpus-6-train	FR	Je peux vous faire une remise de trois pour cent.
1197	corpus-6-train	FR	La voiture avait déjà cet impact avant que je ne la loue.
1198	corpus-6-train	FR	Bien. Je veux le porter pour une réception de mariage samedi.
1199	corpus-6-test-corpus-26-dev	FR	Je voudrais réserver une chambre pour quatre nuits à partir du vingt-deux décembre.
1201	corpus-6-train	FR	Non, nous voudrions des additions séparées, s'il vous plaît. Chacun paie sa part.
1202	corpus-6-dev	FR	Je voudrais un guide qui parle japonais.
1205	corpus-6-train	FR	Je suis désolé. Je ne suis pas d'ici. Si vous voulez, je vais demander à cette personne pour vous. Un moment, s'il vous plaît.
1208	corpus-6-train	FR	Est-ce que je peux prendre un bus pour aller à l'hôtel Hilton?
1210	corpus-6-train	FR	Y a-t-il des excursions de trois ou quatre jours au Tyrol?
1211	corpus-6-train	FR	Je me sens mieux maintenant.
1212	corpus-6-test-corpus-26-train	FR	Ce sac convient-il, quelle que soit la météo?
1213	corpus-6-test-corpus-26-train	FR	Je voudrais un beignet, s'il vous plaît.
1215	corpus-6-train	FR	Je suis désolé mais nous serons en retard d'une demi-heure.
1216	corpus-6-train	FR	Pourriez-vous échanger ce billet contre des pièces?
1217	corpus-6-train	FR	Votre chambre, Monsieur.
1218	corpus-6-test-corpus-26-train	FR	Je voudrais louer une voiture automatique pour deux jours.
1220	corpus-6-train	FR	Veuillez suspendre toute transaction sur cette carte.
1221	corpus-6-train	FR	Pourrais-je bénéficier d'une remise quelconque si je séjourne un mois dans votre hôtel?
1222	corpus-6-train	FR	Etes-vous ici en voyage d'affaires ou en mission de recherche?
1223	corpus-6-dev	FR	Avez-vous terminé votre dîner?
1224	corpus-6-test-corpus-26-train	FR	J'ai raté le vol vingt pour San Francisco.
1225	corpus-6-dev	FR	La qualité de celui-ci est supérieure.
1227	corpus-6-train	FR	Certainement, Monsieur. Blanc ou couleur?
1230	corpus-6-dev	FR	J'ai parié deux livres.
1231	corpus-6-dev	FR	Proposez-vous une excursion qui comprend la visite du Golden Gate Bridge?
1233	corpus-6-train	FR	Je n'arriverai pas à attraper ma correspondance.
1234	corpus-6-test-corpus-26-train	FR	C'est combien pour l'aéroport?
1235	corpus-6-test-corpus-26-train	FR	C'est bien. Quand est-ce?
1240	corpus-6-train	FR	D'où puis-je prendre le bus pour aller au musée?
1241	corpus-6-train	FR	Qui est l'auteur de la pièce?
1243	corpus-6-train	FR	Le coffre-fort, s'il vous plaît.
1245	corpus-6-train	FR	Je ne resterai ici seulement un mois.
1246	corpus-6-train	FR	Quand commence l'excursion?
1247	corpus-6-train	FR	A quelle heure débute la matinée?
1248	corpus-6-train	FR	Je viens de Russie.
1251	corpus-6-train	FR	Je suis désolé de l'apprendre. Avez-vous de la fièvre?
1254	corpus-6-train	FR	Où puis-je prendre un bus pour le Metropolitan Museum?
1256	corpus-6-train	FR	Je me suis vraiment amusé avec vous.
1257	corpus-6-train	FR	Où se trouve la bibliothèque la plus proche?
1259	corpus-6-train	FR	Avez-vous des chambres de libre ce soir?
1260	corpus-6-train	FR	Pourriez-vous encaisser ce chèque-voyage de cent dollars, s'il vous plaît?
1263	corpus-6-train	FR	Notre avion est finalement arrivé à Honolulu.
1270	corpus-6-train	FR	Je voudrais ce style, s'il vous plaît.
1274	corpus-6-train	FR	Je préfèrerais ne pas être hospitalisé, si possible.
1276	corpus-6-test-corpus-26-train	FR	Quel âge a votre fille?
1277	corpus-6-dev	FR	C'est le vol sept cent trois pour Tokyo le vendredi quatre septembre.
1278	corpus-6-train	FR	Où est-ce que je peux mettre mes affaires?
1280	corpus-6-train	FR	Avec des prix de cet ordre, je crois que je vais aller dans d'autres magasins.
1281	corpus-6-train	FR	Veuillez éteindre tous les appareils électriques.
1283	corpus-6-train	FR	Combien d'argent voulez-vous besoin?
1284	corpus-6-train	FR	Ce n'est pas nécessaire après la disparition de la douleur.
1285	corpus-6-train	FR	Pourquoi vous levez-vous si tôt tous les matins?
1286	corpus-6-dev	FR	Je cherche de la colle.
1287	corpus-6-train	FR	Combien de spectateurs ce stade peut-il accueillir?
1288	corpus-6-train	FR	Oui, c'est vrai.
1289	corpus-6-train	FR	Ma fixation est trop lâche.
1290	corpus-6-train	FR	Nous voulons jouer au tennis aujourd'hui.
1291	corpus-6-train	FR	Pourriez-vous venir avec moi, s'il vous plaît?
1292	corpus-6-train	FR	Désolé, je ne connais pas cette partie de la ville.
1293	corpus-6-train	FR	Je le rappellerai vers seize heures environ.
1294	corpus-6-train	FR	L'accident s'est produit le matin du onze janvier.
1296	corpus-6-train	FR	Est-ce que mardi prochain vous convient?
1297	corpus-6-dev	FR	Que diriez-vous de demain?
1299	corpus-6-train	FR	Quel genre de restaurant recherchez-vous? Voulez-vous seulement dîner ou cherchez-vous un restaurant avec un bar?
1301	corpus-6-train	FR	Y a-t-il un commissariat ici?
1302	corpus-6-train	FR	L'espérance de vie des Japonais est la plus longue du monde.
1305	corpus-6-train	FR	Deux portions de frites, un coca. Deux dollars, s'il vous plaît.
1306	corpus-6-train	FR	Une chambre simple, s'il vous plaît.
1308	corpus-6-train	FR	Où se trouve la piste de snowboard?
1310	corpus-6-dev	FR	Près du panneau.
1311	corpus-6-train	FR	Au plaisir de se revoir.
1312	corpus-6-test-corpus-26-train	FR	Pourriez-vous m'indiquer des hôtels propres et économiques?
1314	corpus-6-train	FR	Est-ce que je peux lire la critique de ce livre?
1317	corpus-6-train	FR	Pourriez-vous me conseiller un bon restaurant français près d'ici?
1318	corpus-6-train	FR	Voici ma carte de confirmation.
1319	corpus-6-train	FR	Ce sera tout.
1320	corpus-6-train	FR	Donc, c'est deux mille cinq cent dollars par mois. Nous pouvons vous garantir trois mille dollars par mois. Qu'en dites-vous?
1321	corpus-6-test-corpus-26-train	FR	Nous pourrions vous réserver une chambre confortable dans un vieux château près d'un célèbre club de golf.
1322	corpus-6-train	FR	Je vous souhaite un mariage heureux.
1323	corpus-6-dev	FR	Avez-vous du Ballantine de dix ans d'âge?
1326	corpus-6-train	FR	Est-ce que c'est garanti contre le rétrécissement?
1327	corpus-6-train	FR	Le jardin botanique est-il ouvert aujourd'hui?
1328	corpus-6-dev	FR	Nous pourrions peut-être le faire, mais ça prendrait quelques mois.
1329	corpus-6-test-corpus-26-train	FR	Je vous le recommande, les ingrédients cent pour cent naturels.
1330	corpus-6-train	FR	Je voudrais louer une voiture.
1331	corpus-6-train	FR	Puis-je avoir une assiette, s'il vous plaît?
1333	corpus-6-train	FR	Emmenez-nous à l'hôtel Chicago.
1336	corpus-6-train	FR	Le vol est retardé de quatre-vingt-dix-neuf heures en raison du mauvais temps.
1337	corpus-6-train	FR	Urgence.
1339	corpus-6-dev	FR	Je voudrais quelque chose dans le style Chanel.
1340	corpus-6-train	FR	Dans quelle allée se trouvent les serviettes hygiéniques?
1342	corpus-6-train	FR	Pourriez-vous me montrer votre passeport ainsi que la déclaration de douane, s'il vous plaît?
1345	corpus-6-dev	FR	Je voudrais m'inscrire à l'excursion des Chutes du Niagara.
1346	corpus-6-train	FR	Notre plat du jour, ce sont des scampis de langoustines accompagnés de riz pilaf.
1347	corpus-6-train	FR	Bonjour? C'est bien M. Clark?
1348	corpus-6-train	FR	Désirez-vous un apéritif?
1350	corpus-6-train	FR	Avez-vous des médicaments?
1351	corpus-6-train	FR	Je crois que vous avez fait un faux numéro.
1353	corpus-6-train	FR	Je voudrais une robe rouge.
1358	corpus-6-dev	FR	Je suppose.
1360	corpus-6-train	FR	Il y a une étiquette à mon nom dessus.
1361	corpus-6-test-corpus-26-dev	FR	Est-ce que le train s'arrête à Brighton?
1366	corpus-6-train	FR	Il s'agit de notre tout dernier équipement d'emballage. Nous emballons environ six cents valises par jour.
1367	corpus-6-train	FR	Je veux partir.
1368	corpus-6-train	FR	Je voudrais un fer à repasser, s'il vous plaît.
1369	corpus-6-test-corpus-26-train	FR	Pourriez-vous m'indiquer où trouver un taxi?
1371	corpus-6-dev	FR	Oh, non. Il me dit quelque chose. Qu'est-ce que je dois faire?
1372	corpus-6-train	FR	Oui, tout à fait.
1374	corpus-6-train	FR	Veuillez apporter mon petit déjeuner dans ma chambre.
1375	corpus-6-test-corpus-26-train	FR	Deux billets de seconde classe, s'il vous plaît.
1376	corpus-6-train	FR	C'est trop serré.
1379	corpus-6-train	FR	Veuillez envoyer cette voiture à l'hôtel à huit heures demain matin.
1382	corpus-6-train	FR	Existe-t-il une croisière-déjeuner ou dîner?
1384	corpus-6-test-corpus-26-train	FR	Je désirerais envoyer un fax.
1385	corpus-6-train	FR	Est-ce que vous avez une couleur plus claire?
1386	corpus-6-train	FR	Là, c'est trop voyant.
1388	corpus-6-train	FR	Eh bien, non. Je le rappellerai dans vingt minutes. Merci.
1389	corpus-6-train	FR	L'accent a été mis sur l'éducation et le pouvoir militaire s'est accru.
1390	corpus-6-train	FR	Qu'est-ce que vous aimeriez pour le dîner? Du bœuf ou du poisson?
1391	corpus-6-train	FR	Vous acceptez Master Card?
1394	corpus-6-test-corpus-26-train	FR	Je voudrais un fer à repasser de voyage.
1396	corpus-6-test-corpus-26-train	FR	Puis-je vous offrir quelque chose?
1397	corpus-6-train	FR	Cette taille, s'il vous plaît.
1398	corpus-6-train	FR	Je ne l'aime pas.
1403	corpus-6-train	FR	C'est cinq dollars, avec les boissons en supplément.
1404	corpus-6-test-corpus-26-train	FR	Ma journée? J'ose à peine le demander mais que voulez-vous dire exactement?
1406	corpus-6-train	FR	Combien pour deux personnes?
1407	corpus-6-train	FR	J'ai soudain eu des douleurs à l'estomac.
1410	corpus-6-train	FR	Combien coûte un guide pour la journée?
1411	corpus-6-train	FR	Je m'appelle Hiroshi Mori.
1412	corpus-6-train	FR	Je désirerais un yaourt, s'il vous plaît.
1413	corpus-6-train	FR	Oui. Est-ce que c'est le bon comptoir pour le vol huit cent vingt de United Airlines?
1415	corpus-6-train	FR	Devons-nous porter une veste et une cravate?
1417	corpus-6-dev	FR	Quel bus se rend à Guild Hall?
1418	corpus-6-test-corpus-26-train	FR	J'en veux une qui contienne des documents au format lettre sans avoir à les plier.
1419	corpus-6-train	FR	Par ici s'il vous plaît. Permettez-moi de vous aider avec vos bagages.
1423	corpus-6-dev	FR	Sur la seconde étagère dans la rangée du milieu.
1424	corpus-6-train	FR	Où se trouve le bar?
1426	corpus-6-train	FR	Veuillez procéder à l'enregistrement après neuf heures neuf.
1427	corpus-6-train	FR	Nos places sont séparées.
1428	corpus-6-train	FR	Certainement. Où voulez-vous aller?
1433	corpus-6-test-corpus-26-test	FR	Oui, mais pas trop fort.
1434	corpus-6-test-corpus-26-train	FR	Je suis allergique aux chats.
1435	corpus-6-train	FR	Je voudrais un bloc-notes, s'il vous plaît.
1436	corpus-6-test-corpus-26-train	FR	Ouais, vous devez avoir le permis de conduire et, euh, vous devriez avoir aussi une licence de la Commission des Taxis et des Limousines.
1438	corpus-6-train	FR	Amusez-vous bien.
1439	corpus-6-train	FR	Je suis désolé, toutes les places sont prises le treize août.
1440	corpus-6-train	FR	Est-ce que je peux voir quelque chose de moins cher?
1441	corpus-6-train	FR	Pourriez-vous m'appeler un taxi?
1443	corpus-6-dev	FR	Est-ce que je dois rentrer immédiatement au Japon?
1444	corpus-6-train	FR	Le prix de la chambre dépasse le tarif qui m'a été communiqué à l'origine.
1446	corpus-6-train	FR	Je voudrais ajouter autre chose à ma commande. Est-ce que je peux revoir le menu?
1447	corpus-6-dev	FR	Il y avait ici un porte-clefs surmonté d'un chat et attaché avec un ruban ici.
1450	corpus-6-train	FR	Qu'est-ce que vous allez faire avec ce petit sac?
1451	corpus-6-train	FR	Je voudrais quelque chose pour soigner un rhume.
1454	corpus-6-train	FR	Est-ce que je peux voir celui-là?
1457	corpus-6-dev	FR	Dix-huit dollars exactement.
1458	corpus-6-train	FR	Veuillez m'échanger ce chèque-voyage contre du liquide.
1459	corpus-6-train	FR	Où dois-je déposer mon linge?
1460	corpus-6-train	FR	Est-ce que vous en aviez assez?
1462	corpus-6-test-corpus-26-train	FR	Allez-y, Monsieur.
1464	corpus-6-train	FR	Continuez le long de cette rue. C'est juste avant le salon de dégustation de glaces.
1465	corpus-6-test-corpus-26-test	FR	Je n'arrive pas à avoir de l'eau chaude.
1470	corpus-6-train	FR	Je n'ai pas de réservation.
1471	corpus-6-train	FR	Est-ce que je peux le toucher?
1472	corpus-6-train	FR	Veuillez m'indiquer où ça se trouve sur cette carte, s'il vous plaît.
1473	corpus-6-train	FR	Est-ce qu'il y a de bons restaurants pas chers par ici?
1474	corpus-6-test-corpus-26-train	FR	Je voudrais réserver une chambre pour ce soir.
1475	corpus-6-dev	FR	C'est une maison superbe.
1476	corpus-6-train	FR	Est-ce que c'est le bon arrêt de bus pour aller à Chelsea?
1477	corpus-6-train	FR	J'arriverai un peu tard ce soir mais gardez ma réservation, s'il vous plaît.
1478	corpus-6-train	FR	Est-ce que vous acceptez les cartes de crédit?
1480	corpus-6-train	FR	Quand un contrôleur vient vérifier votre billet, veuillez lui montrer votre carte et ce billet.
1484	corpus-6-train	FR	Combien de crayons voulez-vous?
1487	corpus-6-train	FR	Quel est le dernier livre de Galbraith?
1489	corpus-6-train	FR	Une place normale, s'il vous plaît.
1490	corpus-6-train	FR	J'ai demandé à point, pas bien cuit.
1491	corpus-6-train	FR	Votre costume sera prêt une semaine après l'essayage, Monsieur.
1492	corpus-6-test-corpus-26-train	FR	Non, les taxes et les prestations de service ne sont pas comprises.
1494	corpus-6-train	FR	Je voudrais du jus de pomme, des toasts, des œufs sur le plat et du café.
1496	corpus-6-train	FR	Où se trouve le magasin de photos?
1497	corpus-6-dev	FR	Un petit coca, s'il vous plaît.
1498	corpus-6-train	FR	Je ne suis qu'un débutant. Je ne pense pas que je pourrais y arriver.
1499	corpus-6-train	FR	Quatre pommes.
1504	corpus-6-dev	FR	Combien cela coûterait de l'assurer pour trois cents dollars?
1506	corpus-6-test-corpus-26-train	FR	Aimeriez-vous aller faire des courses avec moi cet après-midi?
1507	corpus-6-train	FR	Pouvez-vous me refaire ma carte de crédit?
1508	corpus-6-test-corpus-26-test	FR	Salut, c'est vraiment une robe magnifique.
1510	corpus-6-train	FR	Donnez-moi un peu de temps pour y réfléchir.
1512	corpus-6-train	FR	Tu devrais rester au lit aujourd'hui.
1513	corpus-6-train	FR	Je voudrais reconfirmer ce que je suis censé faire exactement.
1515	corpus-6-train	FR	Je sais ce que vous ressentez. Essayez de rester calme.
1517	corpus-6-train	FR	Je rappellerai.
1519	corpus-6-test-corpus-26-train	FR	Voila, votre appel a abouti. Allez-y.
1521	corpus-6-train	FR	Pourriez-vous réserver une table pour deux dans ce restaurant, pour dix-huit heures ce soir?
1522	corpus-6-train	FR	Comme c'est étrange. Ça ressemble à un OVNI.
1523	corpus-6-train	FR	Je ne dors pas bien.
1525	corpus-6-test-corpus-26-train	FR	Quel est le numéro de la porte?
1538	corpus-6-dev	FR	Pourriez-vous me dire à quoi correspond ce montant?
1539	corpus-6-test-corpus-26-train	FR	Quel souvenir est typiquement hawaïen?
1540	corpus-6-train	FR	Bonjour, chambre trois cent cinq.
1541	corpus-6-train	FR	Je voudrais des sels de bain.
1543	corpus-6-train	FR	Pourriez-vous réparer cet appareil photo? Il ne se charge pas bien.
1544	corpus-6-train	FR	Votre nom et numéro?
1546	corpus-6-train	FR	Je pensais que c'était un tarif fixe entre l'aéroport et la ville?
1548	corpus-6-train	FR	Est-ce que vous seriez assez gentil pour aller vérifier maintenant? S'ils sont là, vous pouvez les amener ici immédiatement?
1550	corpus-6-train	FR	Eh bien, de façon générale le taux de change varie selon les spéculations à la hausse et à la baisse.
1552	corpus-6-train	FR	Il a une longue tradition et une grande histoire.
1553	corpus-6-dev	FR	A quel jeu joue-t-on au stade?
1555	corpus-6-train	FR	Qu'allez-vous faire pour la soirée de la Saint Sylvestre?
1556	corpus-6-test-corpus-26-train	FR	Est-ce que je peux y aller en métro?
1557	corpus-6-train	FR	Bonjour, pouvez-vous me donner le numéro de téléphone de l'ambassade ou du consulat du Japon, s'il vous plaît?
1559	corpus-6-train	FR	Ils vont parfaitement. Ils sont très confortables.
1560	corpus-6-test-corpus-26-train	FR	Je voudrais un brushing.
1561	corpus-6-train	FR	Eh bien, c'est une chambre tranquille. Excellent.
1562	corpus-6-test-corpus-26-train	FR	Cette conversation va-t-elle nous mener quelque part?
1564	corpus-6-train	FR	J'ai réservé pour sept heures.
1567	corpus-6-train	FR	C'est parfait. Mais il y aura un supplément de deux cents dollars pour le retour.
1568	corpus-6-dev	FR	A sept heures du matin, heure locale.
1571	corpus-6-train	FR	C'est en bas de cette rue à environ trois pâtés de maisons, je crois.
1572	corpus-6-train	FR	Désolé, tout est complet pour la période de Noël, mais nous avons une place le vingt-deux décembre.
1574	corpus-6-train	FR	Je vois. Merci.
1579	corpus-6-train	FR	Est-ce que je vais être dédommagé si vous ne retrouvez pas ma valise?
1583	corpus-6-train	FR	Eh bien, quels fruits aimez-vous?
1584	corpus-6-train	FR	A quand remontent vos dernières règles?
1585	corpus-6-test-corpus-26-train	FR	Je viens de Norvège.
1586	corpus-6-train	FR	Je vous appelé il y a deux jours pour reconfirmer.
1587	corpus-6-train	FR	Je ne sais pas si on m'a volé mon passeport ou s'il est simplement tombé de ma poche.
1591	corpus-6-dev	FR	La boîte fait cinquante-six centimètres de long, trente de large et dix-huit de haut.
1592	corpus-6-train	FR	Je cherche des souvenirs.
1595	corpus-6-train	FR	Il se compose de quatre îles principales.
1597	corpus-6-dev	FR	Dix heures. Voici la clef de votre chambre, c'est la cinquante-quatre trente-trois. Le chasseur va vous monter vos bagages.
1598	corpus-6-train	FR	Oui, nous avons passé un excellent séjour à Hawaï. Si seulement vous aviez pu être là.
1599	corpus-6-train	FR	Pouvez-vous me faire traduire ceci?
1600	corpus-6-train	FR	Je prendrai du thé avec du lait.
1602	corpus-6-dev	FR	Est-ce que vous pouvez couper ma frange à un pouce au-dessus des sourcils?
1603	corpus-6-test-corpus-26-dev	FR	De dix à douze, s'il vous plaît.
1606	corpus-6-train	FR	A quelle heure est-ce que ça ouvre?
1607	corpus-6-train	FR	Est-ce que vous avez des chambres à moins de cinquante dollars la nuit?
1609	corpus-6-train	FR	Une table pour deux à dix-huit heures, s'il vous plaît.
1610	corpus-6-train	FR	Pour quinze dollars, s'il vous plaît.
1611	corpus-6-dev	FR	Tournez à gauche au feu clignotant.
1612	corpus-6-train	FR	Je n'ai besoin de rien.
1615	corpus-6-train	FR	Est-ce que je peux réserver une visite de la ville?
1616	corpus-6-train	FR	Comment dois-je remplir ça?
1617	corpus-6-train	FR	Vous voyez l'immeuble blanc de l'autre côté de la rue? C'est là.
1619	corpus-6-test-corpus-26-train	FR	Bien sûr. Faites-moi voir. Je crois que vous vous êtes blessé sur un corail.
1620	corpus-6-test-corpus-26-train	FR	Juste au cas, donnez-moi le numéro de la personne responsable.
1622	corpus-6-test-corpus-26-train	FR	Est-ce qu'il y a une autoroute?
1623	corpus-6-train	FR	J'étudie en sciences.
1624	corpus-6-train	FR	Puis-je avoir deux billets pour les places réservées?
1626	corpus-6-dev	FR	Veuillez enlever vos vêtements et enfiler ce peignoir.
1627	corpus-6-train	FR	Pouvez-vous ajouter un lit dans la chambre?
1628	corpus-6-train	FR	Est-ce que je peux avoir une opératrice japonaise?
1629	corpus-6-train	FR	Prenez-le jusqu'au terminal. A partir de là, vous devrez vous rendre à l'hôtel par vos propres moyens.
1630	corpus-6-test-corpus-26-train	FR	Pourquoi n'est-il pas venu à la réception hier?
1631	corpus-6-train	FR	Je voudrais réserver un bateau avec un guide, s'il vous plaît.
1635	corpus-6-train	FR	Y a-t-il des toilettes publiques près d'ici?
1636	corpus-6-train	FR	Montrez-le moi, s'il vous plaît.
1637	corpus-6-test-corpus-26-train	FR	Il y a eu un accident de la route.
1638	corpus-6-train	FR	Je n'ai passé aucun coup de fil.
1640	corpus-6-train	FR	Veuillez garder mes bagages.
1642	corpus-6-train	FR	Puis-je avoir un appel-réveil à sept heures?
1643	corpus-6-dev	FR	Est-ce que vous avez du scotch?
1644	corpus-6-train	FR	Avec avec un peu de lait et du sucre.
1645	corpus-6-train	FR	J'aimerais échanger le vol de Chicago de neuf heures contre celui de onze heures?
1647	corpus-6-train	FR	Apportez-moi un après-shampoing, je vous prie.
1649	corpus-6-train	FR	Yukata et happi sont des souvenirs japonais très populaires auprès des étrangers.
1650	corpus-6-test-corpus-26-train	FR	Désolé, j'ai un mauvais numéro.
1652	corpus-6-dev	FR	Où se trouve le magasin de chaussures le plus proche?
1653	corpus-6-test-corpus-26-test	FR	Veuillez composer votre numéro d'identification personnel.
1656	corpus-6-dev	FR	Vous avez une âme d'artiste.
1657	corpus-6-train	FR	Veuillez garder mes bagages jusqu'à quinze heures.
1658	corpus-6-train	FR	Je viens ici pour voir un véritable opéra.
1663	corpus-6-test-corpus-26-dev	FR	Je ne peux pas régler l'image.
1664	corpus-6-train	FR	Est-ce qu'ils sont en solde aujourd'hui?
1666	corpus-6-train	FR	N'allez pas travailler jusqu'à mardi et ne mangez pas trop.
1668	corpus-6-test-corpus-26-train	FR	Un cheeseburger et un jus d'orange, s'il vous plaît.
1670	corpus-6-test-corpus-26-test	FR	Voici mon passeport.
1672	corpus-6-train	FR	La lutte japonaise est un des sports traditionnels. Des tournois ont lieu six fois par an.
1673	corpus-6-train	FR	Un place côté couloir, s'il vous plaît.
1674	corpus-6-train	FR	C'est en forgeant qu'on devient forgeron.
1677	corpus-6-train	FR	Il faudra combien de jours pour commander?
1678	corpus-6-train	FR	Elle est mince.
1680	corpus-6-train	FR	Nous avons besoin d'un peu plus de temps pour étudier le contrat.
1682	corpus-6-test-corpus-26-test	FR	Si, merci beaucoup. Euh, est-ce que je peux monter au dernier étage?
1683	corpus-6-train	FR	J'ai mal au cœur. Puis avoir un sac?
1684	corpus-6-train	FR	Veuillez m'indiquer comment me rendre au musée, s'il vous plaît.
1685	corpus-6-train	FR	Est-ce que c'est du cuir?
1686	corpus-6-train	FR	Eh. Tu es tout seul? Pourquoi ne viens-tu pas déjeuner avec nous?
1689	corpus-6-train	FR	Merci. A vous aussi.
1691	corpus-6-train	FR	Pourriez-vous me garder ces objets de valeur, s'il vous plaît?
1697	corpus-6-dev	FR	Est-ce que vous prenez d'autres médicaments?
1698	corpus-6-train	FR	Je veux aller sur le site industrialisé.
1699	corpus-6-train	FR	Avez-vous déjà choisi?
1700	corpus-6-train	FR	Ginny. Mike. Sara. Sam. Allez, tout le monde debout.
1702	corpus-6-test-corpus-26-train	FR	Est-ce que je peux avoir deux billets pour la comédie musicale de vendredi prochain?
1704	corpus-6-train	FR	Pourriez-vous m'avertir dès que vous l'aurez réparé?
1706	corpus-6-train	FR	Je voudrais une veste.
1707	corpus-6-train	FR	Non, merci. Je vais trouver cet endroit. A bientôt.
1708	corpus-6-dev	FR	Je vous en prie. Je préfère une place côté couloir.
1709	corpus-6-train	FR	Je voudrais louer une voiture de taille moyenne pour trois jours.
1710	corpus-6-dev	FR	Est-ce que vous avez un étui coordonné?
1711	corpus-6-train	FR	Je voudrais passer un coup de téléphone à San Francisco.
1712	corpus-6-train	FR	On a volé ma valise dans le lobby de l'hôtel.
1715	corpus-6-train	FR	Quand et comment devrais-je régler les frais?
1718	corpus-6-test-corpus-26-train	FR	Un autre passager a dit qu'il voulait bien échanger sa place avec la vôtre.
1719	corpus-6-train	FR	Nous sommes complet.
1721	corpus-6-dev	FR	C'est trop serré ici.
1722	corpus-6-train	FR	Veuillez faire un agrandissement dans ce format.
1723	corpus-6-dev	FR	Bonjour, c'est la chambre mille deux cent trente-quatre. Mon nom est Oda. Je voudrais un appel-réveil à six heures demain matin, s'il vous plaît.
1725	corpus-6-train	FR	Pourriez-vous régler à la réception, s'il vous plaît?
1726	corpus-6-train	FR	Puis-je avoir ma monnaie, s'il vous plaît?
1727	corpus-6-train	FR	Est-ce possible que ce micro ordinateur vous préoccupe?
1730	corpus-6-train	FR	En général, c'est un vol tranquille avec très peu de turbulences.
1733	corpus-6-train	FR	Quel était le numéro de votre vol?
1735	corpus-6-train	FR	Je suis content que vous l'aimiez. Je l'ai acheté pendant les soldes du grand magasin ABC.
1737	corpus-6-train	FR	Est-ce que je peux souper sur le bateau?
1738	corpus-6-train	FR	Est-ce que je peux avoir une brochure sur les excursions?
1740	corpus-6-dev	FR	Etes-vous membre de notre programme de fidélité pour la location de voitures?
1742	corpus-6-train	FR	Qu'est-ce que vous allez acheter?
1743	corpus-6-train	FR	Exactement, je partage votre opinion. Au fait, il a dit que vous étiez un homme de bonnes manières.
1744	corpus-6-train	FR	Comment avez-vous passé vos vacances d'été?
1745	corpus-6-train	FR	Raccrochez et je vous rappellerai.
1747	corpus-6-train	FR	Avez-vous de l'eau de cologne Chanel à bord?
1748	corpus-6-train	FR	C'est trop loin. Il faut que l'on m'y conduise.
1751	corpus-6-train	FR	Est-ce que vous l'avez en rouge?
1752	corpus-6-train	FR	Veuillez m'expliquer comment m'en servir.
1754	corpus-6-test-corpus-26-train	FR	Est-ce que je peux prolonger mon séjour?
1755	corpus-6-train	FR	Pas mal, qui ne tente rien n'a rien.
1757	corpus-6-train	FR	Comment puis-je appeler la réception?
1758	corpus-6-train	FR	Ils ont faim.
1766	corpus-6-test-corpus-26-train	FR	Dites, vous connaissez des endroits qui méritent d'être visités près d'ici?
1767	corpus-6-train	FR	Pourrais-je voir votre permis de conduire?
1768	corpus-6-test-corpus-26-dev	FR	Non, je voudrais louer un demi-jeu de clubs et des chaussures.
1770	corpus-6-train	FR	Merci. Passez un agréable séjour.
1771	corpus-6-train	FR	Je viens de Hokkaido.
1774	corpus-6-train	FR	Bon voyage.
1775	corpus-6-train	FR	Est-ce que vous avez ça?
1777	corpus-6-train	FR	C'est quelle marque?
1779	corpus-6-train	FR	C'est actuellement en solde, à tout juste trente dollars et quarante-neuf cents.
1781	corpus-6-train	FR	Ce que l'employé a dit m'a mis en colère.
1782	corpus-6-test-corpus-26-train	FR	Pourriez-vous me prévenir lorsque vous aurez retrouvé mon sac?
1784	corpus-6-train	FR	Est-ce que vous avez quelque chose de plus grand?
1786	corpus-6-train	FR	Au Japon, il fait lourd en été.
1787	corpus-6-train	FR	Je voudrais arriver à l'aéroport pour deux heures.
1788	corpus-6-test-corpus-26-train	FR	Comment s'appelle ce parc national?
1789	corpus-6-train	FR	Souhaitez-vous apporter des modifications?
1790	corpus-6-train	FR	Je veux une couleur qui me rajeunit.
1791	corpus-6-test-corpus-26-train	FR	J'ai une égratignure.
1792	corpus-6-test-corpus-26-dev	FR	Qu'est-ce qu'il y a de beau à visiter?
1798	corpus-6-train	FR	Portez mes bagages dans ma chambre, je vous prie.
1799	corpus-6-train	FR	Je voudrais des tomates, s'il vous plaît.
1800	corpus-6-test-corpus-26-train	FR	Est-ce que je peux avoir des fruits?
1801	corpus-6-train	FR	Il n'y a aucun problème.
1802	corpus-6-train	FR	Est-ce que je peux entrer maintenant?
1803	corpus-6-train	FR	Je ne trouverai jamais quelque chose comme ça au Japon. Je vais l'acheter.
1804	corpus-6-train	FR	Mercredi soir.
1805	corpus-6-train	FR	Veuillez me montrer ma place.
1808	corpus-6-train	FR	Quelles sortes de desserts proposez-vous?
1810	corpus-6-train	FR	Vous faites une erreur de calcul.
1811	corpus-6-train	FR	Il est trois heures.
1813	corpus-6-train	FR	Un tout petit peu plus autour du cou, s'il vous plaît.
1814	corpus-6-dev	FR	Je ne comprends pas ce que vous dites.
1816	corpus-6-train	FR	Combien coûte un billet pour une journée?
1817	corpus-6-train	FR	Est-ce que vous m'avez appelé?
1818	corpus-6-train	FR	Quel est votre numéro de vol?
1821	corpus-6-train	FR	Connaissez-vous les goûts vestimentaires de votre ami?
1822	corpus-6-train	FR	C'est là où je dois aller pour les bagages perdus?
1823	corpus-6-train	FR	J'en ai besoin tout de suite.
1825	corpus-6-train	FR	Combien ça fait en tout?
1827	corpus-6-train	FR	Savez-vous où trouver des distributeurs ou des banques par ici?
1828	corpus-6-train	FR	Je suis désolé mais je veux annuler ma réservation.
1830	corpus-6-train	FR	Je serai là à seize heures environ.
1831	corpus-6-train	FR	Je veux partir un jour plus tôt.
1832	corpus-6-train	FR	Quelles sont les spécialités du magasin?
1834	corpus-6-test-corpus-26-train	FR	Est-ce que je peux déjeuner maintenant?
1837	corpus-6-test-corpus-26-train	FR	Je dois changer ces dollars.
1841	corpus-6-train	FR	Serait-il possible de demander si on pourrait prendre un vol postérieur?
1842	corpus-6-train	FR	Est-ce que le train de Sydney a du retard?
1844	corpus-6-dev	FR	Est-ce que vous avez des maux de tête?
1847	corpus-6-train	FR	Vous ne pouvez pas emmener ça au Japon. C'est indiqué dans la Convention de Washington.
1850	corpus-6-dev	FR	Pourriez-vous venir me chercher à la gare la plus proche, s'il vous plaît?
1851	corpus-6-dev	FR	Oui. Certainement.
1852	corpus-6-train	FR	Je voudrais annuler ma réservation.
1854	corpus-6-train	FR	D'accord, juste un peu. Oups - j'ai fait tomber ma fourchette. Excusez-moi.
1855	corpus-6-train	FR	Où se trouve le quartier historique de la ville?
1857	corpus-6-dev	FR	Pourriez-vous me donner des journaux ou des magazines?
1859	corpus-6-train	FR	Est-ce que vous en avez un peu plus petit?
1863	corpus-6-train	FR	Est-ce que nous devons laisser nos appareils photo à l'entrée?
1865	corpus-6-train	FR	Quel est le jour de fermeture?
1867	corpus-6-test-corpus-26-train	FR	Il me faut un taxi. Je suis à South Main et Liberty.
1869	corpus-6-train	FR	Je crois que oui. Un petit moment, je vous prie.
1875	corpus-6-train	FR	Comment puis-je reconnaître cette personne?
1876	corpus-6-test-corpus-26-dev	FR	Certainement. Désirez-vous une permanente?
1878	corpus-6-test-corpus-26-train	FR	Ce n'est pas une pomme mais une pêche.
1879	corpus-6-dev	FR	Je voudrais un livre de grammaire.
1880	corpus-6-train	FR	Veuillez vous présenter à la porte trente-neuf à seize heures quarante-cinq.
1881	corpus-6-train	FR	A quelle heure arrive le prochain bus?
1883	corpus-6-train	FR	Est-ce que je peux louer un vélo?
1884	corpus-6-dev	FR	Est-ce qu'il y a un court de tennis pas loin d'ici?
1886	corpus-6-train	FR	Où se trouve l'hôte?
1887	corpus-6-train	FR	Avez-vous un guide expérimenté?
1889	corpus-6-dev	FR	Quand fleurissent les cerisiers tant célébrés par les Japonais?
1890	corpus-6-train	FR	Oui, c'est moi.
1891	corpus-6-train	FR	Je vais à la Tour de Londres. Pourriez-vous m'indiquer comment m'y rendre?
1892	corpus-6-train	FR	Est-ce que je pourrais avoir une grande pizza au fromage?
1894	corpus-6-train	FR	Il faut environ quarante minutes en bus.
1895	corpus-6-train	FR	C'est près d'ici?
1896	corpus-6-dev	FR	Oui, certainement. Je vous l'apporte tout de suite.
1897	corpus-6-train	FR	Je suis énervé.
1898	corpus-6-train	FR	Je ne suis pas chez moi en ce moment. Veuillez laisser un message après le bip sonore et je vous rappelle dès mon retour.
1899	corpus-6-train	FR	J'aimerais prendre l'hélicoptère pour survoler New York.
1900	corpus-6-train	FR	Assurez-vous de n'avoir rien oublié.
1901	corpus-6-train	FR	A quelle fréquence passe le bus numéro neuf?
1903	corpus-6-test-corpus-26-train	FR	Je vais vous donner une ordonnance. Apportez-la à la pharmacie.
1908	corpus-6-train	FR	J'ai perdu une de mes lentilles de contact.
1912	corpus-6-train	FR	Je prends des leçons de piano une fois par semaine.
1914	corpus-6-dev	FR	Qu'est-ce que vous voulez dessus?
1916	corpus-6-train	FR	Veuillez garder ce bagage jusqu'à trois heures.
1918	corpus-6-train	FR	Je m'appelle Yamashita.
1919	corpus-6-train	FR	Vous voyez les escaliers? Ils conduisent au quai pour prendre le train en direction opposée. Mais en fait pour visiter Londres, mieux vaut le bus que le métro. Sortez de ce côté et vous trouverez un arrêt de bus. Le numéro douze vous emmènera directement au musée. Bonne visite, Monsieur.
1922	corpus-6-train	FR	Il y a quelque chose pour vous.
1927	corpus-6-test-corpus-26-train	FR	Nous prenons l'avion trois fois par semaine, le mardi, le vendredi et le samedi.
1930	corpus-6-train	FR	Je me suis bien amusé aujourd'hui.
1931	corpus-6-test-corpus-26-dev	FR	C'est cher, n'est-ce pas?
1933	corpus-6-dev	FR	Ce genre de chapeau semble être à la mode. Je crois que je vais en acheter un aussi.
1937	corpus-6-train	FR	Pourrais-je avoir une couverture?
1938	corpus-6-train	FR	Est-ce que ce médicament est efficace pour faire tomber la fièvre?
1942	corpus-6-train	FR	C'est une voleuse.
1943	corpus-6-train	FR	En voulez-vous encore?
1944	corpus-6-train	FR	Ses yeux étaient noirs et bien séparés.
1946	corpus-6-train	FR	Oh, les plats du jour sont indiqués ici.
1948	corpus-6-test-corpus-26-train	FR	Oui, nous en avons. Nous allons vous le préparer.
1950	corpus-6-test-corpus-26-dev	FR	Pourriez-vous vous garder mes bagages jusqu'à quinze heures?
1951	corpus-6-test-corpus-26-train	FR	Non, je veux juste passer.
1954	corpus-6-test-corpus-26-dev	FR	Est-ce que je peux réserver une location de voiture ici?
1958	corpus-6-train	FR	Je vois. Je pense que je pourrais tout leur montrer en une heure.
1959	corpus-6-train	FR	Voici cinq dollars. Gardez la monnaie.
1960	corpus-6-train	FR	Veuillez réserver une table pour cinq personnes.
1961	corpus-6-train	FR	C'est trop près des toilettes. Est-ce que vous pouvez me changer de place?
1965	corpus-6-train	FR	Excusez-moi, prêtez-moi votre calculatrice, s'il vous plaît.
1967	corpus-6-train	FR	Où se trouve la salle de conférence?
1968	corpus-6-test-corpus-26-train	FR	Etes-vous américain?
1969	corpus-6-train	FR	Est-ce que c'est fait à la main?
1971	corpus-6-train	FR	Veuillez me montrer différentes coupes de cheveux?
1972	corpus-6-train	FR	Est-ce que vous avez un nuancier?
1973	corpus-6-train	FR	Est-ce que je dois être hospitalisé?
1974	corpus-6-train	FR	Nous avons des mécanismes d'autodéfense.
1975	corpus-6-train	FR	Aimeriez-vous une cigarette?
1979	corpus-6-train	FR	Désolé, nous n'en avons plus. Essayez dans une des stations de métro.
1980	corpus-6-test-corpus-26-test	FR	A cet endroit, s'il vous plaît.
1982	corpus-6-train	FR	Avez-vous votre billet de retour?
1984	corpus-6-train	FR	Est-ce que cela vous dérange de descendre un peu le store?
1985	corpus-6-test-corpus-26-train	FR	Ma voiture a calé.
1986	corpus-6-train	FR	Si nous le trouvons, nous vous appellerons.
1987	corpus-6-train	FR	Ne mettez pas de sucre, s'il vous plaît.
1988	corpus-6-test-corpus-26-train	FR	Où se trouve l'ombre à paupières?
1993	corpus-6-test-corpus-26-train	FR	Nous voudrions un coin tranquille, si possible.
1994	corpus-6-train	FR	Mon moteur a calé. Je suis sur la Cinquième Avenue au niveau de la Cinquante-septième Rue. Je vous en prie, venez aussi vite que possible.
1995	corpus-6-train	FR	L'histoire naturelle nous intéresse.
1996	corpus-6-train	FR	Nous sommes ouverts de dix heures à dix-neuf heures trente.
1997	corpus-6-test-corpus-26-train	FR	Est-ce que ce taxi est libre?
1998	corpus-6-test-corpus-26-train	FR	Est-ce que c'est une station express?
1999	corpus-6-train	FR	J'aimerais appeler le Japon, s'il vous plaît. C'est Yuki Murai de la chambre trois cent douze. Je voudrais passer un appel en PCV à M. Keisuke Murai. Le numéro de téléphone est Tokyo zéro trois trente-sept vingt-six quatre-vingt-trois quatre-vingt-onze.
2000	corpus-6-train	FR	Est-ce que je peux le voir, s'il vous plaît? Est-ce que vous l'utilisez depuis d'aujourd'hui?
2001	corpus-6-test-corpus-26-train	FR	A quelle heure dois-je venir?
2002	corpus-6-dev	FR	Quelles dénominations souhaitez-vous?
2003	corpus-6-test-corpus-26-train	FR	Je voudrais une petite carafe de vin blanc.
2005	corpus-6-test-corpus-26-train	FR	Hum. Est-ce que je peux prendre mon repas plus tard? Je ne me sens pas très bien en ce moment.
2006	corpus-6-train	FR	Je veux cesser d'utiliser un coffre-fort.
2008	corpus-6-train	FR	Ecoutez, Al, quel est le, euh, numéro de téléphone du fax là-bas au poste?
2010	corpus-6-train	FR	"Je vais vous dénoncer à ""l'Agence de Protection des Consommateurs""."
2011	corpus-6-train	FR	Je voudrais des écouteurs, s'il vous plaît.
2013	corpus-6-train	FR	Ça me pince un peu les orteils.
2015	corpus-6-train	FR	Ce n'est pas de ma faute. Est-ce que vous pouvez prendre des dispositions?
2017	corpus-6-train	FR	N'y a-t-il pas une autre façon de gérer cette grave situation?
2019	corpus-6-dev	FR	Est-ce que c'est ouvert maintenant?
2020	corpus-6-train	FR	Ma main est enflée.
2023	corpus-6-train	FR	Une paire de chaussures en taille huit pouces, s'il vous plaît.
2025	corpus-6-test-corpus-26-train	FR	En fait, j'ai des nouvelles. Je vais me marier.
2026	corpus-6-dev	FR	Quelles sont les principales expositions dans cette galerie?
2030	corpus-6-train	FR	Pouvez-vous réparer cet appareil photo?
2031	corpus-6-train	FR	J'ai besoin d'un constat pour mon assurance.
2033	corpus-6-test-corpus-26-train	FR	Un autre pantalon?
2034	corpus-6-train	FR	J'ai trouvé un appartement en cherchant sur Internet.
2035	corpus-6-test-corpus-26-train	FR	Est-ce que je peux avoir un programme?
2036	corpus-6-train	FR	En centigrades, le point de congélation est à zéro.
2037	corpus-6-train	FR	J'aimerais ça pour le week-end.
2041	corpus-6-train	FR	J'ai l'estomac à l'envers. Avez-vous un médicament approprié?
2042	corpus-6-train	FR	Oui, vous avez simplement besoin d'un shampoing et d'un brushing.
2047	corpus-6-train	FR	OK. Vous?
2050	corpus-6-train	FR	D'accord. Voici votre note. Le montant total s'élève à quarante-cinq dollars et cinquante cents.
2052	corpus-6-test-corpus-26-train	FR	On est entré par effraction dans ma chambre hier soir.
2053	corpus-6-train	FR	Est-ce que je peux régler par chèque?
2055	corpus-6-test-corpus-26-train	FR	Montrez-moi le poisson que j'ai vu aujourd'hui dans le livre d'images, s'il vous plaît.
2057	corpus-6-train	FR	Je refais la cuisine.
2059	corpus-6-train	FR	Combien de temps faut-il pour expédier cette carte par avion au Japon?
2061	corpus-6-dev	FR	Nous décollons bientôt.
2063	corpus-6-train	FR	Oui, Monsieur. Est-ce que vous avez une pièce d'identité?
2064	corpus-6-train	FR	Je voudrais un jeu pour une fillette de cinq ans.
2065	corpus-6-train	FR	Je n'ai jamais été malade de ma vie.
2066	corpus-6-train	FR	Combien de milles jusqu'à Boston?
2069	corpus-6-train	FR	C'est gentil de votre part de venir au Japon.
2070	corpus-6-train	FR	Je me sens bien mieux.
2072	corpus-6-train	FR	Je reviens le vingt-cinq mars.
2073	corpus-6-train	FR	Avez-vous des gâteaux pour les diabétiques?
2075	corpus-6-train	FR	Je voudrais du lait, s'il vous plaît.
2076	corpus-6-dev	FR	Hou la. Quelle portion gigantesque.
2077	corpus-6-train	FR	Est-ce que je peux avoir des timbres pour expédier des lettres au Japon?
2079	corpus-6-dev	FR	De quel quai part le train pour Milan?
2082	corpus-6-train	FR	Veuillez envoyer la voiture à l'Alfa Hotel le six à neuf heures du matin, s'il vous plaît.
2083	corpus-6-test-corpus-26-train	FR	Consulter les instructions sur l'emballage sous vide des aliments.
2085	corpus-6-train	FR	Je vais survoler New York en hélicoptère.
2086	corpus-6-test-corpus-26-train	FR	Je veux des billets.
2087	corpus-6-train	FR	Ça a l'air génial.
2088	corpus-6-train	FR	Pourriez-vous me montrer votre carte d'embarquement, s'il vous plaît?
2090	corpus-6-train	FR	Votre whisky coûte cinquante cents.
2092	corpus-6-train	FR	Une croisière Alligator? C'est amusant?
2093	corpus-6-train	FR	Ne frappe pas le fond de sable avec tes nageoires.
2094	corpus-6-train	FR	C'est pour le travail?
2095	corpus-6-dev	FR	Veuillez m'indiquer comment passer un appel international.
2096	corpus-6-train	FR	Pourriez-vous échanger ce billet de cinquante dollars contre dix billets de cinq dollars?
2097	corpus-6-dev	FR	Est-ce que je peux prendre cette valise à bord?
2098	corpus-6-train	FR	Veuillez suivre cette direction.
2100	corpus-6-test-corpus-26-test	FR	Il m'a piqué mon portefeuille et s'est enfui.
2101	corpus-6-train	FR	Ce n'est pas très loin. Environ quinze minutes.
2102	corpus-6-train	FR	J'aimerais retirer ce montant.
2103	corpus-6-train	FR	Combien de temps avant de commencer à me sentir mieux?
2107	corpus-6-train	FR	Je l'ai acheté hier et c'est déjà cassé.
2108	corpus-6-dev	FR	Mon budget est de cinquante dollars.
2109	corpus-6-dev	FR	Je vous passe M. Suzuki.
2114	corpus-6-train	FR	Si on disait six heures?
2115	corpus-6-train	FR	Immédiatement, s'il vous plaît.
2116	corpus-6-train	FR	Je suis très heureux de vous voir.
2117	corpus-6-train	FR	Où est-ce que je peux prendre le bus numéro neuf?
2118	corpus-6-train	FR	J'espère que nous aurons un vol agréable.
2119	corpus-6-test-corpus-26-train	FR	N'as-tu pas des leçons d'essai?
2120	corpus-6-train	FR	Y a-t-il un endroit où je peux passer un coup de téléphone?
2122	corpus-6-train	FR	Je suis dans la salle de bains. Il n'y a pas d'eau chaude dans la douche.
2123	corpus-6-train	FR	Gardez ces bagages s'il vous plaît.
2124	corpus-6-train	FR	Trois nuits à partir du premier juillet. A combien sont vos chambres?
2125	corpus-6-train	FR	Donnez-moi quinze litres de super, s'il vous plaît.
2126	corpus-6-train	FR	Pourriez-vous me montrer comment marche cet ouvre-boîte?
2127	corpus-6-train	FR	Est-ce que sera prêt bientôt?
2128	corpus-6-train	FR	Quel vin me conseillez-vous pour accompagner ce plat?
2132	corpus-6-train	FR	J'ai perdu ma carte de transit.
2133	corpus-6-train	FR	Y a-t-il un échangeur de monnaie étrangère près d'ici?
2135	corpus-6-train	FR	Qui sont les joueurs les plus populaires?
2136	corpus-6-train	FR	Où se trouve le comptoir des objets trouvés?
2137	corpus-6-train	FR	Où puis-je voir un film?
2138	corpus-6-train	FR	Je voudrais un hot dog, s'il vous plaît.
2140	corpus-6-train	FR	Est-ce qu'il y a un train express?
2146	corpus-6-train	FR	Je peux l'envoyer à la poste pour vous.
2147	corpus-6-test-corpus-26-train	FR	Où puis-je acheter des timbres?
2148	corpus-6-test-corpus-26-train	FR	Je viens de Grande-Bretagne.
2150	corpus-6-dev	FR	Cette dent s'est cassée.
2151	corpus-6-train	FR	Donne-moi l'appareil photo. Je veux prendre une photo.
2152	corpus-6-train	FR	Quelle différence de prix y a-t-il entre un billet de première classe et un billet de seconde classe?
2154	corpus-6-train	FR	Pourriez-vous chercher dans votre restaurant pour retrouver mon sac?
2155	corpus-6-train	FR	Une station de taxis, où?
2156	corpus-6-test-corpus-26-train	FR	Il faut que je vois ça avec ma femme.
2157	corpus-6-train	FR	C'était sympa.
2158	corpus-6-train	FR	Je voudrais quelque chose contre les maux de tête.
2161	corpus-6-test-corpus-26-train	FR	J'aimerais me faire rembourser ça.
2162	corpus-6-dev	FR	Moi aussi. Je pensais que vous pourriez m'aider avec le menu.
2163	corpus-6-train	FR	Pourriez-vous vous enregistrer ici, s'il vous plaît?
2164	corpus-6-train	FR	Je voudrais des gouttes.
2165	corpus-6-train	FR	Je veux de la cuisine française.
2166	corpus-6-train	FR	La floraison des pêchers est admirée le trois mars lors du Festival de Poupées pour les filles.
2167	corpus-6-train	FR	Le train pour Takao part de quel quai?
2171	corpus-6-train	FR	Alors, que diriez-vous de ceux-là?
2173	corpus-6-train	FR	Avez-vous des oranges?
2174	corpus-6-train	FR	Est-ce que je peux l'échanger contre quelque chose d'autre alors?
2179	corpus-6-test-corpus-26-train	FR	Il y a une cabine téléphonique devant la banque.
2180	corpus-6-test-corpus-26-train	FR	J'arriverai le neuf mars et je partirai le quatorze.
2186	corpus-6-train	FR	Excusez-moi. Est-ce que vous pouvez m'indiquer des endroits intéressants à visiter dans cette ville?
2189	corpus-6-train	FR	Est-ce qu'il y a une cafétéria dans le coin?
2190	corpus-6-train	FR	Deux allers-retours pour Boston, s'il vous plaît.
2192	corpus-6-train	FR	"Ce panneau vous demande de ""GARDER VOTRE FILE""."
2193	corpus-6-train	FR	Voulez-vous visiter un endroit en particulier?
2194	corpus-6-dev	FR	Dois-je l'emballer?
2196	corpus-6-train	FR	Oui, vous pouvez acheter des timbres dans les distributeurs du lobby.
2197	corpus-6-train	FR	Quelles chaussures sont en solde?
2201	corpus-6-train	FR	Je suis sur l'autoroute cent quatre-vingts près de la sortie de Berkeley.
2203	corpus-6-train	FR	Votre nom et votre adresse suffiront.
2205	corpus-6-test-corpus-26-train	FR	C'est un peu cher, vous ne trouvez pas?
2206	corpus-6-train	FR	Laissez-moi prendre vos bagages.
2207	corpus-6-train	FR	Ça pèse combien?
2208	corpus-6-train	FR	Appelez quelqu'un qui parle japonais.
2210	corpus-6-train	FR	C'est la chambre deux cent trente et une. Pourriez-vous apporter deux tasses de café?
2212	corpus-6-train	FR	Je crois que ce n'est pas la monnaie exacte.
2213	corpus-6-dev	FR	Il faut environ trois heures pour aller au bureau et revenir.
2214	corpus-6-train	FR	Pouvez-vous me donner le nom d'une boutique appréciée des jeunes gens?
2215	corpus-6-train	FR	Il a une moyenne à la batte de trois cent vingt-cinq.
2217	corpus-6-train	FR	Ne revenez pas, s'il vous plaît.
2218	corpus-6-train	FR	Je prend le départ à quatorze heures quinze.
2219	corpus-6-dev	FR	J'ai un billet pour Détroit et je pars à onze heures.
2220	corpus-6-train	FR	Veuillez me donner une place au milieu, mais du côté couloir.
2223	corpus-6-train	FR	Pouvez-vous m'aider à le retrouver?
2224	corpus-6-train	FR	Je cherche quelque chose fabriqué aux U.S.A.
2226	corpus-6-train	FR	Est-ce qu'il faut plus de dix minutes à pied?
2227	corpus-6-train	FR	Je crois que je suis en train de tomber amoureux de toi.
2232	corpus-6-train	FR	Quand as-tu dit que nous devions rendre notre communication?
2234	corpus-6-train	FR	Est-ce que quelqu'un s'occupe de lui?
2235	corpus-6-test-corpus-26-train	FR	Est-ce que vous avez le talon?
2236	corpus-6-test-corpus-26-train	FR	Où se trouve la gare routière?
2237	corpus-6-train	FR	Quelle est la population de votre pays?
2238	corpus-6-test-corpus-26-train	FR	Voulez-vous un dessert?
2239	corpus-6-dev	FR	Quatre personnes à dix-neuf heures trente ce soir. A quel nom?
2240	corpus-6-dev	FR	Je veux modifier ma commande.
2241	corpus-6-train	FR	Quel est l‘endroit le plus intéressant pour les touristes qui visitent l'Angleterre?
2242	corpus-6-train	FR	Je pars demain.
2245	corpus-6-train	FR	Je voudrais des cornichons au vinaigre, s'il vous plaît.
2246	corpus-6-train	FR	Est-ce que vous avez le temps ce soir?
2247	corpus-6-train	FR	Je viens de Tokyo.
2249	corpus-6-train	FR	J'aimerais un jus de fruit, s'il vous plaît.
2250	corpus-6-train	FR	Que comptez-vous visiter dans ce pays?
2251	corpus-6-train	FR	C'est fait en quoi?
2253	corpus-6-train	FR	M. Frank Schmidt, le directeur de notre usine, serait heureux de vous faire visiter les lieux.
2255	corpus-6-dev	FR	Vingt-cinq dollars avec les entrées, le guide et le car compris.
2258	corpus-6-dev	FR	D'après toi, qu'est-ce qui va avec ça?
2259	corpus-6-train	FR	J'étais sur le vol quatre cent deux de la Pan American. J'ai enregistré deux valises.
2260	corpus-6-train	FR	Je voudrais une pile pour ça, s'il vous plaît.
2263	corpus-6-train	FR	Près de la scène, s'il vous plaît.
2264	corpus-6-train	FR	En recommandé, s'il vous plaît.
2267	corpus-6-train	FR	Où se trouve le comptoir des départs?
2268	corpus-6-train	FR	Il fait chaud.
2274	corpus-6-train	FR	Je suis désolé, c'est le seul type de chambre dont nous disposons.
2277	corpus-6-train	FR	Nous nous occupons principalement des appareils électroménagers.
2278	corpus-6-train	FR	Une chambre simple sans baignoire, s'il vous plaît.
2279	corpus-6-dev	FR	Oui, je cherche une robe.
2282	corpus-6-train	FR	Nous voulons goûter à la cuisine locale.
2283	corpus-6-train	FR	Qu'est-ce qui lui arrive?
2286	corpus-6-train	FR	Emmenez mon ami à l'hôpital, s'il vous plaît.
2287	corpus-6-train	FR	Vous m'avez vraiment aidé.
2290	corpus-6-train	FR	Le Metropolitan Museum of Art est excellent.
2291	corpus-6-train	FR	Ce raisin a bon goût.
2293	corpus-6-train	FR	Quel numéro dois-je composer pour les renseignements?
2295	corpus-6-train	FR	Où se trouve le téléphone?
2296	corpus-6-train	FR	Nous allons organiser une réunion et prendre une décision dans la semaine.
2300	corpus-6-train	FR	Veuillez me donner un reçu pour ma compagnie d'assurance.
2302	corpus-6-test-corpus-26-train	FR	Est-ce vous parlez?
2304	corpus-6-train	FR	Oui, c'est vrai. Le ciel a l'air menaçant.
2306	corpus-6-test-corpus-26-train	FR	La même chose pour moi, s'il vous plaît.
2307	corpus-6-train	FR	Ce vin m'a vraiment détendu.
2309	corpus-6-train	FR	Il y en a un qui manque. J'en ai acheté cinq en tout.
2312	corpus-6-dev	FR	Merci beaucoup de m'avoir conduit ici après les heures de travail. J'apprécie vraiment votre aide.
2314	corpus-6-train	FR	Quel est le repas le plus rapide?
2315	corpus-6-train	FR	Combien pour une nuit?
2316	corpus-6-train	FR	Certainement. Un moment, Monsieur.
2318	corpus-6-test-corpus-26-train	FR	Ma commande n'est pas arrivée.
2319	corpus-6-train	FR	Ne me réveillez pas pour les repas.
2321	corpus-6-train	FR	Bien sûr, s'il vous plaît.
2322	corpus-6-train	FR	Ne vous inquiétez pas. J'en ai appelé un depuis la caserne.
2323	corpus-6-train	FR	Combien ça coûte pour aller au Holiday Inn en taxi?
2324	corpus-6-test-corpus-26-train	FR	Il y a beaucoup de sources d'eau chaude.
2325	corpus-6-train	FR	Tu m'as manqué.
2326	corpus-6-train	FR	Je suis désolé. J'ai renversé du café.
2328	corpus-6-train	FR	Non, juste quelques mois. Je suppose que je serai ici environ trois ans.
2329	corpus-6-test-corpus-26-train	FR	Veuillez échanger cinquante mille yens contre des dollars américains.
2333	corpus-6-train	FR	Est-ce la poste est à proximité?
2334	corpus-6-train	FR	Je voudrais louer un équipement de planche à voile.
2336	corpus-6-train	FR	Avez-vous des spécialités locales?
2337	corpus-6-train	FR	Pouvez-vous me garder cette place?
2338	corpus-6-test-corpus-26-train	FR	C'est parfait pour moi. En fait, je voudrais fumer.
2339	corpus-6-train	FR	Je ne comprends pas ce que vous racontez.
2340	corpus-6-train	FR	Bonjour, où se trouve notre cabine, s'il vous plaît? Pouvez-vous nous diriger?
2345	corpus-6-train	FR	Je n'oublierai jamais le moment que nous avons passé sous cet arbre par une belle journée d'été.
2346	corpus-6-train	FR	Est-ce que c'est la bonne fenêtre?
2347	corpus-6-test-corpus-26-test	FR	Où puis-je louer des skis et des chaussures?
2349	corpus-6-dev	FR	C'est censé se réchauffer ce soir.
2353	corpus-6-test-corpus-26-dev	FR	Avez-vous oublié nos consommations?
2356	corpus-6-train	FR	Voici mon nom complet et mon adresse.
2357	corpus-6-train	FR	Combien coûte une chambre avec deux lits jumeaux?
2360	corpus-6-train	FR	Ce vin n'est pas bon.
2364	corpus-6-train	FR	Pourriez-vous apporter un oreiller à la chambre cent onze, s'il vous plaît?
2366	corpus-6-train	FR	Au troisième étage, à quel endroit?
2368	corpus-6-test-corpus-26-test	FR	Pourriez-vous l'expédier à mon adresse au Japon en contre-remboursement international?
2369	corpus-6-train	FR	Je n'ai pas d'ordonnance.
2371	corpus-6-dev	FR	Où se trouve le cimetière?
2372	corpus-6-train	FR	Je dois dire au-revoir.
2373	corpus-6-train	FR	Au fait, où se trouve le rayon cravates?
2374	corpus-6-train	FR	Pourriez-vous m'indiquer comment m'y rendre?
2375	corpus-6-train	FR	L'entracte dure une demi-heure. Vous pouvez manger quelque chose de léger au snack-bar du premier étage.
2377	corpus-6-train	FR	Pourriez-vous m'aider, s'il vous plaît?
2379	corpus-6-train	FR	Bienvenue à bord d'Air France.
2380	corpus-6-train	FR	Est-ce que nous avons le temps de faire un tour?
2381	corpus-6-test-corpus-26-train	FR	Je désirerais un verre de vin rouge.
2382	corpus-6-train	FR	Mon rêve s'est réalisé.
2383	corpus-6-train	FR	Pas de ketchup, s'il vous plaît.
2386	corpus-6-train	FR	Où sont les docks?
2388	corpus-6-dev	FR	C'est tordu.
2389	corpus-6-test-corpus-26-train	FR	Seulement si c'est le vôtre, Monsieur. Eh, eh, juste une petite plaisanterie.
2390	corpus-6-train	FR	Parfait. Voici votre clef. Votre chambre est la mille cent neuf.
2391	corpus-6-train	FR	Où puis-je acheter des assiettes?
2393	corpus-6-train	FR	Désolé de vous interrompre mais abordons le sujet principal. Nous avons beaucoup de choses à discuter aujourd'hui.
2394	corpus-6-train	FR	Je suis allergique aux antibiotiques.
2397	corpus-6-train	FR	J'ai des devoirs d'anglais, de maths et de français.
2399	corpus-6-train	FR	Je vais vous faire un plan.
2401	corpus-6-test-corpus-26-train	FR	Certainement. Comment puis-je vous aider?
2403	corpus-6-train	FR	Est-ce que vous acceptez les dollars?
2404	corpus-6-train	FR	Le visa est valable six mois.
2407	corpus-6-train	FR	Ce n'est pas grave. Nous n'en avons pas besoin pour ce soir.
2408	corpus-6-train	FR	Oh, il arrive.
2409	corpus-6-dev	FR	Par voie maritime?
2411	corpus-6-dev	FR	C'est dangereux si vous ne prenez pas un taxi pour rentrer à l'hôtel.
2412	corpus-6-test-corpus-26-dev	FR	Nous avons de la bière, du whisky, du cognac, du gin, de la vodka et du vin.
2413	corpus-6-train	FR	Non, j'ai bien peur que nous ne soyons en retard de quelques heures.
2414	corpus-6-train	FR	Des cigarettes sans filtre, s'il vous plaît.
2416	corpus-6-train	FR	Je descends au prochain arrêt.
2418	corpus-6-train	FR	Appel en PCV pour M. Ogawa, Tokyo quatre cinq six sept.
2419	corpus-6-train	FR	Je comprends. Veuillez remplir ce formulaire. Nous ne pourrons peut-être pas le retrouver. Vous devriez donc appeler votre banque.
2420	corpus-6-train	FR	Je suis vraiment désolé, Monsieur. Nous devons le déclarer à la police.
2424	corpus-6-train	FR	Est-ce qu'il y a des magasins discount dans le coin?
2425	corpus-6-test-corpus-26-train	FR	Identité? Oh, oui. Est-ce qu'un passeport vous convient?
2427	corpus-6-train	FR	Sa suggestion a été acceptée.
2428	corpus-6-test-corpus-26-train	FR	Le numéro de ma chambre est le trois cent vingt-six. Pouvez-vous prendre mon linge?
2429	corpus-6-train	FR	Veuillez me montrer le récépissé de la facture.
2431	corpus-6-train	FR	Donnez-moi des adresses.
2433	corpus-6-train	FR	Oui, j'ai deux cartouches.
2435	corpus-6-train	FR	Au voleur. Arrêtez-le.
2439	corpus-6-train	FR	Oui, nous avons quatre-vingt dix-neuf sortes de plats.
2440	corpus-6-test-corpus-26-train	FR	Je vais voir si j'en trouve un qui me va.
2441	corpus-6-test-corpus-26-train	FR	Je voudrais une bouilloire.
2445	corpus-6-test-corpus-26-train	FR	Apportez-moi du fromage râpé.
2448	corpus-6-train	FR	Veuillez appeler un médecin japonais.
2449	corpus-6-train	FR	Il est sorti déjeuner. Il rentrera dans dix minutes.
2453	corpus-6-dev	FR	Est-ce nous arriverons à l'heure?
2454	corpus-6-train	FR	Puis-je vous demander de me faire un plan pour aller à la poste, s'il vous plaît?
2455	corpus-6-train	FR	Que quelqu'un m'aide, je vous en supplie.
2456	corpus-6-train	FR	Mon appareil photo semble être cassé. Pourriez-vous y jeter un coup d'œil?
2457	corpus-6-train	FR	Y a-t-il une autre ligne de bus qui va là-bas?
2459	corpus-6-train	FR	C'est le prix de l'ensemble ou de chaque article?
2460	corpus-6-train	FR	Quelle sauce aimeriez-vous? Nous avons de la vinaigrette, de la sauce au fromage bleu ainsi que de la sauce Aurore.
2461	corpus-6-dev	FR	Je voudrais de la monnaie.
2462	corpus-6-test-corpus-26-train	FR	Est-ce que mes chemises peuvent être lavées d'ici demain matin?
2464	corpus-6-dev	FR	Pourriez-vous parler plus lentement s'il vous plaît?
2465	corpus-6-train	FR	Non, vous avez bien deviné. J'ai divorcé il y a environ six mois.
2467	corpus-6-train	FR	Certainement, Monsieur. Quelle cuisson pour votre steak?
2468	corpus-6-train	FR	Pourriez-vous me dire comment contrôler la température de la pièce?
2469	corpus-6-train	FR	Tout va bien.
2474	corpus-6-train	FR	Quel est le kimono de soirée?
2475	corpus-6-train	FR	Je vais aux toilettes plusieurs fois par heure.
2476	corpus-6-test-corpus-26-train	FR	Pourriez-vous lui demander de me rappeler?
2481	corpus-6-train	FR	J'aimerais un verre de vin rouge, s'il vous plaît.
2482	corpus-6-dev	FR	Je cherche une écharpe en soie.
2483	corpus-6-train	FR	Portez mes bagages, voulez-vous?
2485	corpus-6-train	FR	Est-ce que ce bus va à Boston?
2486	corpus-6-dev	FR	Je pars à sept heures demain matin et j'aimerais avoir ma facture maintenant.
2488	corpus-6-train	FR	Egalisez-les un peu au-dessus des sourcils.
2489	corpus-6-train	FR	Je vais prendre ceci et cela.
2490	corpus-6-test-corpus-26-train	FR	Alors pourquoi?
2492	corpus-6-test-corpus-26-train	FR	Excusez-moi. Est-ce qu'il y a une librairie par ici?
2493	corpus-6-train	FR	Je veux envoyer ça par voie maritime.
2494	corpus-6-train	FR	Veuillez raccrocher. Je vous rappellerai plus tard.
2495	corpus-6-train	FR	Le bain a débordé.
2496	corpus-6-test-corpus-26-test	FR	Je crois que vous avez commis une erreur. La chambre était payée à l'avance. J'ai le reçu.
2497	corpus-6-dev	FR	Il y a quatre saisons distinctes.
2498	corpus-6-train	FR	D'accord. Je crois que je vais vous faire une remise de trois pour cent.
2501	corpus-6-train	FR	Ma carte de crédit ne sort pas du distributeur.
2505	corpus-6-test-corpus-26-train	FR	Le bus est là-bas.
2507	corpus-6-train	FR	Le modèle pourrait être plus facile à utiliser.
2508	corpus-6-train	FR	J'ai ces symptômes depuis ce matin.
2509	corpus-6-train	FR	C'est Kida, de la chambre sept cent vingt-neuf. J'ai très mal à l'estomac. Pourriez-vous m'appeler un médecin, s'il vous plaît.
2514	corpus-6-train	FR	Je te déteste.
2516	corpus-6-test-corpus-26-train	FR	Je voudrais deux pellicules couleur ISO cent, trente-six poses, s'il vous plaît.
2519	corpus-6-test-corpus-26-train	FR	Je voudrais encaisser les soixante-dix dollars de ce chèque.
2520	corpus-6-train	FR	Je voudrais réserver une suite.
2521	corpus-6-test-corpus-26-train	FR	Je voudrais acheter dix timbres pour des cartes postales à expédier au Japon, s'il vous plaît.
2523	corpus-6-train	FR	Où se trouve la station-service?
2524	corpus-6-train	FR	Est-ce que c'est une infection?
2525	corpus-6-dev	FR	Il faudra environ trois mois pour vous refaire une carte. Inscrivez sur cette feuille le nom de votre hôtel ainsi que votre numéro de téléphone pour que nous puissions vous joindre.
2526	corpus-6-train	FR	Est-ce que cette limousine se rend à l'hôtel Palace?
2527	corpus-6-dev	FR	Est-ce que tu iras à l'école?
2528	corpus-6-test-corpus-26-train	FR	Est-ce qu'il y a des banques à côté de la gare?
2530	corpus-6-train	FR	Désirez-vous boire quelque chose?
2531	corpus-6-test-corpus-26-train	FR	Je crains qu'il n'y ait une erreur dans l'addition.
2535	corpus-6-dev	FR	Je voudrais une tente.
2537	corpus-6-train	FR	Je l'ai trouvé.
2539	corpus-6-train	FR	Je cherche du fil.
2541	corpus-6-train	FR	Pourquoi est-ce que tu étudies autant?
2546	corpus-6-train	FR	Est-ce que notre commande va bientôt arriver?
2547	corpus-6-train	FR	Qu'est-ce qui est le plus proche d'ici?
2552	corpus-6-test-corpus-26-test	FR	C'est juste ici.
2554	corpus-6-train	FR	Est-ce que ce train s'arrête à Adélaïde?
2556	corpus-6-train	FR	Veuillez m'envoyer un porteur.
2557	corpus-6-test-corpus-26-train	FR	Un cheeseburger à emporter, s'il vous plaît.
2558	corpus-6-train	FR	Je veux celui-là.
2560	corpus-6-train	FR	Par ici, je vous prie. Cette place près de la fenêtre est la vôtre.
2561	corpus-6-train	FR	Je voudrais des gouttes pour le nez.
2562	corpus-6-train	FR	Est-ce que c'est une station de métro ou une gare normale?
2564	corpus-6-train	FR	Où se trouve la salle d'embarquement?
2565	corpus-6-dev	FR	Il est treize heures quatre.
2566	corpus-6-train	FR	Ça prendra un peu de temps à préparer, mais.
2568	corpus-6-train	FR	Cet après-midi nous devons décider si nous poursuivons nos projets pour l'installation d'une succursale en Amérique Latine et, si c'est le cas, précisément où, quand et comment.
2569	corpus-6-train	FR	Est-ce que je peux remettre ça à plus tard?
2571	corpus-6-dev	FR	Vous pouvez bénéficier du système hors taxe pour les achats qui dépassent les quatre-vingt dix-neuf dollars.
2572	corpus-6-train	FR	Brown. Mon nom est sur le côté.
2573	corpus-6-train	FR	Le chasseur va vous ouvrir la porte avec le passe-partout. Un moment, s'il vous plaît. Votre nom et votre numéro de chambre?
2575	corpus-6-train	FR	J'aime beaucoup écouter de la musique soul.
2578	corpus-6-test-corpus-26-test	FR	Il est devenu impossible de faire de la conception sans ordinateur.
2579	corpus-6-train	FR	La batterie est à plat.
2580	corpus-6-dev	FR	Je vois. Alors, deux billets aller-retour pour San Diego, s'il vous plaît.
2583	corpus-6-train	FR	Voici votre café.
2584	corpus-6-train	FR	Quelle heure est-il?
2586	corpus-6-train	FR	Est-ce que je dois avoir un permis de pêche?
2588	corpus-6-train	FR	Nous voudrions une table près de la fenêtre.
2591	corpus-6-test-corpus-26-train	FR	Cours.
2592	corpus-6-train	FR	Je suis au chômage.
2596	corpus-6-train	FR	Est-ce qu'il y a une école de plongée?
2597	corpus-6-train	FR	Pourriez-vous descendre mes bagages à sept heures du matin?
2598	corpus-6-train	FR	Est-ce que les consommations sont payantes?
2599	corpus-6-train	FR	J'adore Goya. J'ai hâte de voir ses tableaux.
2601	corpus-6-test-corpus-26-train	FR	Mon chemisier est déchiré ici. Vous ne pourriez pas me le recoudre, s'il vous plaît.
2602	corpus-6-train	FR	Est-ce que je peux avoir des disques à prix d'aubaine là-bas?
2603	corpus-6-train	FR	Est-ce qu'il y a un bus pour l'aéroport?
2604	corpus-6-train	FR	Eh bien, quand vous viendrez au Japon, venez me rendre visite.
2606	corpus-6-train	FR	Oh, presque une heure. C'est assez loin.
2607	corpus-6-dev	FR	C'est parfait pour la plage.
2608	corpus-6-train	FR	Combien de temps faut-il pour faire l'aller-retour?
2610	corpus-6-train	FR	Pourriez-vous garder mes bagages jusqu'à quatre heures?
2613	corpus-6-test-corpus-26-dev	FR	Quel est le montant de la course pour Manchester?
2614	corpus-6-train	FR	Il faut environ quarante minutes. Prenez une brochure japonaise si vous voulez.
2615	corpus-6-train	FR	Cinquante cents par mot. C'est plus cher que je ne le pensais.
2617	corpus-6-train	FR	Est-ce que je peux laisser ce chariot devant l'entrée?
2619	corpus-6-train	FR	Ces articles sont-ils détaxés?
2621	corpus-6-train	FR	L'important, c'est de bien s'amuser avec de bons amis.
2622	corpus-6-train	FR	Je voudrais réserver une chambre avec des lits jumeaux et baignoire pour deux nuits à partir du trois mai.
2623	corpus-6-train	FR	Est-ce vous pouvez les livrer d'ici à demain matin?
2625	corpus-6-dev	FR	Le vol Canadian Airlines zéro vingt et un a été annulé en raison de la tempête de neige.
2626	corpus-6-train	FR	Est-ce que vous expédiez des livres au Japon?
2627	corpus-6-train	FR	Combien de temps allez-vous rester?
2630	corpus-6-train	FR	Est-ce que les rayons X ne risquent pas d'endommager la pellicule?
2631	corpus-6-train	FR	Je suis au régime, alors donnez-moi une petite portion, s'il vous plaît.
2632	corpus-6-train	FR	Le vol a été annulé. Nous vous emmenons dans un hôtel.
2633	corpus-6-train	FR	J'arriverai en retard mais gardez ma réservation, je vous prie.
2635	corpus-6-train	FR	A quelle heure?
2643	corpus-6-test-corpus-26-train	FR	Pourriez-vous me prêter un câble de démarrage?
2644	corpus-6-test-corpus-26-train	FR	Où pourrais-je acheter une natte de plage?
2646	corpus-6-train	FR	Faites-moi une remise s'il vous plaît.
2647	corpus-6-train	FR	Je suis juste devant ma chambre. C'est le numéro deux cent un.
2648	corpus-6-train	FR	Nous avons dix chambres simples, huit chambres doubles et neuf chambres avec des lits jumeaux.
2649	corpus-6-train	FR	Nous pouvons enregistrer nos affaires ici.
2653	corpus-6-train	FR	Posez le sur la balance, s'il vous plaît. Soixante-quinze cents.
2654	corpus-6-train	FR	Est-ce que vous pourriez me prendre à Union Station et m'y ramener ensuite?
2655	corpus-6-train	FR	Je voudrais voir ça.
2658	corpus-6-train	FR	Eh bien, parce que nous savons que le gouvernement va introduire d'autres mesures de soutien.
2662	corpus-6-train	FR	"Est-ce que vous avez des autocollants ""par avion""?"
2663	corpus-6-dev	FR	Pourrai-je trouver tout ce qu'il y a sur cette liste au supermarché ou dois-je aller aussi à la pharmacie?
2664	corpus-6-train	FR	Non, pas du tout, mais vous devez acheter l'essence. Veuillez faire le plein avant de ramener la voiture.
2665	corpus-6-train	FR	Je voudrais expédier cette carte postale par avion au Japon.
2668	corpus-6-train	FR	A New York. Et l'agence de voyages m'a dit que c'était d'accord.
2669	corpus-6-train	FR	Merci pour tout.
2670	corpus-6-test-corpus-26-test	FR	Alors, faites-moi une nouvelle réservation, s'il vous plaît.
2672	corpus-6-train	FR	Pensez-vous que je devrais retourner au Japon?
2673	corpus-6-train	FR	Pourrais-je vous demander votre nom, s'il vous plaît?
2675	corpus-6-train	FR	Au taux d'aujourd'hui, voilà le montant.
2676	corpus-6-test-corpus-26-train	FR	Donnez-moi une tranche de jambon braisé, mais pas aussi épaisse que celle-là.
2678	corpus-6-test-corpus-26-train	FR	Nous venons à sept heures.
2680	corpus-6-dev	FR	Où se trouve l'exposition?
2682	corpus-6-train	FR	Pourrais-je me servir de la baignoire ou de la douche ce soir?
2687	corpus-6-test-corpus-26-train	FR	Quand je vois des prix aussi bas, il me semble ridicule d'acheter quoi que ce soit au Japon.
2690	corpus-6-test-corpus-26-train	FR	Mes dossiers ont également été volés.
2691	corpus-6-train	FR	Le numéro est le deux cent neuf, cinq cent cinquante cinq, douze, douze.
2692	corpus-6-train	FR	Nous sommes un groupe de trois.
2693	corpus-6-train	FR	Allez, faites-moi un meilleur prix.
2695	corpus-6-test-corpus-26-train	FR	Un cornet de glace à la vanille, s'il vous plaît.
2697	corpus-6-train	FR	D'après votre réservation, vous pourrez commencer à quatorze heures. Cependant une autre réception va bientôt se terminer.
2698	corpus-6-train	FR	Avez-vous réservé?
2699	corpus-6-train	FR	Je vais aux toilettes toutes les demi-heures.
2700	corpus-6-dev	FR	Combien de temps faut-il par courrier maritime?
2702	corpus-6-test-corpus-26-train	FR	Je suis d'accord. C'est devenu tout à fait naturel.
2703	corpus-6-train	FR	Juste ici?
2704	corpus-6-test-corpus-26-train	FR	Attention à la marche, attention à la marche, prenez garde aux portes, s'il vous plaît.
2706	corpus-6-train	FR	Je vais rester trois nuits.
2707	corpus-6-test-corpus-26-train	FR	J'aurai besoin d'une carte de crédit.
2708	corpus-6-test-corpus-26-dev	FR	Voici le numéro.
2710	corpus-6-dev	FR	Je voudrais changer mon vol.
2711	corpus-6-train	FR	Est-ce qu'il y a une station de métro dans le coin?
2712	corpus-6-train	FR	C'est M. Kobayakawa à l'appareil. Pourrais-je parler à M. Thomas?
2714	corpus-6-train	FR	A quelle heure part ce train?
2715	corpus-6-test-corpus-26-test	FR	Indiquez-moi un bon endroit sur cette rivière, s'il vous plaît.
2717	corpus-6-train	FR	Allez-vous souvent au concert?
2720	corpus-6-dev	FR	J'aimerais prendre une leçon de ski.
2721	corpus-6-train	FR	Je me renseigne sur vos appartements à louer.
2722	corpus-6-dev	FR	Pour une personne?
2726	corpus-6-test-corpus-26-train	FR	Veuillez me fournir un constat.
2727	corpus-6-train	FR	Donnez-moi une petite bouteille.
2729	corpus-6-test-corpus-26-train	FR	Non merci, pas pour le moment.
2731	corpus-6-train	FR	Où est-ce que les gens d'ici mangent d'habitude?
2732	corpus-6-train	FR	Aviez-vous une carte de retrait à l'intérieur?
2733	corpus-6-train	FR	Ce sera quarante dollars plus les taxes, ce qui nous fait quarante-trois dollars.
2734	corpus-6-test-corpus-26-train	FR	OK, veuillez rester en ligne. M. Nakajima, Mme Saito ne semble pas répondre à votre appel. Voulez-vous que je laisse sonner un peu plus longtemps?
2735	corpus-6-train	FR	Est-ce c'est un jeu facile pour un petit garçon de deux ans?
2736	corpus-6-test-corpus-26-dev	FR	Peut-être, mais nous devons les peser séparément.
2737	corpus-6-train	FR	Je veux expédier ces cartes postales au Japon.
2739	corpus-6-train	FR	Je viens de France.
2740	corpus-6-train	FR	Pourrais-je voir votre billet?
2742	corpus-6-train	FR	Deux allers pour Washington D.C, s'il vous plaît.
2743	corpus-6-dev	FR	Est-ce qu'on peut jouer avec ces chaussures?
2744	corpus-6-train	FR	Pourriez-vous réparer cet accroc dans mon pantalon?
2745	corpus-6-train	FR	Veuillez passer un appel en PCV.
2747	corpus-6-test-corpus-26-train	FR	Il me semble un peu trop saignant.
2748	corpus-6-test-corpus-26-train	FR	Où se trouve le comptoir de réclamation des bagages du vol sept cent trois?
2749	corpus-6-train	FR	Je ne connais pas la taille.
2750	corpus-6-train	FR	Où se trouve le téléphone le plus proche?
2753	corpus-6-train	FR	Oui, je vous en prie. J'attendrai votre appel.
2754	corpus-6-train	FR	Pouvez-vous m'accorder une ristourne pour trois nuits?
2756	corpus-6-train	FR	Est-ce que je peux prendre un message?
2758	corpus-6-train	FR	Au théâtre, près de la bibliothèque. Mais vous devriez faire une réservation.
2760	corpus-6-test-corpus-26-train	FR	Vous ne tenez pas votre club comme il faut.
2761	corpus-6-train	FR	Excusez-moi. Pourrais-je avoir un plan de la ville?
2763	corpus-6-train	FR	N'est-ce pas dangereux?
2764	corpus-6-train	FR	La file est longue.
2765	corpus-6-test-corpus-26-train	FR	Est-ce c'est périssable?
2766	corpus-6-train	FR	Je voudrais des œufs sur le plat, des toasts et un jus de tomate.
2767	corpus-6-train	FR	Une carte, s'il vous plaît.
2769	corpus-6-train	FR	Pourriez-vous casser ceci, s'il vous plaît?
2770	corpus-6-train	FR	Avez-vous un autre formulaire d'inscription?
2772	corpus-6-test-corpus-26-train	FR	Non, merci. Je ferais mieux de ne plus boire.
2774	corpus-6-train	FR	Y a-t-il une étiquette à votre nom sur vos bagages?
2776	corpus-6-train	FR	Rien à déclarer?
2777	corpus-6-train	FR	Une chambre double, s'il vous plaît.
2778	corpus-6-train	FR	Aucun siège n'est réservé. Vous pouvez prendre celui que vous voulez.
2780	corpus-6-train	FR	Je voudrais des saucisses, s'il vous plaît.
2782	corpus-6-dev	FR	Il a pris mon sac.
2783	corpus-6-train	FR	Vous êtes coréen?
2784	corpus-6-train	FR	Non, mais nous avons une toute nouvelle voiture de remplacement compacte. La rouge là-bas.
2786	corpus-6-train	FR	Vous avez dit notre taux de change. Est-ce que cela veut dire que chaque banque a un taux différent?
2787	corpus-6-dev	FR	Qu'est-ce que je dois porter?
2788	corpus-6-train	FR	Combien de pièces faut-il?
2790	corpus-6-train	FR	Mesurez-le, s'il vous plaît.
2791	corpus-6-train	FR	Je voudrais une pendule.
2793	corpus-6-train	FR	Dans quelle ville le bus s'arrête-t-il au prochain arrêt?
2795	corpus-6-train	FR	Oh, vous êtes très malin, n'est-ce pas?
2796	corpus-6-train	FR	Des francs suisses, OK?
2797	corpus-6-train	FR	Combien de temps faut-il pour aller de Los Angeles à San Francisco?
2799	corpus-6-train	FR	Bonjour. Pourrais-je vous aider?
2800	corpus-6-train	FR	Je voudrais quelque chose contre les indigestions.
2801	corpus-6-train	FR	Je voudrais parler de cet endroit à mes amis. Alors, est-ce que vous pourriez me donner une brochure de l'hôtel?
2802	corpus-6-train	FR	J'ai perdu mon passeport. Veuillez remplir une déclaration de vol.
2804	corpus-6-train	FR	Où m'emmène-t-il?
2807	corpus-6-train	FR	Où y a-t-il un téléphone?
2808	corpus-6-test-corpus-26-train	FR	Veuillez me donner le nom des rues les plus commerçantes pour faire mes achats.
2809	corpus-6-train	FR	Excusez-moi un moment.
2810	corpus-6-train	FR	Je vous écrirai.
2811	corpus-6-test-corpus-26-dev	FR	Est-ce que ce bus va à l'hôtel Hilton?
2812	corpus-6-train	FR	Quelle est la visite la plus complète de la ville?
2816	corpus-6-test-corpus-26-train	FR	Attention, il ne s'agit pas d'un tableau comme les autres. C'est une œuvre de Tsurutaro Kataoka, un artiste de renommée mondiale.
2819	corpus-6-train	FR	Pourriez-vous remplir ce formulaire, je vous prie?
2820	corpus-6-train	FR	Je voudrais un hot dog avec des oignons, s'il vous plaît.
2821	corpus-6-train	FR	Quelle est le plat du jour dans ce restaurant?
2822	corpus-6-train	FR	Excusez-moi. Pourriez m'indiquer le prix d'un dîner normal?
2826	corpus-6-train	FR	Veuillez changer ceci, s'il vous plaît.
2830	corpus-6-train	FR	Que diriez-vous de partir pour Paris demain matin et de prendre la correspondance Swissair l'après-midi?
2832	corpus-6-train	FR	Veuillez attendre d'être placé, s'il vous plaît.
2833	corpus-6-train	FR	Pas de plongée.
2835	corpus-6-train	FR	Oui. C'est la chambre mille cent neuf. La climatisation ne marche pas. Pouvez-vous la réparer?
2838	corpus-6-train	FR	OK. Où se trouve le bouton de l'obturateur sur cet appareil photo?
2839	corpus-6-train	FR	Nous avons signé des contrats avec la plupart des fournisseurs japonais.
2840	corpus-6-train	FR	Pourriez-vous m'indiquer le chemin de Union Square?
2841	corpus-6-train	FR	Pourriez-vous m'indiquer comment utiliser la pompe à essence?
2844	corpus-6-train	FR	Avez-vous de la moutarde?
2845	corpus-6-train	FR	A l'hôtel ZZZ. Drôle de nom, pas vrai?
2847	corpus-6-train	FR	Le corail est magnifique ici et le courant est relativement faible.
2848	corpus-6-train	FR	Quatre-vingt cinq pence.
2850	corpus-6-test-corpus-26-train	FR	J'aime énormément la musique classique.
2851	corpus-6-test-corpus-26-dev	FR	Est-ce ce que je peux vous inviter à dîner un de ces soirs?
2855	corpus-6-train	FR	C'était fascinant.
2856	corpus-6-train	FR	J'ai enregistré deux valises.
2857	corpus-6-dev	FR	Certainement. Et veuillez transmettre mes amitiés à Mme Cook qui a pris de bonnes initiatives lors de notre réunion.
2859	corpus-6-dev	FR	Avez-vous une formule d'hébergement disponible à ce prix?
2862	corpus-6-test-corpus-26-train	FR	D'accord. Quels sont le nom et le numéro de téléphone de votre correspondant, s'il vous plaît?
2863	corpus-6-train	FR	J'ai mon numéro de compte bancaire.
2867	corpus-6-train	FR	J'ai bien peur que non. Vous devrez y aller et faire le tour.
2870	corpus-6-train	FR	Je suis femme au foyer.
2871	corpus-6-test-corpus-26-train	FR	Excusez-moi. Laissez-moi sortir, s'il vous plaît.
2875	corpus-6-train	FR	Pourriez-vous m'épeler votre nom de famille, s'il vous plaît?
2876	corpus-6-train	FR	Un billet pour Chicago, s'il vous plaît.
2878	corpus-6-test-corpus-26-train	FR	Pourriez-vous appeler un employé qui parle japonais?
2880	corpus-6-train	FR	Est-ce que vous pensez pouvoir changer seul votre pneu?
2881	corpus-6-train	FR	C'est vraiment gentil. Vous devriez me rendre visite un de ces jours.
2883	corpus-6-train	FR	Où se trouve le problème? Veuillez vous expliquer, s'il vous plaît.
2884	corpus-6-dev	FR	A partir de la gauche, ils désignent la durée de fabrication, la projection des coûts et les risques financiers.
2887	corpus-6-train	FR	Pouvez-vous échanger un billet de dix dollars?
2888	corpus-6-train	FR	A quelle heure partons-nous?
2890	corpus-6-train	FR	Pourriez-vous me conseiller d'autres hôtels?
2891	corpus-6-train	FR	Je voudrais du fond de teint poudre, s'il vous plaît.
2893	corpus-6-train	FR	Le vol est-il retardé?
2894	corpus-6-train	FR	Excusez-moi.
2898	corpus-6-test-corpus-26-train	FR	Nous rendons souvent visite à notre famille.
2901	corpus-6-train	FR	Il y a un trou là.
2903	corpus-6-dev	FR	Nous n'avons que la taille quarante et un pour le moment.
2904	corpus-6-train	FR	Nous avons du café, du thé, du jus d'orange, etc. Qu'est-ce vous aimeriez?
2905	corpus-6-train	FR	Ne pas déranger.
2906	corpus-6-dev	FR	Je ne fais que passer.
2908	corpus-6-train	FR	Ça n'a pas l'air d'être assez cuit. Pourriez-vous le faire cuire un petit peu plus?
2909	corpus-6-train	FR	Pourriez-vous porter ces bagages jusqu'au taxi?
2910	corpus-6-dev	FR	J'en voudrais un robuste.
2913	corpus-6-train	FR	Pourrais-je avoir du poivre, s'il vous plaît?
2915	corpus-6-train	FR	Non, j'ai de la chance. Allez.
2920	corpus-6-train	FR	Où pourrais-je faire mes achats?
2925	corpus-6-train	FR	En avez-vous un plus grand?
2929	corpus-6-train	FR	Faites-moi savoir quand nous arriverons à Green Park.
2931	corpus-6-train	FR	Devrais-je prendre une assurance?
2934	corpus-6-train	FR	Est-ce que je peux prendre des photos dans le musée?
2936	corpus-6-train	FR	Quel film est diffusé en ce moment?
2937	corpus-6-train	FR	Est-ce que vous pouvez les échanger contre des yens japonais?
2939	corpus-6-test-corpus-26-train	FR	Miki Hayakawa. Chambre sept cent deux.
2940	corpus-6-train	FR	Oui. J'y suis allé dimanche dernier avec un ami.
2942	corpus-6-train	FR	C'est la chambre trois cent deux.
2945	corpus-6-test-corpus-26-train	FR	Je dois passer la nuit ici, non? Pourriez-vous m'aider à réserver une chambre d'hôtel?
2946	corpus-6-train	FR	Est-ce que je pourrais avoir encore du pain?
2947	corpus-6-test-corpus-26-train	FR	Ce ne devrait pas être long. Quinze minutes au plus.
2948	corpus-6-dev	FR	Pourriez-vous m'aider à prendre les billets?
2950	corpus-6-train	FR	Est-ce que c'est un forfait pour aller en ville?
2951	corpus-6-train	FR	Je voudrais réserver de trois à dix-neuf heures, s'il vous plaît.
2953	corpus-6-train	FR	Vous voyez cet immeuble blanc? C'est juste en face.
2954	corpus-6-train	FR	Est-ce que c'est la bonne voie pour le train qui va à la station X?
2955	corpus-6-train	FR	"Je suis à l'hôtel ""ABC"", chambre six cent quatre-vingt-cinq. Pourriez-vous lui demander de m'appeler ici, s'il vous plaît?"
2956	corpus-6-train	FR	No, merci. Ce sera tout.
2957	corpus-6-train	FR	Mes articulations me font mal.
2960	corpus-6-test-corpus-26-train	FR	Pourriez-vous m'indiquer le coût de cet appel?
2962	corpus-6-train	FR	Où y a-t-il une station service?
2964	corpus-6-test-corpus-26-train	FR	Et bien, pouvez-vous lui dire que j'ai appelé, s'il vous plaît? Je la rappellerai plus tard.
2965	corpus-6-dev	FR	Ce café est trop fort.
2966	corpus-6-train	FR	Veuillez me donner un exemplaire de la déclaration de vol.
2969	corpus-6-train	FR	Nous avons le métro dans les plus grandes villes comme Tokyo.
2971	corpus-6-train	FR	Désolé, c'est impossible. Nous n'avons pas le même article.
2973	corpus-6-test-corpus-26-train	FR	Est-ce qu'il y a une excursion le matin?
2974	corpus-6-dev	FR	Pourriez-vous m'anesthésier?
2975	corpus-6-train	FR	Bien sûr. Longez les trois pâtés de maison tout droit, et tournez à gauche. Vous verrez un magnifique portail de style chinois.
2976	corpus-6-train	FR	Ça fera dix dollars par personne.
2977	corpus-6-train	FR	Excusez-moi. Pourriez-vous faire le plein d'ordinaire, s'il vous plaît?
2978	corpus-6-dev	FR	Avez-vous bien regardé le suspect?
2982	corpus-6-test-corpus-26-train	FR	Est-ce que vous changez les devises étrangères?
2983	corpus-6-test-corpus-26-test	FR	Notre budget est d'environ cinquante dollars en tout pour trois personnes.
2984	corpus-6-train	FR	Eh bien, qu'en pensez-vous? J'aimerais vraiment avoir votre avis.
2987	corpus-6-train	FR	Pourriez-vous m'apporter ces chaussures à l'intérieur?
2990	corpus-6-test-corpus-26-train	FR	Où pourrais-je acheter une pellicule?
2995	corpus-6-test-corpus-26-train	FR	Avez-vous de la bière japonaise?
2997	corpus-6-train	FR	Je reviendrai demain. Quels sont vos horaires d'ouverture?
2999	corpus-6-train	FR	Est-ce que le prix comprend le shampooing et le brushing?
3001	corpus-6-test-corpus-26-test	FR	Je voudrais un maillot de bains de petite taille, s'il vous plaît.
3002	corpus-6-train	FR	Qui voulez-vous voir?
3004	corpus-6-train	FR	Quelle est l'heure d'embarquement?
3005	corpus-6-dev	FR	Je voudrais acheter des sous-vêtements.
3006	corpus-6-train	FR	Je vous donnerai mon numéro de téléphone là-bas dès que je pourrai.
3007	corpus-6-dev	FR	Le plat principal est un mélange de bœuf grillé et de homard.
3009	corpus-6-dev	FR	De quelle voie part le train pour Boston?
3012	corpus-6-train	FR	C'est la meilleure qualité que nous ayons.
3014	corpus-6-train	FR	Est-ce que vous pourrez me le rembourser?
3016	corpus-6-test-corpus-26-train	FR	Je désirerais enregistrer mes bagages.
3018	corpus-6-dev	FR	Nous allons le manger ensemble, veuillez donc nous apporter une autre fourchette, s'il vous plaît.
3019	corpus-6-train	FR	Est-ce que les aînés sont encore respectés au Japon?
3020	corpus-6-train	FR	Y a-t-il un supplément pour les écouteurs?
3021	corpus-6-train	FR	Le tarif normal est de cinq cents dollars avec des frais supplémentaires de cinquante-cinq dollars par mois.
3022	corpus-6-dev	FR	A l'hôtel Halekulani.
3027	corpus-6-train	FR	Certainement, madame. Voulez-vous un chausse-pied? Est-ce ça vous va?
3029	corpus-6-test-corpus-26-train	FR	C'est mademoiselle Kawazu de la chambre mille six cent onze.
3030	corpus-6-test-corpus-26-train	FR	Je vous en prie.
3032	corpus-6-train	FR	Est-ce que c'est reconfirmé?
3033	corpus-6-train	FR	Pourrais-je voir ceci, s'il vous plaît?
3034	corpus-6-train	FR	Un sorbet au melon, s'il vous plaît.
3035	corpus-6-train	FR	Quelle genre, Monsieur?
3036	corpus-6-train	FR	Est-ce c'est bon?
3038	corpus-6-test-corpus-26-dev	FR	Il n'y en a pas.
3040	corpus-6-test-corpus-26-train	FR	Qu'est-ce qui est plus important pour vous les Japonais? Le Jour de l'An ou Noël?
3041	corpus-6-test-corpus-26-test	FR	Votre place est le numéro trente-deux A. Descendez le couloir, c'est la place près de la fenêtre.
3046	corpus-6-train	FR	C'est trop beau pour être vrai.
3047	corpus-6-train	FR	Est-ce que je peux avoir deux hot dogs à emporter?
3051	corpus-6-train	FR	Aidez-moi, je vous en prie.
3054	corpus-6-train	FR	Je me lève tous les jours à six heures du matin.
3055	corpus-6-train	FR	Désolé, ce n'est pas possible. Il faudrait plus de deux semaines.
3058	corpus-6-train	FR	Où pourrais-je obtenir des renseignements touristiques?
3059	corpus-6-train	FR	Je vois. Je vais vérifier auprès de notre personnel.
3064	corpus-6-train	FR	Comment aller d'ici à l'Empire State Building?
3065	corpus-6-dev	FR	Quel est le prix de location d'un téléphone portable et d'un récepteur d'appel?
3067	corpus-6-train	FR	Oh mon Dieu.
3068	corpus-6-dev	FR	Est-ce que vous prenez déjà les commandes pour le dîner?
3069	corpus-6-train	FR	Je m'appelle Tsuneo Suzuki. Voici la confirmation de ma réservation.
3071	corpus-6-train	FR	Au Ritz.
3072	corpus-6-train	FR	Bonjour. A Paris, s'il vous plaît.
3073	corpus-6-test-corpus-26-train	FR	Une minute, s'il vous plaît.
3074	corpus-6-dev	FR	Une table près de la fenêtre, s'il vous plaît.
3075	corpus-6-dev	FR	Pourriez-vous me montrer celui qui est en vitrine?
3076	corpus-6-train	FR	Est-ce que cette lotion pour le corps empêche la transpiration?
3077	corpus-6-train	FR	Des sacs en plastique, je vous prie.
3078	corpus-6-train	FR	J'ai perdu mon sac.
3080	corpus-6-train	FR	J'aimerais essayer ces chaussures à hauts talons.
3081	corpus-6-train	FR	Est-ce qu'il y a la relève de la garde aujourd'hui?
3084	corpus-6-train	FR	Vous pouvez aller chercher les médicaments de votre ordonnance à la pharmacie du rez-de-chaussée.
3086	corpus-6-dev	FR	Vous n'avez pas de plus petites coupures?
3087	corpus-6-train	FR	Désolé mais toutes nos tables sont prises. Voulez-vous attendre?
3088	corpus-6-train	FR	Celui-ci est fendu.
3089	corpus-6-train	FR	Je voudrais une carte pour une semaine, s'il vous plaît.
3090	corpus-6-train	FR	J'aimerais goûter une glace.
3092	corpus-6-dev	FR	Pourrions-nous avoir un cendrier, s'il vous plaît?
3096	corpus-6-train	FR	Veuillez tourner à gauche.
3098	corpus-6-train	FR	Tanaka, Chambre cent.
3099	corpus-6-train	FR	Excusez-moi, pourrais-je avoir de l'eau?
3102	corpus-6-train	FR	C'est trop grand pour moi. Montrez-moi une plus petite taille, s'il vous plaît.
3103	corpus-6-train	FR	C'est très gentil de votre part de dire ça.
3104	corpus-6-train	FR	Attention. J'arrive.
3105	corpus-6-train	FR	Pourriez-vous me donner un autre ticket qui ne comporte que les frais?
3108	corpus-6-train	FR	Il faudra environ une heure.
3109	corpus-6-test-corpus-26-train	FR	Veuillez remplir une déclaration de perte.
3111	corpus-6-test-corpus-26-dev	FR	Je ne comprends pas l'américain, je parle un anglais correct.
3115	corpus-6-train	FR	Cinq billets de vingt et quatre de cinquante.
3116	corpus-6-train	FR	Est-ce que c'est le zéro, zéro, zéro, zéro, zéro, zéro, zéro, zéro, zéro, zéro?
3119	corpus-6-train	FR	Je vous tiendrai au courant des endroits où j'irai.
3120	corpus-6-test-corpus-26-train	FR	Depuis hier.
3122	corpus-6-train	FR	Est-ce qu'il y a une laverie automatique près d'ici?
3124	corpus-6-train	FR	Pourrais-je emprunter un sèche-cheveux?
3125	corpus-6-train	FR	Pourriez-vous m'apporter le sel, s'il vous plaît?
3126	corpus-6-train	FR	C'est un cadeau.
3127	corpus-6-train	FR	J'attends que vous vous calmiez.
3129	corpus-6-test-corpus-26-train	FR	L'assurance responsabilité et collision est comprise.
3130	corpus-6-train	FR	Le numéro est le zéro trois trois deux trois quatre un deux trois quatre.
3131	corpus-6-train	FR	Je suis très content du cadeau.
3133	corpus-6-train	FR	Je ferais bien de tenir mon sac serré contre moi pour que personne n'essaye de me le voler.
3134	corpus-6-test-corpus-26-test	FR	J'ai perdu mon ticket de réclamation.
3135	corpus-6-train	FR	Dans la soirée, la nuit tombe à seize heures et les magasins ferment tôt.
3136	corpus-6-train	FR	Est-ce que les prestations de service sont comprises?
3139	corpus-6-train	FR	Combien voulez-vous enlever?
3142	corpus-6-train	FR	Excusez-moi, à quoi servent ces boutons?
3145	corpus-6-train	FR	Et la voiture là-bas, une Plymouth?
3152	corpus-6-test-corpus-26-train	FR	Avez-vous de beaux modèles de broches?
3153	corpus-6-train	FR	Excusez-moi mais j'ai d'aide.
3155	corpus-6-test-corpus-26-train	FR	J'appelle d'une cabine publique chez Macy's.
3156	corpus-6-train	FR	Pendant quatre jours. Si les symptômes persistent, je peux vous faire une autre ordonnance.
3158	corpus-6-train	FR	Y a-t-il une ligne de Chicago à Seattle?
3160	corpus-6-train	FR	Ces papiers en format légal vont-ils tenir à l'intérieur?
3161	corpus-6-train	FR	Y a-t-il des toilettes privées?
3164	corpus-6-train	FR	Les serviettes doivent être roulées sur l'étagère au-dessus du lavabo.
3166	corpus-6-train	FR	Montrez-moi des sweaters qui vont avec ça.
3167	corpus-6-train	FR	Nous espérons qu'en installant des micro-ordinateurs dans cet environnement plutôt délaissé, nous relancerons leurs ventes dans les points de vente pédagogiques.
3169	corpus-6-train	FR	Quel est le prix?
3170	corpus-6-test-corpus-26-test	FR	Ils sont trop grands.
3172	corpus-6-train	FR	Il y a une énorme demande pour ce nouvel ordinateur.
3173	corpus-6-train	FR	Il y a du sang ici.
3174	corpus-6-dev	FR	Je voudrais un analgésique.
3176	corpus-6-test-corpus-26-train	FR	Quel est le tarif horaire du parking?
3178	corpus-6-train	FR	C'est possible si j'arrive à prendre un vol très tôt le matin du vingt-six?
3179	corpus-6-test-corpus-26-train	FR	Mesdames et Messieurs, sur notre vol aujourd'hui, nous avons du personnel japonais identifiable par de petits drapeaux sur leurs vestes. Si vous connaissez quelqu'un qui a besoin d'une aide linguistique, faites-le nous savoir.
3182	corpus-6-test-corpus-26-train	FR	Avez-vous une période artistique préférée?
3183	corpus-6-train	FR	Je vais prendre une tarte à l'ancienne, s'il vous plaît.
3184	corpus-6-train	FR	Je voudrais de l'eau, s'il vous plaît.
3185	corpus-6-test-corpus-26-train	FR	Veuillez vérifier une nouvelle fois.
3189	corpus-6-train	FR	Si le Fisherman's Wharf est compris dans la visite d'une journée je vais la prendre.
3192	corpus-6-train	FR	Ce n'est pas grave.
3193	corpus-6-train	FR	Je ne me sens pas très bien, veuillez me donner des cachets, s'il vous plaît.
3195	corpus-6-test-corpus-26-train	FR	Descendez le long de la rivière sur un demi mille environ et vous arriverez au parc.
3196	corpus-6-train	FR	Ce steak est trop dur pour moi.
3197	corpus-6-train	FR	Nous n'en avons déjà plus.
3198	corpus-6-train	FR	Eh bien, c'est une équipe plutôt jeune et les Dodgers deviennent très forts aussi.
3199	corpus-6-train	FR	Pas encore, merci.
3200	corpus-6-train	FR	Veuillez vous mettre au milieu de notre groupe.
3201	corpus-6-test-corpus-26-dev	FR	Non, ils sont très résistants.
3202	corpus-6-train	FR	Je souhaiterais que mes vêtements soient lavés dans la journée.
3204	corpus-6-train	FR	Une pellicule pour diapositives couleur, s'il vous plaît.
3205	corpus-6-train	FR	La population du Japon est la septième du monde.
3207	corpus-6-test-corpus-26-train	FR	OK, je l'expédierai à Las Vegas pour vous.
3208	corpus-6-train	FR	Quelqu'un a essayé d'entrer par effraction. Un jeune voyou, je crois.
3209	corpus-6-test-corpus-26-train	FR	Je cherche un maillot de course à pied.
3211	corpus-6-train	FR	C'est trop étroit ici, au niveau de la poitrine.
3212	corpus-6-dev	FR	Pourriez-vous appeler une compagnie d'assurance?
3213	corpus-6-train	FR	Quels vins proposez-vous?
3216	corpus-6-train	FR	Non, prenez le numéro trois.
3217	corpus-6-train	FR	C'est cinq dollars.
3219	corpus-6-train	FR	Oh, merci. J'ai beaucoup aimé.
3220	corpus-6-test-corpus-26-train	FR	Désirez-vous une autre consommation du bar?
3222	corpus-6-test-corpus-26-dev	FR	Par ici, s'il vous plaît. Prenez cet ascenseur.
3223	corpus-6-train	FR	Je suis ici pour affaires.
3224	corpus-6-train	FR	Je vais descendre à l'hôtel Hilton. Je ne resterai que trois jours.
3225	corpus-6-train	FR	Je voudrais une télévision portative, s'il vous plaît.
3226	corpus-6-train	FR	Y a-t-il des hôtels près de l'aéroport?
3227	corpus-6-train	FR	Je désirerais une saucisse de Francfort avec des condiments, s'il vous plaît.
3228	corpus-6-train	FR	J'ai un point à l'estomac.
3229	corpus-6-train	FR	Appelez les secours, s'il vous plaît.
3231	corpus-6-dev	FR	Un billet étudiant, s'il vous plaît.
3233	corpus-6-dev	FR	S'il vous plaît, écrivez-nous dès votre arrivée.
3238	corpus-6-test-corpus-26-train	FR	Vous feriez mieux de prendre le train de huit heures trente.
3239	corpus-6-dev	FR	Je suis désolé. Ecoutez, je paierai pour tout. Mais n'appelez pas la police. Mon père va me tuer.
3241	corpus-6-train	FR	Je suis constipé.
3245	corpus-6-train	FR	Pouvez-vous me faire un emballage-cadeau?
3246	corpus-6-train	FR	J'ai une douleur sourde à l'estomac.
3247	corpus-6-train	FR	N'avez-vous rien d'intermédiaire?
3251	corpus-6-train	FR	Deux timbres d'un dollar et dix de vingt cents, s'il vous plaît.
3255	corpus-6-train	FR	Ils ne mangent pas d'œufs crus aux Etats-Unis.
3256	corpus-6-train	FR	Où pourrais-je faire réparer ma montre?
3258	corpus-6-train	FR	Et veuillez leur dire que nous serons en retard d'environ trente minutes.
3261	corpus-6-train	FR	Donnez-moi dix jetons, s'il vous plaît.
3264	corpus-6-train	FR	Je me sers de votre coffre-fort.
3265	corpus-6-train	FR	Comment est-ce je peux me rendre au restaurant?
3266	corpus-6-dev	FR	Dépêche-toi.
3267	corpus-6-test-corpus-26-test	FR	Est-ce qu'il y a un cinéma dans les environs?
3268	corpus-6-train	FR	Ils seront prêts d'ici demain. Mais avec notre service spécial, dès ce soir.
3269	corpus-6-test-corpus-26-train	FR	C'est la saison des huîtres en ce moment, elles sont donc bonnes.
3270	corpus-6-train	FR	Bien sûr, prenez le bus numéro cinq à l'hôtel Royal et descendez à Downtown Square.
3272	corpus-6-dev	FR	Excusez-moi mais pourriez-vous me diriger vers la gare?
3273	corpus-6-train	FR	Vous pouvez en trouver à l'arrêt de bus là-bas.
3276	corpus-6-train	FR	Je lui demanderai l'heure qui lui convient le mieux avant de l'appeler.
3277	corpus-6-train	FR	Le guichet de location de voitures, s'il vous plaît.
3278	corpus-6-dev	FR	Je veux voir les montagnes.
3279	corpus-6-test-corpus-26-train	FR	Je voudrais une montre d'occasion.
3280	corpus-6-train	FR	Est-ce que c'est pour les femmes ou pour les hommes?
3281	corpus-6-train	FR	Je voudrais acheter une nouvelle paire de lunettes.
3283	corpus-6-train	FR	Nous voulons remplir une déclaration de perte de bagages.
3284	corpus-6-test-corpus-26-train	FR	Je vais m'enregistrer vers vingt et une heures.
3285	corpus-6-test-corpus-26-train	FR	Il se fait tard. Il faut que je parte.
3287	corpus-6-train	FR	Est-ce que nous nous arrêterons au magasin au retour?
3288	corpus-6-train	FR	Ce sera fait d'ici demain soir.
3289	corpus-6-test-corpus-26-train	FR	Je n'ai pas eu recours au service de blanchisserie. Pourriez-vous vérifier à nouveau?
3290	corpus-6-dev	FR	Changez ceci en pesetas, s'il vous plaît.
3292	corpus-6-test-corpus-26-train	FR	Je voudrais du thé, s'il vous plaît.
3294	corpus-6-train	FR	Que préférez-vous, une place fumeur ou non fumeur?
3295	corpus-6-test-corpus-26-train	FR	Non, il n'y en a pas.
3298	corpus-6-train	FR	C'est M. Tanaka. Je viens de m'enregistrer mais je n'aime pas cette chambre.
3304	corpus-6-test-corpus-26-train	FR	Est-ce que c'est le terminus?
3307	corpus-6-train	FR	Un whisky avec de la glace, s'il vous plaît.
3310	corpus-6-dev	FR	Non, mais nous avons un médecin qui comprend très bien le japonais. Donc, aucun problème.
3311	corpus-6-train	FR	C'est d'accord.
3313	corpus-6-train	FR	Je ne connais pas les tailles australiennes.
3315	corpus-6-train	FR	Voudriez-vous m'accorder cette danse?
3316	corpus-6-train	FR	C'est tout pour le moment. Combien est-ce que je vous dois?
3317	corpus-6-train	FR	Si j'étais vous, j'essaierai ça.
3318	corpus-6-test-corpus-26-train	FR	Appelons-le.
3319	corpus-6-train	FR	Le graphique montre les différences entre ces deux types de contrats.
3321	corpus-6-train	FR	Ah oui? Les échecs sont un jeu parfait pour moi.
3322	corpus-6-train	FR	Oui. J'aimerais acheter des souvenirs. Pourriez-vous me conseiller quelque chose de typique?
3323	corpus-6-test-corpus-26-train	FR	Est-ce que c'est très épicé?
3324	corpus-6-train	FR	Il est malade. Veuillez lui appeler un médecin, s'il vous plaît.
3327	corpus-6-train	FR	Quel est le sport le plus populaire ici?
3328	corpus-6-train	FR	Quelles sortes d'émissions télévisées vous intéressent?
3329	corpus-6-train	FR	Est-ce que nous gagnons ou perdons un jour en allant en Amérique?
3330	corpus-6-dev	FR	Montrez-moi les horaires, s'il vous plaît.
3334	corpus-6-test-corpus-26-train	FR	Où pourrais-je trouver un bus touristique?
3335	corpus-6-test-corpus-26-train	FR	Oui, je veux visiter la ville.
3337	corpus-6-train	FR	Je voudrais des haut-parleurs.
3338	corpus-6-train	FR	Est-ce que vous vivez seul?
3339	corpus-6-train	FR	Vous devrez attendre à peu près une heure.
3340	corpus-6-train	FR	Comment faites-vous cela?
3342	corpus-6-train	FR	Mon appareil photo ne marche pas bien.
3344	corpus-6-train	FR	Passez un bon séjour.
3345	corpus-6-train	FR	Oui. J'ai acheté un pull-over dans votre magasin ce matin. Mais quand je suis rentré et que je l'ai ouvert, ce n'était pas ce que j'ai acheté. Voici le reçu.
3346	corpus-6-train	FR	Comment ça se mange?
3350	corpus-6-train	FR	Est-ce que vous avez de la salade verte?
3351	corpus-6-test-corpus-26-test	FR	Il y a tellement de touristes autour de cet immeuble. On dirait qu'ils se sont rassemblés pour regarder ce qui se passe.
3352	corpus-6-train	FR	Ça suffit, merci.
3353	corpus-6-dev	FR	Connaissez-vous des docteurs qui parlent japonais?
3354	corpus-6-train	FR	Quand commence le spectacle?
3355	corpus-6-train	FR	Est-ce que je peux régler en yens?
3356	corpus-6-train	FR	J'aime faire de l'escalade et jouer au piano pendant mon temps libre.
3359	corpus-6-test-corpus-26-train	FR	Merci pour votre hospitalité.
3360	corpus-6-dev	FR	Je n'arrive pas à croire que je dois retourner au Japon. J'aurais voulu rester plus longtemps.
3361	corpus-6-train	FR	Il y a une fuite au-dessus. Je ne supporte pas d'être assis ici.
3362	corpus-6-train	FR	Je vous conseillerais un bibelot.
3363	corpus-6-train	FR	Ici Mme Maekazi de la chambre deux mille trois cent quinze. J'aimerais un appel-réveil demain matin.
3366	corpus-6-dev	FR	Il est célèbre pour son magnifique océan.
3367	corpus-6-train	FR	Au revoir.
3369	corpus-6-train	FR	Où pourrais-je acheter un bibelot?
3370	corpus-6-train	FR	Oui. En bleu, en rouge et en jaune.
3375	corpus-6-test-corpus-26-train	FR	L'honnêteté est la meilleure des politiques.
3377	corpus-6-train	FR	Je serais heureux de vous rendre service.
3378	corpus-6-train	FR	Je voudrais faire le plein à la pompe numéro cinq, s'il vous plaît. Voici vingt dollars.
3379	corpus-6-train	FR	Enchanté de faire votre connaissance.
3380	corpus-6-train	FR	Où pourrais-je encaisser des chèques-voyages?
3382	corpus-6-train	FR	Pourriez-vous nous faire une réservation pour demain soir?
3384	corpus-6-train	FR	Pourriez-vous nous conduire aux places C dix-neuf et C vingt?
3385	corpus-6-test-corpus-26-train	FR	Pourriez-vous me réveiller à six heures, s'il vous plaît?
3386	corpus-6-train	FR	Je n'ai pu me permettre d'acheter une nouvelle voiture que très récemment.
3390	corpus-6-train	FR	Faites-moi une raie sur la gauche, s'il vous plaît.
3391	corpus-6-train	FR	Le bus pour Hyde Park passe à quelle fréquence?
3392	corpus-6-test-corpus-26-train	FR	Combien ça coûte pour une demi-journée?
3395	corpus-6-train	FR	Est-ce qu'il y a chez vous un guide qui parle japonais?
3397	corpus-6-test-corpus-26-train	FR	Mon nom est Kenji.
3399	corpus-6-train	FR	Oui, une salade verte, s'il vous plaît.
3400	corpus-6-train	FR	Je cherche un médecin qui comprend le japonais s'il vous plaît.
3401	corpus-6-train	FR	Bientôt et avec un petit ami. Mais il y a un problème. Je n'ai pas encore de petit ami.
3402	corpus-6-test-corpus-26-train	FR	Connaissez-vous de beaux endroits à visiter à Chicago?
3403	corpus-6-train	FR	Donnez-moi un remède, s'il vous plaît.
3404	corpus-6-test-corpus-26-train	FR	Bien, si vous insistez, je vous accompagne.
3405	corpus-6-train	FR	Je voudrais changer de chambre.
3406	corpus-6-train	FR	J'ai entendu que le vol cent sept était annulé.
3407	corpus-6-train	FR	Je voudrais une paire de chaussures avec des semelles en caoutchouc, s'il vous plaît.
3408	corpus-6-train	FR	Allez tout droit. L'hôtel Milton se trouve sur la gauche.
3409	corpus-6-train	FR	Où pourrais-je prendre le billet?
3410	corpus-6-train	FR	Je voudrais réserver.
3411	corpus-6-train	FR	S'il vous plaît, conduisez aussi vite que possible.
3413	corpus-6-test-corpus-26-dev	FR	Est-ce que vous voulez échanger celui-ce contre un autre du même genre, s'il vous plaît?
3414	corpus-6-train	FR	Là-bas, la cuisine n'est pas bonne.
3415	corpus-6-train	FR	Combien de bouteilles d'alcool avez-vous?
3417	corpus-6-train	FR	Je veux arriver à l'aéroport avant six heures.
3418	corpus-6-dev	FR	Est-ce que vous voulez bien descendre le prix à sept dollars?
3419	corpus-6-train	FR	J'aimerais faire du shopping avant de partir. Pouvez-vous vous surveiller mes bagages pendant un moment?
3421	corpus-6-train	FR	Vous pouvez l'échanger dans n'importe quelle banque de l'aéroport.
3423	corpus-6-train	FR	Je voudrais des trombones.
3424	corpus-6-train	FR	Quel est le prix?
3425	corpus-6-train	FR	Nous avons un excellent vin rosé.
3426	corpus-6-train	FR	Bien.
3427	corpus-6-train	FR	Pourrais-je m'entretenir avec M. Jones?
3428	corpus-6-train	FR	Pourquoi cette facture?
3431	corpus-6-dev	FR	Avez-vous vu la partie? Les Yankees ont gagné.
3435	corpus-6-train	FR	Je voudrais passer un appel en PCV au Japon. Je suis Watanabe Goroh, chambre cent vingt-trois. Je voudrais parler à M. Watanabe Makoto en PCV au huit cent quatorze cinquante-neuf quatre-vingt-dix-neuf onze onze.
3436	corpus-6-train	FR	Voici votre facture.
3440	corpus-6-train	FR	Je vais essayer ça.
3444	corpus-6-train	FR	Non, pas du tout. Je viens juste d'arriver du Japon.
3445	corpus-6-dev	FR	No, merci. Je peux le retrouver moi-même.
3446	corpus-6-test-corpus-26-train	FR	Je veux faire une réservation pour quinze heures trente.
3448	corpus-6-train	FR	Est-ce que ce bus passe par la Cinquième Avenue?
3449	corpus-6-train	FR	Notre guide doit nous retrouver à l'aéroport.
3455	corpus-6-train	FR	Un appel direct, s'il vous plaît.
3456	corpus-6-train	FR	Bien, merci.
3458	corpus-6-train	FR	Elle perd du sang.
3459	corpus-6-train	FR	Je suis allergique aux huîtres.
3462	corpus-6-dev	FR	Pourriez-vous m'indiquer l'horaire de télé d'aujourd'hui?
3464	corpus-6-train	FR	Quel jour sommes-nous aujourd'hui?
3465	corpus-6-train	FR	Est-ce que c'est de l'ombre à paupières?
3466	corpus-6-train	FR	C'est vrai. Ce sera un bon entraînement.
3467	corpus-6-train	FR	Je suis sûr que vous vous remettrez en un rien de temps.
3468	corpus-6-train	FR	Je suis enseignant.
3469	corpus-6-train	FR	Je voudrais une boîte de peinture.
3472	corpus-6-train	FR	Trente-six poses, s'il vous plaît.
3473	corpus-6-dev	FR	Sur quelle chaîne passe ce film?
3474	corpus-6-train	FR	De la cuisine mexicaine.
3476	corpus-6-train	FR	Voilà le bus. Vous feriez mieux de vous dépêcher.
3477	corpus-6-train	FR	Eh bien, le secret pour faire de bons achats, c'est d'arriver tôt, avant tout le monde.
3479	corpus-6-train	FR	Faisons un marché.
3481	corpus-6-train	FR	Oh, bien. Alors, nous avons tout le temps.
3483	corpus-6-dev	FR	Quel est votre cocktail maison?
3486	corpus-6-train	FR	Est-ce que vous avez le même en vert foncé?
3487	corpus-6-train	FR	Vingt mille yens, s'il vous plaît.
3488	corpus-6-train	FR	Est-ce que c'est la porte du vol vingt pour Miami d'American Airlines?
3489	corpus-6-test-corpus-26-train	FR	Le coffre-fort, s'il vous plaît.
3490	corpus-6-train	FR	C'est trop petit.
3491	corpus-6-train	FR	Est-ce que je peux échanger plus tard cette monnaie contre celle d'un autre pays?
3496	corpus-6-train	FR	Donnez-moi tout votre argent.
3499	corpus-6-train	FR	Mon bureau est là-haut. Voici Anne Butler, ma secrétaire. Anne, je vous présente M. Uozu d'Osaka.
3500	corpus-6-train	FR	Je voudrais réserver une place en classe économique pour Chicago ce mercredi.
3502	corpus-6-test-corpus-26-train	FR	Veuillez choisir un vin qui convienne.
3504	corpus-6-train	FR	Je désirerais réserver une chambre pour les trois prochaines nuits.
3506	corpus-6-train	FR	Pourriez-vous m'ouvrir la porte? Ou pourrais-je emprunter votre passe-partout, s'il vous plaît?
3507	corpus-6-train	FR	Un de ce paquet rouge, s'il vous plaît.
3508	corpus-6-train	FR	Maihama est la bonne station pour Disneyland.
3510	corpus-6-train	FR	C'est un peu trop cher.
3512	corpus-6-test-corpus-26-test	FR	Je voudrais un endroit petit.
3519	corpus-6-train	FR	A quelle heure le bus arrivera-t-il à l'hôtel Hilton?
3522	corpus-6-test-corpus-26-train	FR	Est-ce que je dois payer l'essence?
3523	corpus-6-train	FR	C'est un plat qui a beaucoup de succès dans notre restaurant.
3524	corpus-6-train	FR	Veuillez régler les frais d'annulation de l'hôtel.
3525	corpus-6-train	FR	Bien. Je travaille jusqu'à dix-huit heures, donc que diriez-vous de dix-neuf heures?
3526	corpus-6-train	FR	OK. Le solde de votre compte est de six cent trente dollars.
3528	corpus-6-train	FR	Les grands magasins de chaussures se trouvent là-bas.
3529	corpus-6-train	FR	Est-ce que je peux récupérer mes bagages à destination?
3530	corpus-6-train	FR	Veuillez vérifier rapidement, s'il vous plaît.
3531	corpus-6-train	FR	Avez-vous un cadeau qui conviendrait à mon mari?
3532	corpus-6-train	FR	Réveillez-moi pour les repas.
3538	corpus-6-train	FR	Pouvez-vous m'expliquer comment on utilise ce réveil?
3541	corpus-6-train	FR	Pour étudier.
3542	corpus-6-train	FR	Certainement, voici la moutarde.
3543	corpus-6-train	FR	La prise ne marche pas.
3544	corpus-6-train	FR	Vous voyez le panneau Air U.S sept cent sept? Vous devez aller là-bas.
3548	corpus-6-train	FR	J'ai pris pour seize dollars de sans plomb.
3549	corpus-6-train	FR	J'ai mal à l'estomac. Pourriez-vous me donner quelque chose?
3550	corpus-6-train	FR	Je cherche une agrafeuse.
3551	corpus-6-dev	FR	C'était à la mode dans les années quarante à soixante.
3554	corpus-6-train	FR	J'aimerais connaître mon tour de cou.
3556	corpus-6-train	FR	Encore un peu de café?
3557	corpus-6-test-corpus-26-train	FR	Au voleur. Attrapez-le.
3560	corpus-6-train	FR	L'interrupteur est cassé.
3562	corpus-6-test-corpus-26-test	FR	Nous attendons que nos amis arrivent.
3569	corpus-6-train	FR	Pourrais-je vous appeler? Pourriez-vous me donner votre numéro de téléphone?
3572	corpus-6-test-corpus-26-train	FR	Veuillez me donner de la menue monnaie, s'il vous plaît.
3573	corpus-6-train	FR	C'est un mélange quarante pour cent coton et soixante pour cent nylon.
3575	corpus-6-train	FR	Je vais parier sur les rouges impairs.
3576	corpus-6-train	FR	La location des clubs coûte huit dollars si vous prenez l'ensemble et celle des chaussures s'élève à deux dollars.
3578	corpus-6-train	FR	Trois jours à partir du sept juin.
3579	corpus-6-train	FR	Y a-t-il des appartements en location touristique?
3580	corpus-6-train	FR	Est-ce qu'il sait que je suis ici?
3581	corpus-6-train	FR	Demain? Je ne fais rien du tout l'après-midi. Mais pourquoi?
3586	corpus-6-train	FR	Je voudrais passer un appel en PCV pour M. Hashimoto.
3587	corpus-6-train	FR	Est-ce qu'il y a un match de foot ce week-end?
3588	corpus-6-train	FR	Ça a l'air bon. Je vais en prendre, s'il vous plaît.
3589	corpus-6-train	FR	Pourriez-vous me montrer ma facture, s'il vous plaît? A quoi correspond ce montant?
3591	corpus-6-train	FR	Ils sont de l'autre côté du rayon magazines.
3592	corpus-6-train	FR	Quels sont les plats du jour?
3593	corpus-6-train	FR	Où dois-je m'adresser pour le faire refaire?
3596	corpus-6-train	FR	C'est un peu trop raide.
3597	corpus-6-train	FR	Tabio Aozora.
3599	corpus-6-train	FR	Je vais vous faire visiter.
3600	corpus-6-train	FR	Nous aimerions une table fumeur.
3602	corpus-6-train	FR	Je voudrais un shampooing antipelliculaire.
3603	corpus-6-train	FR	Pouvez-vous m'aider à remplir ce formulaire?
3606	corpus-6-train	FR	Est-ce qu'il y a une remise pour les touristes?
3607	corpus-6-train	FR	Je voudrais une fermeture éclair.
3609	corpus-6-train	FR	Après le shampooing, je désirerais une manucure.
3610	corpus-6-train	FR	Pas si cher. OK. Eh bien, nous sommes dans un bel hôtel qui s'appelle The Beverly. Il se trouve dans le East Side.
3613	corpus-6-train	FR	Je changerai de vol à Paris.
3614	corpus-6-train	FR	Ne jamais dire fontaine, je ne boirai pas de ton eau.
3615	corpus-6-train	FR	Est-ce que vous le connaissez depuis longtemps?
3616	corpus-6-train	FR	Au magasin de souvenir à l'entrée.
3617	corpus-6-train	FR	Non. C'est Tamura.
3619	corpus-6-test-corpus-26-test	FR	Une permanente bien serrée, s'il vous plaît.
3620	corpus-6-train	FR	J'ai rendez-vous à sept heures.
3621	corpus-6-train	FR	Quelle mouche te pique?
3622	corpus-6-train	FR	Veuillez appuyer sur ceux-ci.
3623	corpus-6-train	FR	Je veux réserver une place dans le wagon-lit pour Madrid de ce soir.
3627	corpus-6-train	FR	Bien sûr. Descendez cette rue et longez deux pâtés de maisons, vous verrez la Nations Bank sur votre droite.
3628	corpus-6-test-corpus-26-train	FR	Elle est menue et mignonne.
3629	corpus-6-train	FR	Merci, mais j'aimerais y réfléchir.
3632	corpus-6-train	FR	A quelle heure arrive-t-il?
3634	corpus-6-train	FR	Combien ça fait la livre?
3637	corpus-6-train	FR	Qu'est-ce qui va se passer si je dis oui?
3638	corpus-6-test-corpus-26-test	FR	Quel est l'opéra du jour?
3640	corpus-6-test-corpus-26-train	FR	Sur le plat, s'il vous plaît.
3641	corpus-6-train	FR	Souhaitez-vous faire une autre transaction?
3644	corpus-6-test-corpus-26-train	FR	Mon linge n'est pas encore revenu.
3645	corpus-6-train	FR	The lady in Red est un cocktail à la fraise à base de champagne qui est très rafraîchissant.
3647	corpus-6-train	FR	C'est utile. Merci. Excusez-moi, votre nom, s'il vous plaît.
3648	corpus-6-train	FR	Y a-t-il des caractéristiques spéciales ou des marques dessus?
3649	corpus-6-test-corpus-26-train	FR	Au fait, êtes-vous libre samedi prochain?
3652	corpus-6-train	FR	Il y a un autre bus à midi et demi.
3654	corpus-6-train	FR	Est-ce que je peux jeter un œil au pull-over exposé en vitrine?
3657	corpus-6-train	FR	Deux daiquiris, s'il vous plaît.
3659	corpus-6-train	FR	Y a-t-il un restaurant où l'on parle japonais?
3661	corpus-6-train	FR	Pouvez-vous faire appeler mon ami? Je l'ai perdu dans la foule.
3665	corpus-6-train	FR	Je vais vous faire une piqûre.
3667	corpus-6-test-corpus-26-train	FR	Eh bien, alors peut-être que nous nous entendrons bien.
3669	corpus-6-test-corpus-26-train	FR	Elle s'est comportée avec moi comme si j'étais un mendiant.
3670	corpus-6-train	FR	Mon compagnon a été pris de violentes douleurs à l'estomac.
3673	corpus-6-train	FR	Je voudrais une crème pour peau grasse.
3675	corpus-6-train	FR	Pouvez-vous nous conseiller une visite touristique?
3680	corpus-6-train	FR	Environ trente minutes. Veuillez attendre dans la salle de correspondance, s'il vous plaît.
3681	corpus-6-train	FR	Est-ce que je peux passer un appel en PCV au Japon?
3683	corpus-6-test-corpus-26-train	FR	Je vois. Pourriez-vous aussi m'aider pour un autre problème?
3684	corpus-6-train	FR	Est-ce que je pourrais me faire livrer une pizza dans ma chambre?
3685	corpus-6-test-corpus-26-train	FR	Pouvez-vous adapter ces lunettes de soleil à ma vue?
3686	corpus-6-train	FR	Je pense qu'une table se libérera sous une demi-heure.
3689	corpus-6-train	FR	Où se trouve le barbier le plus proche?
3690	corpus-6-train	FR	Combien coûte une mise en plis?
3691	corpus-6-train	FR	Je viens d'Allemagne.
3692	corpus-6-train	FR	Veuillez changer ceci en dollars.
3693	corpus-6-dev	FR	Avez-vous des kakis?
3696	corpus-6-train	FR	Il y a une bonne odeur provenant de cet étal.
3698	corpus-6-test-corpus-26-dev	FR	J'en prendrai deux.
3700	corpus-6-train	FR	Pourriez-vous me montrer comment passer un coup de téléphone?
3701	corpus-6-train	FR	Je parie qu'il y a des personnes qui se droguent ici.
3702	corpus-6-train	FR	Est-ce que vous comprenez ce que je dis?
3703	corpus-6-dev	FR	Pourrais-je vous demander l'heure de départ d'ici?
3704	corpus-6-train	FR	Il est sorti.
3705	corpus-6-test-corpus-26-train	FR	Quels beaux chiens. De quelle race sont-ils?
3706	corpus-6-train	FR	Mon père a peur de monter en avion.
3708	corpus-6-train	FR	Je suis ici avec mon ami. Pouvons-nous nous joindre à vous?
3709	corpus-6-train	FR	La cuisine est excellente et les gens travaillent très dur, mais la télévision est puérile.
3710	corpus-6-dev	FR	Je vois. Laissez-moi vérifier mon agenda. J'ai une possibilité ce vendredi. Préférez-vous le matin ou l'après-midi?
3711	corpus-6-train	FR	Merci. Veuillez payer à la caisse là-bas. Merci encore.
3712	corpus-6-train	FR	Revenir quand?
3714	corpus-6-train	FR	Où se trouve la suite de luxe?
3715	corpus-6-train	FR	Il est neuf heures.
3716	corpus-6-dev	FR	Je suis désolé. Je n'ai pas assez sur moi pour l'instant.
3718	corpus-6-dev	FR	OK. Allons-y. Vous êtes prêt?
3719	corpus-6-dev	FR	C'est du quartz?
3721	corpus-6-test-corpus-26-train	FR	J'ai fait tomber ma fourchette. Pourriez-vous m'en apporter une autre, s'il vous plaît.
3722	corpus-6-dev	FR	Ah, j'ai besoin également de dentifrice.
3723	corpus-6-train	FR	Une salade de pommes de terre à emporter, s'il vous plaît.
3725	corpus-6-train	FR	La pollution de l'air est un grave problème dans cette ville.
3726	corpus-6-train	FR	Avez-vous un salon?
3729	corpus-6-train	FR	J'ai des élancements dans l'estomac.
3730	corpus-6-dev	FR	Le numéro de téléphone est le un deux trois quatre cinq six.
3732	corpus-6-dev	FR	Vous voulez du poisson ou du bœuf?
3733	corpus-6-train	FR	Je vous prie de me trouver un siège. Je dois absolument m'asseoir.
3734	corpus-6-train	FR	Il faut que je sois à l'aéroport à huit heures du matin.
3735	corpus-6-train	FR	Je crois vous avoir déjà rencontré. Je suis Kenichi Yamada de Nanyo Technology.
3736	corpus-6-dev	FR	Pourriez-vous regarder ce tableau d'évaluation de la vue, s'il vous plaît?
3737	corpus-6-train	FR	On donne une fête sympa demain. Venez vous joindre à nous si vous le souhaitez.
3738	corpus-6-train	FR	Pourrais-je avoir un tournevis?
3739	corpus-6-train	FR	Est-ce que je peux prendre une vidéo?
3740	corpus-6-train	FR	Oh, cet avion est trop petit pour transporter tous les bagages.
3741	corpus-6-train	FR	On ne fume pas dans l'ascenseur, s'il vous plaît.
3742	corpus-6-test-corpus-26-train	FR	C'était bien.
3744	corpus-6-train	FR	J'aimerais partir en croisière.
3747	corpus-6-test-corpus-26-train	FR	Bien sûr. Allez tout droit et tournez à droite à la troisième rue. Vous le trouverez sur votre droite.
3749	corpus-6-train	FR	Recommandez-moi un restaurant s'il vous plaît.
3752	corpus-6-train	FR	Ici la chambre trois cent vingt-cinq. La télévision ne marche pas.
3753	corpus-6-train	FR	Je voudrais deux yards de ce tissu, s'il vous plaît.
3754	corpus-6-train	FR	Veuillez régler les frais de transport pour y aller.
3755	corpus-6-train	FR	Qu'est-ce que vous préférez, les chiens ou les chats?
3757	corpus-6-train	FR	Je peux le prendre.
3758	corpus-6-train	FR	Pourriez-vous m'apporter deux verres et de la glace, s'il vous plaît?
3760	corpus-6-dev	FR	J'ai pris une bouteille d'eau minérale provenant du réfrigérateur.
3765	corpus-6-test-corpus-26-dev	FR	Avez-vous une pellicule pour diapositives couleur?
3766	corpus-6-train	FR	Quel est le numéro de votre vol?
3767	corpus-6-train	FR	J'ai des problèmes cardiaques.
3771	corpus-6-train	FR	Où se trouve l'huile de sésame?
3772	corpus-6-train	FR	C'est l'endroit où une collision sur quatre voies s'est produite l'avant-veille.
3774	corpus-6-train	FR	Parfois je joue au golf le week-end.
3775	corpus-6-train	FR	Il y a des points auxquels je dois réfléchir.
3777	corpus-6-train	FR	Je voudrais prendre un rendez-vous pour dix heures du matin.
3779	corpus-6-train	FR	Taisez-vous. Je vais appeler et prendre rendez-vous pour me faire couper les cheveux.
3780	corpus-6-test-corpus-26-train	FR	Vous connaissez Cathy? C'est sa fête d'anniversaire.
3784	corpus-6-train	FR	Pouvez-vous trouver trois places?
3789	corpus-6-test-corpus-26-train	FR	Avez-vous un nuancier?
3792	corpus-6-test-corpus-26-dev	FR	Est-ce que je peux régler par chèque de voyage?
3793	corpus-6-train	FR	Les écouteurs n'ont pas l'air de bien marcher.
3795	corpus-6-train	FR	Qu'est-ce qu'il y a au cinéma ce soir?
3796	corpus-6-train	FR	Est-ce que vous pouvez les faire refaire?
3799	corpus-6-train	FR	Avez-vous une monture en argent véritable avec un rubis?
3801	corpus-6-train	FR	Quelle est la limite d'âge?
3802	corpus-6-train	FR	Je voudrais un jus de tomate, s'il vous plaît.
3804	corpus-6-train	FR	Oui, pourriez-vous m'expliquer le fonctionnement de ces écouteurs?
3805	corpus-6-train	FR	Jusqu'à quelle heure pouvons-nous entrer?
3806	corpus-6-test-corpus-26-train	FR	Mais dis donc, toi, comment savoir si c'est du vrai?
3808	corpus-6-train	FR	Connaissez-vous des magasins dont les vendeurs sont japonais?
3810	corpus-6-train	FR	Oui, Monsieur, ce sont des personnes de classe qui séjournent ici, celles qui laissent un pourboire aux chauffeurs de taxi, si vous voyez ce que ça veux dire.
3811	corpus-6-train	FR	Un aller en seconde classe, s'il vous plaît.
3812	corpus-6-train	FR	J'ai réservé sur le vol cinq de demain en partance pour Seattle.
3813	corpus-6-train	FR	Nous sommes un peu en retard mais ne vous inquiétez pas.
3814	corpus-6-train	FR	Faites en sorte de bien tenir vos promesses.
3817	corpus-6-train	FR	Où pourrais-je faire une demande d'inscription à l'école de plongée?
3818	corpus-6-train	FR	Vous avez une autre enveloppe?
3819	corpus-6-train	FR	Pas de gel, s'il vous plaît.
3820	corpus-6-train	FR	Combien de jours?
3821	corpus-6-dev	FR	Je ne voulais pas ça.
3824	corpus-6-dev	FR	Je vois. C'est beau. Mais est-ce que ce n'est pas un peu trop cher?
3825	corpus-6-test-corpus-26-train	FR	Est-ce que c'est détaxé?
3826	corpus-6-train	FR	Je n'ai pas de pièce pour le casier.
3828	corpus-6-train	FR	Vous savez que vous ne vous êtes pas arrêté au panneau?
3829	corpus-6-test-corpus-26-train	FR	Je ne peux pas mettre mes bagages sous le siège. Pouvez-vous me les garder, s'il vous plaît?
3830	corpus-6-dev	FR	C'est combien la nuit?
3831	corpus-6-train	FR	Je fais du trente-neuf.
3832	corpus-6-train	FR	J'arriverai ce soir vers les vingt-deux heures.
3834	corpus-6-train	FR	Mon numéro est le cent vingt-trois quatre-vingt-dix cinquante-cinq.
3835	corpus-6-test-corpus-26-train	FR	Pourriez-vous mettre cette valise dans le coffre?
3837	corpus-6-train	FR	Puisque j'ai fait tout ce chemin jusqu'à Saville Row, je devrais me faire tailler un costume.
3838	corpus-6-train	FR	Veuillez charger la pile, s'il vous plaît.
3840	corpus-6-train	FR	Le vingt avril.
3845	corpus-6-train	FR	Je veux changer pour un vol dans l'après-midi.
3846	corpus-6-train	FR	Des vêtements, des sacs, des chaussures, des choses comme cela.
3847	corpus-6-test-corpus-26-train	FR	Comme je sors maintenant, je vais aller le chercher.
3849	corpus-6-train	FR	C'est une japonaise de huit ans.
3852	corpus-6-train	FR	Enchanté. Mon père vous transmet son bon souvenir.
3853	corpus-6-train	FR	Dépêchons-nous ou nous allons être en retard.
3855	corpus-6-dev	FR	Est-ce que c'est fragile ou cassable?
3856	corpus-6-test-corpus-26-train	FR	Veuillez envoyer quelqu'un chercher mes bagages à six heures trente.
3858	corpus-6-test-corpus-26-dev	FR	Je voudrais une carte de San Francisco et de ses environs.
3859	corpus-6-test-corpus-26-train	FR	Quelles sortes de pain avez-vous?
3860	corpus-6-test-corpus-26-train	FR	Où se trouve l'ascenseur?
3861	corpus-6-test-corpus-26-train	FR	Est-ce que quelqu'un sait jouer du piano?
3863	corpus-6-train	FR	J'ai bien peur que ce projet n'échoue.
3864	corpus-6-train	FR	Apprenez-moi les pas, s'il vous plaît.
3865	corpus-6-train	FR	A peu près une heure et demie.
3866	corpus-6-train	FR	Je suis désolé. Je l'ai donné à l'autre personne qui partage la chambre.
3869	corpus-6-train	FR	Mary était à l'heure pour prendre le train, mais pas George.
3870	corpus-6-train	FR	Jack a une vie triste, il ne fait que travailler sans jamais se détendre.
3871	corpus-6-train	FR	Eh bien, je vais y réfléchir.
3872	corpus-6-test-corpus-26-test	FR	A quelle station de métro dois-je descendre pour aller à l'Empire State Building?
3873	corpus-6-train	FR	Les billets de l'express ne sont valables que pour le train et la place que vous avez réservés.
3874	corpus-6-dev	FR	Gokurosama pour m'avoir expliqué tout cela.
3875	corpus-6-dev	FR	Je n'ai pas été à la selle depuis trois jours.
3877	corpus-6-train	FR	Quel club dois-je utiliser pour le prochain coup?
3883	corpus-6-train	FR	Quelle est la plage que les enfants d'ici aiment le plus?
3884	corpus-6-train	FR	Ce sont tous des effets personnels.
3886	corpus-6-train	FR	Oui, juste un coca.
3887	corpus-6-test-corpus-26-test	FR	Le budget est inférieur à mille dollars.
3888	corpus-6-train	FR	Prenez des bonbons.
3889	corpus-6-train	FR	Ce n'est pas dangereux à manger?
3891	corpus-6-train	FR	Voici mon ticket de réclamation. Est-ce que vous allez vérifier immédiatement?
3892	corpus-6-test-corpus-26-train	FR	Merci, mais je ne crois pas que nous ayons le temps de rester deux nuits. Pourriez-vous me réserver une chambre avec deux lits dans cet hôtel pour la nuit du douze mars uniquement?
3893	corpus-6-train	FR	Nous achetons également beaucoup de fruits de mer provenant d'autres pays.
3894	corpus-6-train	FR	Articles fragiles.
3895	corpus-6-train	FR	Ne vous inquiétez pas. Nous allons l'annoncer.
3896	corpus-6-train	FR	Pour aller à Fisherman's Wharf, s'il vous plaît.
3897	corpus-6-train	FR	Pourriez-vous m'apporter du thé, du pain et du beurre? C'est la chambre deux mille trente-quatre.
3900	corpus-6-test-corpus-26-dev	FR	Pourrais-je réserver une chambre double avec vue sur l'océan?
3901	corpus-6-train	FR	Je meurs d'envie de prendre une gorgée de bière.
3902	corpus-6-dev	FR	Cela dépend si vous avez quelque chose à déclarer ou non.
3904	corpus-6-train	FR	D'accord, Monsieur. Veuillez raccrocher et je vous préviendrai quand l'appel aboutira.
3905	corpus-6-train	FR	La publication assistée par ordinateur n'a rien d'inhabituel de nos jours.
3906	corpus-6-train	FR	Pourriez-vous échanger ce billet contre de plus petites coupures?
3907	corpus-6-dev	FR	Manchester, s'il vous plaît.
3909	corpus-6-train	FR	Je suis désolé, nous ne faisons pas cela.
3910	corpus-6-train	FR	J'ai renversé quelque chose. Pouvez-vous m'apporter une serviette?
3914	corpus-6-train	FR	A quand remontent vos derniers rapports sexuels?
3915	corpus-6-train	FR	Quel est le prix du billet pour White Plains sur la North Line?
3917	corpus-6-train	FR	Est-ce une excursion d'une demi-journée?
3918	corpus-6-train	FR	Veuillez me montrer l'emploi du temps.
3920	corpus-6-test-corpus-26-train	FR	Nous n'avons pas encore décidé.
3921	corpus-6-train	FR	Je veux me laver les mains. Est-ce qu'il y a une pièce où je peux me laver les mains?
3922	corpus-6-train	FR	Est-ce qu'il faut des billets?
3924	corpus-6-train	FR	Quelque chose ne va pas avec la voiture. Pouvez-vous vérifier?
3925	corpus-6-train	FR	Oh, il sait que nous voulons des vêtements.
3926	corpus-6-train	FR	Un appel longue distance, s'il vous plaît.
3928	corpus-6-test-corpus-26-train	FR	Mon compagnon a trébuché et il s'est foulé la cheville.
3929	corpus-6-train	FR	Je suis désolé mais il est en réunion pour l'instant.
3930	corpus-6-train	FR	Je cherche une banque. Où se trouve la plus proche?
3931	corpus-6-train	FR	Quelle sorte de travail?
3933	corpus-6-train	FR	Oh, merde. Putain on est où?
3934	corpus-6-train	FR	Bonjour. Combien d'entre vous vont manger?
3935	corpus-6-train	FR	La clé de la voiture est tordue. Pourriez-vous m'en donner une autre, s'il vous plaît?
3936	corpus-6-test-corpus-26-train	FR	Je vais essayer un sorbet.
3937	corpus-6-train	FR	Vous devez enregistrer vos bagages quatre-vingt-dix minutes avant le départ.
3938	corpus-6-train	FR	J'ai laissé mon manteau dans le placard de l'hôtel.
3939	corpus-6-train	FR	Veuillez échanger ceci en petites pièces.
3940	corpus-6-train	FR	Quelqu'un aurait pu le prendre par erreur.
3942	corpus-6-train	FR	Est-ce que c'est un cours pour débutants?
3943	corpus-6-train	FR	Avez-vous d'autres couleurs?
3944	corpus-6-train	FR	Je voudrais rapporter la radio que j'ai achetée hier.
3945	corpus-6-train	FR	Quel file dois-je prendre?
3946	corpus-6-train	FR	Apportez-moi une serviette s'il vous plaît.
3947	corpus-6-train	FR	J'ai une correspondance sur Northwest, le deux cent trente-quatre. Où dois-je enregistrer mes bagages?
3948	corpus-6-train	FR	Est-ce que je peux changer les places?
3949	corpus-6-train	FR	Un dollar soixante-quinze. Je vous appellerai quand ce sera prêt.
3951	corpus-6-train	FR	Pourriez-vous vous renseigner à ce sujet à Tokyo?
3955	corpus-6-train	FR	C'est la chambre six cent un.
3956	corpus-6-train	FR	Quelle vue.
3957	corpus-6-train	FR	Réveillez-moi à six heures demain matin, s'il vous plaît.
3958	corpus-6-train	FR	On dirait que c'est d'excellente qualité.
3959	corpus-6-train	FR	Est-ce que je dois prendre vos affaires?
3960	corpus-6-train	FR	Est-ce que je peux avoir la facture, s'il vous plaît?
3961	corpus-6-test-corpus-26-train	FR	Y a-t-il un restaurant thaïlandais dans les environs?
3962	corpus-6-train	FR	Avec vue sur la Tamise, s'il vous plaît.
3964	corpus-6-train	FR	Excusez-moi, est-ce que vous voulez nous prendre en photo?
3967	corpus-6-train	FR	Est-ce qu'il y a de bons endroits pour plonger dans les environs?
3969	corpus-6-train	FR	 Je voudrais un cheeseburger complet, des frites et un milk-shake à la fraise.
3971	corpus-6-train	FR	Veuillez envoyer ce paquet en contre-remboursement, s'il vous plaît.
3972	corpus-6-test-corpus-26-train	FR	C'est juste à côté de ce grand immeuble. Revenez sur vos pas jusqu'aux feux, puis tournez à gauche.
3973	corpus-6-train	FR	Je suis très content parce que je n'ai pris que des repas occidentaux depuis que j'ai quitté Tokyo.
3974	corpus-6-test-corpus-26-train	FR	Je dois prendre cet avion pour Los Angeles très tôt demain matin.
3975	corpus-6-train	FR	Je voudrais envoyer ceci par câble.
3977	corpus-6-train	FR	Veuillez noter sur cette feuille votre nom, votre hôtel et votre numéro de téléphone.
3978	corpus-6-train	FR	Est-ce que je peux prendre rendez-vous pour vendredi?
3979	corpus-6-train	FR	Bonjour. C'est votre appel-réveil.
3980	corpus-6-train	FR	J'ai passé un appel.
3982	corpus-6-train	FR	Veuillez me montrer le chemin du bureau BA.
3986	corpus-6-train	FR	Excusez-moi. Pourriez me faire la monnaie de ce billet de un dollar? Je veux passer un coup de fil mais je n'ai pas de monnaie sur moi.
3988	corpus-6-test-corpus-26-train	FR	"Alors, je peux vous proposer en toute confiance cette ""Visite de la Ville de San Francisco"". Elle vous donnera un aperçu global de San Francisco."
3989	corpus-6-train	FR	De neuf heures à vingt et une heures.
3990	corpus-6-train	FR	Pourriez-vous imprimer mon nom et mon adresse dans l'en-tête?
3991	corpus-6-test-corpus-26-train	FR	Je veux contracter une assurance.
3992	corpus-6-dev	FR	Voici mon reçu pour le règlement.
3993	corpus-6-train	FR	Faut-il porter une robe de soirée?
3994	corpus-6-train	FR	Combien coûte un soin du visage avec un masque aux algues?
3995	corpus-6-test-corpus-26-test	FR	Je vais appliquer une compresse froide pour soulager la douleur.
3999	corpus-6-train	FR	Je voudrais encaisser ce chèque.
4001	corpus-6-train	FR	Quel temps faisait-il à Los Angeles?
4004	corpus-6-train	FR	C'est juste après cette porte. Allez à l'arrêt de bus numéro trois. Le bus vous conduira à l'hôtel Bay View.
4005	corpus-6-train	FR	Avec ce logiciel, les utilisateurs peuvent créer une page Web en moins de dix minutes.
4008	corpus-6-train	FR	Je suis tombé et je me suis sérieusement égratigné le genou.
4009	corpus-6-dev	FR	Veuillez me montrer.
4011	corpus-6-train	FR	Que dit le panneau?
4013	corpus-6-test-corpus-26-train	FR	Elle veut acheter une robe.
4015	corpus-6-dev	FR	Pourquoi le produit A a-t-il conservé son importante part de marché ces cinq dernières années?
4016	corpus-6-test-corpus-26-train	FR	Combien ça coûte pour aller à cet hôtel en taxi?
4017	corpus-6-test-corpus-26-train	FR	Où sont les toilettes?
4024	corpus-6-train	FR	OK. Veuillez vous rendre au contrôle des passeports.
4025	corpus-6-train	FR	Rendez-moi deux dollars.
4026	corpus-6-train	FR	Quand viendrez-vous?
4027	corpus-6-train	FR	Avez-vous la même chose en noir?
4029	corpus-6-dev	FR	A quelle heure part le dernier train?
4031	corpus-6-train	FR	Veuillez me laisser descendre au prochain arrêt, s'il vous plaît.
4032	corpus-6-train	FR	Location de planches, s'il vous plaît.
4033	corpus-6-train	FR	Oui, nous avons trois courts de tennis derrière cette aile.
4034	corpus-6-test-corpus-26-train	FR	L'entrée de ce bâtiment est-elle payante?
4035	corpus-6-train	FR	Veuillez me prendre à la gare.
4036	corpus-6-test-corpus-26-train	FR	Faites comme vous voulez.
4037	corpus-6-train	FR	Où dois-je faire la queue?
4038	corpus-6-train	FR	Veuillez aller au cinquième guichet.
4040	corpus-6-train	FR	OK, Monsieur. A sept heures, alors.
4042	corpus-6-train	FR	Il doit y avoir une erreur de comptabilité. C'est combien?
4044	corpus-6-train	FR	Je voudrais une voiture automatique et économique.
4045	corpus-6-train	FR	Oui, il faisait un petit peu plus chaud hier.
4046	corpus-6-train	FR	Il est interdit de se garer sur le trottoir.
4047	corpus-6-train	FR	Et est-ce que vous vendez des timbres?
4048	corpus-6-train	FR	Il me faut une ordonnance.
4049	corpus-6-train	FR	Il est presque cinq heures.
4050	corpus-6-train	FR	La réaction envers notre modèle précédent était plutôt bonne.
4053	corpus-6-train	FR	Que diriez-vous de venir à Hakone avec moi?
4054	corpus-6-dev	FR	Ce que vous choisirez sera parfait.
4057	corpus-6-train	FR	OK, Mme Suzuki. Vous avez une réservation sur le vol deux cent treize de demain à quinze heures. Veuillez vous présenter à quatorze heures pour l'enregistrement.
4058	corpus-6-train	FR	Pourrais-je avoir de la menue monnaie?
4059	corpus-6-train	FR	Il se pourrait que je l'aie laissé à la réception.
4060	corpus-6-train	FR	Certainement. Il y a trois sacs en tout? Nous allons vous les garder.
4061	corpus-6-train	FR	Je ne vois pas très bien l'écran de ma place.
4064	corpus-6-train	FR	Excusez-moi, mais je veux que vous gardiez mon passeport.
4065	corpus-6-train	FR	D'accord. Votre réservation est faite.
4068	corpus-6-train	FR	L'addition, s'il vous plaît.
4070	corpus-6-train	FR	Est-ce que vous aimeriez que nous déjeunions ensemble?
4072	corpus-6-train	FR	C'est bien dommage. J'aimais bien discuter avec vous.
4073	corpus-6-train	FR	Je ne trouve pas les mots justes.
4074	corpus-6-train	FR	La plus grande différence, c'est le sens de l'espace.
4076	corpus-6-train	FR	Faites-vous des réductions pour les séjours mensuels?
4077	corpus-6-train	FR	Est-ce que c'est sur l'autoroute ou en ville?
4079	corpus-6-train	FR	Il y a eu un cambriolage.
4080	corpus-6-train	FR	Allez-vous rester trois nuits comme prévu?
4082	corpus-6-test-corpus-26-test	FR	Je cherche quelque chose d'habillé.
4083	corpus-6-dev	FR	Est-ce que je peux vous demander de me rappeler plus tard?
4085	corpus-6-train	FR	Je voudrais envoyer un télégramme.
4086	corpus-6-train	FR	A quelle heure devons-nous libérer la chambre?
4088	corpus-6-train	FR	Oui, pour les groupes de dix ou plus, trois dollars la consommation.
4091	corpus-6-train	FR	Voici votre carte d'embarquement. Veuillez vous rendre à la porte quatorze à l'annonce de votre vol.
4092	corpus-6-train	FR	Je me suis coupé la main sur un morceau de verre.
4093	corpus-6-train	FR	Ne m'ennuyez pas.
4096	corpus-6-train	FR	C'est très bien.
4098	corpus-6-train	FR	Je n'ai pas encore récupéré mes bagages.
4099	corpus-6-train	FR	Eh bien, c'est difficile à dire. Tout dépend de la circulation sur l'autoroute. Vous savez, c'est très encombré à cette heure de la journée.
4100	corpus-6-train	FR	Pourriez-vous me montrer comment cela se mange?
4101	corpus-6-train	FR	Je voudrais du rôti de porc.
4103	corpus-6-train	FR	Je n'ai plus d'essence.
4104	corpus-6-test-corpus-26-train	FR	La fenêtre est coincée.
4105	corpus-6-dev	FR	Est-ce je peux essayer la taille juste au-dessus?
4106	corpus-6-train	FR	Veuillez remplir ce formulaire. Où devons-nous vous le rapporter?
4107	corpus-6-train	FR	Je vous ai rencontré l'année dernière quand vous avez visité notre bureau de Tokyo.
4109	corpus-6-test-corpus-26-dev	FR	De quel côté se trouve Union Square?
4114	corpus-6-train	FR	Faites-vous un arrêt à l'hôtel Wani?
4115	corpus-6-train	FR	Pourriez-vous m'expliquer comment ça se joue?
4116	corpus-6-train	FR	Pourrais-je avoir du hareng fumé et des petits pains?
4117	corpus-6-train	FR	Pourriez-vous nous indiquer un bon restaurant?
4118	corpus-6-train	FR	Pendant combien de temps?
4119	corpus-6-test-corpus-26-train	FR	Sept centilitres et demi de Chanel numéro cinq, s'il vous plaît.
4120	corpus-6-train	FR	Veuillez démarrer le compteur.
4121	corpus-6-train	FR	Je n'ai jamais vu une couleur aussi éclatante que celle-ci.
4123	corpus-6-dev	FR	Pourrais-je avoir des comprimés pour les maux d'estomac?
4125	corpus-6-train	FR	Ce n'est pas ce que j'ai demandé.
4128	corpus-6-train	FR	Excusez-moi, où pourrais-je me laver les mains?
4129	corpus-6-test-corpus-26-train	FR	Que diriez-vous de prendre un café?
4130	corpus-6-train	FR	Bonjour, j'ai perdu ma carte de crédit. Veuillez annuler l'ancienne carte et m'en faire une nouvelle, s'il vous plaît.
4131	corpus-6-train	FR	Je voudrais enregistrer mes bagages.
4133	corpus-6-train	FR	"Je voudrais un aller-retour pour la gare ""S"", s'il vous plaît."
4134	corpus-6-train	FR	Quel est le prix de la chambre?
4135	corpus-6-train	FR	Veuillez le suivre. Il va vous faire un shampooing.
4136	corpus-6-dev	FR	Est-ce que je peux avoir un sac?
4137	corpus-6-train	FR	J'ai trois valises.
4139	corpus-6-train	FR	Pourriez-vous me donner votre nom et votre numéro de téléphone?
4141	corpus-6-train	FR	Je vois. Le goût des sucreries japonaises est assez différent des nôtres.
4142	corpus-6-train	FR	Pouvez-vous envoyer une dépanneuse au cent Minto Road?
4143	corpus-6-test-corpus-26-train	FR	Est-ce qu'il me faut un billet?
4144	corpus-6-train	FR	C'est ma famille.
4145	corpus-6-train	FR	Ça ne vous gêne pas de changer de place?
4147	corpus-6-train	FR	Combien de temps faudra-t-il?
4149	corpus-6-train	FR	Bien sûr. Je vais à côté de la poste de toute façon.
4150	corpus-6-train	FR	Oh. C'est vraiment dommage. Alors, que diriez-vous de celui-ci qui est plus simple? Tout ce que vous avez à faire, c'est de mettre ce type de pellicule ici et d'appuyer sur l'obturateur.
4151	corpus-6-train	FR	Serait-il possible que ma femme et moi soyons assis l'un à côté de l'autre?
4152	corpus-6-train	FR	Je me suis brûlé avec de l'eau chaude.
4153	corpus-6-dev	FR	Je voudrais envoyer un câblogramme.
4154	corpus-6-dev	FR	C'est parce que les décisions sont prises en commun.
4155	corpus-6-train	FR	Descendez ces escaliers et suivez les indications.
4156	corpus-6-train	FR	Est-ce que vous avez de la bière de pays?
4160	corpus-6-train	FR	Pouvez-vous vous arrêter ici?
4161	corpus-6-dev	FR	Si j'en achète deux, vous les faites à combien?
4163	corpus-6-train	FR	Oui. Celui-là.
4164	corpus-6-train	FR	Où se trouve l'ascenseur pour Grindelwald?
4168	corpus-6-train	FR	Une chambre avec une douche et une baignoire.
4169	corpus-6-train	FR	Je cherche un parapluie.
4175	corpus-6-train	FR	Un appel international, s'il vous plaît.
4177	corpus-6-train	FR	Vingt-huit dollars? Que diriez-vous de quinze dollars?
4178	corpus-6-dev	FR	Voulez-vous du thé?
4180	corpus-6-train	FR	Que Dieu vous bénisse.
4181	corpus-6-train	FR	Je voudrais une table près de la fenêtre, s'il vous plaît.
4182	corpus-6-test-corpus-26-train	FR	C'est combien pour le service?
4183	corpus-6-train	FR	Est-ce que vous acceptez les chèques-voyages ici?
4185	corpus-6-test-corpus-26-train	FR	Combien de temps d'ici?
4187	corpus-6-test-corpus-26-train	FR	De la crème et du sucre?
4189	corpus-6-train	FR	Le responsable n'est pas là pour le moment. Il viendra dès son retour.
4190	corpus-6-train	FR	La clef, s'il vous plaît. Chambre mille cent seize.
4193	corpus-6-test-corpus-26-train	FR	Faites-vous des réductions pour les membres?
4194	corpus-6-train	FR	Je voudrais un appareil photo simple, s'il vous plaît.
4196	corpus-6-dev	FR	Est-ce que c'est authentique?
4197	corpus-6-train	FR	Ça ne te gêne pas d'attacher mes bretelles dans le dos?
4199	corpus-6-train	FR	Je veux que vous me fassiez une radio.
4201	corpus-6-train	FR	Connaissez-vous un autre endroit près d'ici qui accepte les yens japonais?
4204	corpus-6-train	FR	Pourquoi est-ce que ce caleçon est si cher?
4207	corpus-6-train	FR	La batterie est morte. Est-ce que je peux emprunter votre câble?
4208	corpus-6-train	FR	Des médicaments pour l'estomac, s'il vous plaît.
4209	corpus-6-train	FR	J'ai eu la bouteille de jus de fruit, mais pas la monnaie.
4210	corpus-6-train	FR	J'aime la musique folklorique.
4213	corpus-6-train	FR	Est-ce que je peux voir le même modèle que celui en exposition dans la vitrine?
4219	corpus-6-test-corpus-26-train	FR	Est-ce qu'il y a un express à neuf heures trente?
4221	corpus-6-test-corpus-26-train	FR	Je vais vérifier le liquide de frein et le moteur. Votre moteur semble sur le point de caler.
4224	corpus-6-test-corpus-26-train	FR	Ce n'était pas de ma faute.
4225	corpus-6-train	FR	Bonjour, agence immobilière Samaritan.
4226	corpus-6-train	FR	Avez-vous des fruits frais?
4230	corpus-6-train	FR	Je prendrai ce qui vous reste pour ce soir.
4231	corpus-6-train	FR	Où se trouve la salle à manger?
4234	corpus-6-train	FR	Environ trois millions et demi de yens.
4235	corpus-6-train	FR	Expédiez-le en recommandé, s'il vous plaît.
4236	corpus-6-dev	FR	Avez-vous des analgésiques dans cet hôtel?
4240	corpus-6-train	FR	D'accord. Aïe. Est-ce que je peux prendre un bain aujourd'hui?
4243	corpus-6-train	FR	L'autre personne est en ligne.
4244	corpus-6-train	FR	Donnez-moi neuf billets de dix, un de cinq, quatre de un et le reste en pièces de dix cents.
4245	corpus-6-train	FR	Les Japonais aiment faire les choses en groupe.
4246	corpus-6-train	FR	Arrêtons-nous pour aujourd'hui.
4247	corpus-6-train	FR	Il est quelle heure à Tokyo?
4248	corpus-6-train	FR	Nous devons traverser pour le rejoindre.
4249	corpus-6-train	FR	Je voudrais des cartes à jouer, s'il vous plaît.
4250	corpus-6-train	FR	Je cherche des souvenirs à des prix raisonnables.
4253	corpus-6-train	FR	Battery Park, s'il vous plaît, mais pouvez-vous vous arrêter à Union Square? Je veux y prendre un ami.
4254	corpus-6-train	FR	Nous vous le renverrons bientôt.
4257	corpus-6-dev	FR	Désolé, je ne peux pas. Je ne peux m'arrêter que devant les hôtels qui sont répertoriés sur cette liste.
4261	corpus-6-train	FR	J'apprécie vraiment, mais.
4262	corpus-6-test-corpus-26-train	FR	Il y a une coupure de courant.
4263	corpus-6-test-corpus-26-train	FR	Je le signalerai à la police.
4264	corpus-6-train	FR	Quel genre de chambre voulez-vous?
4266	corpus-6-train	FR	C'est vers la droite ou vers la gauche?
4267	corpus-6-train	FR	Donne-moi un dollar.
4268	corpus-6-dev	FR	Quel est le numéro de la porte?
4269	corpus-6-test-corpus-26-train	FR	Est-ce que chacun doit payer ses consommations?
4270	corpus-6-train	FR	Signature, s'il vous plaît.
4271	corpus-6-train	FR	Est-ce que c'est le quai six?
4273	corpus-6-train	FR	C'est un petit peu épicé mais je crois que vous aimerez.
4275	corpus-6-test-corpus-26-train	FR	N'importe où du moment que c'est entre trente et cinquante dollars la nuit.
4276	corpus-6-train	FR	Je désirerais un verre d'eau froide.
4278	corpus-6-test-corpus-26-train	FR	Veuillez réparer ceci.
4279	corpus-6-train	FR	Est-ce c'est dangereux d'aller à Soho?
4280	corpus-6-train	FR	Un billet pour Detroit, s'il vous plaît.
4281	corpus-6-train	FR	Pour les comédies musicales, rien ne vaut la Quarante-deuxième rue. Le théâtre attire tellement de monde tous les jours que l'on ne peut même pas trouver un seul billet. C'est un phénomène rare dans l'histoire des comédies musicales, il me semble.
4283	corpus-6-train	FR	Pouvez-vous descendre mes bagages, s'il vous plaît?
4284	corpus-6-test-corpus-26-train	FR	Pour le Jour de l'An. Et pour des occasions spéciales telles que les réceptions de mariage, les cérémonies de remise de prix ou les enterrements.
4285	corpus-6-test-corpus-26-test	FR	Un peu plus de moutarde, s'il vous plaît.
4286	corpus-6-train	FR	J'apprécie, mais mes bagages sont trop volumineux pour que je les porte. Seriez-vous assez aimable pour les garder?
4289	corpus-6-train	FR	L'archéologie nous intéresse.
4290	corpus-6-train	FR	Pourriez-vous m'apporter un verre d'eau?
4291	corpus-6-train	FR	Appelez la police.
4292	corpus-6-train	FR	Ça vient.
4294	corpus-6-train	FR	A la longueur des épaules, s'il vous plaît.
4297	corpus-6-train	FR	Est-ce que je peux voir le programme et la liste des tarifs?
4299	corpus-6-train	FR	Bien sûr, je vais vous donner notre carte de visite.
4300	corpus-6-train	FR	Est-ce que vous avez d'autres modèles?
4301	corpus-6-train	FR	Votre porte d'embarquement est le numéro dix-sept.
4303	corpus-6-train	FR	Le vingt-neuf avril, c'était l'anniversaire de l'Empereur Showa, père du présent Empereur. Maintenant, c'est devenu la Journée Verte.
4305	corpus-6-test-corpus-26-train	FR	Pourquoi ne lui offres-tu pas un cadeau?
4307	corpus-6-train	FR	Combien ça coûte d'expédier cette carte postale par avion au Japon?
4312	corpus-6-train	FR	Tu m'emmèneras en boîte?
4313	corpus-6-train	FR	Oui, c'est la Memorial Tower. C'est l'un des bâtiments les plus célèbres de la ville.
4315	corpus-6-train	FR	Est-ce que vous avez des films?
4316	corpus-6-train	FR	Excusez-moi. Est-ce que c'est le bon chemin pour la First National Bank?
4317	corpus-6-train	FR	Je voudrais utiliser un coffre-fort.
4318	corpus-6-train	FR	Il a commencé la bagarre.
4319	corpus-6-train	FR	Est-ce que vous offrez une remise spéciale?
4320	corpus-6-train	FR	J'ai plus de vingt ans d'expérience dans ce domaine.
4321	corpus-6-test-corpus-26-test	FR	Quel film me recommandez-vous?
4323	corpus-6-train	FR	Je suis descendu au Hilton Seaside. Vous savez, j'ai vraiment besoin de cette valise. Tous mes vêtements sont dedans.
4324	corpus-6-test-corpus-26-test	FR	Voici un billet de vingt, rendez-moi deux dollars, s'il vous plaît.
4326	corpus-6-test-corpus-26-train	FR	Elle m'a donné un coup sur le côté.
4327	corpus-6-dev	FR	Prenez la sortie là-bas et tournez à droite, s'il vous plaît.
4329	corpus-6-train	FR	Je suis désolé. J'ai fait un faux numéro.
4330	corpus-6-train	FR	Savez-vous comment le joindre?
4333	corpus-6-train	FR	La ligne est occupée.
4334	corpus-6-train	FR	Où se trouve la prise du rasoir électrique?
4335	corpus-6-test-corpus-26-train	FR	Je peux venir à quatorze heures.
4337	corpus-6-train	FR	Est-ce que je peux en voir un autre?
4338	corpus-6-dev	FR	Où se trouve l'escalier?
4340	corpus-6-train	FR	D'accord. Transportez-vous des plantes ou de la nourriture?
4341	corpus-6-test-corpus-26-train	FR	Est-ce que ce sont les bagages du vol JAL zéro un?
4342	corpus-6-train	FR	C'est clair. Eh. Allons à la plage.
4346	corpus-6-test-corpus-26-train	FR	C'est mon premier voyage à Paris.
4348	corpus-6-test-corpus-26-train	FR	Pourriez-vous faire une estimation du prix avant de commencer à travailler?
4350	corpus-6-train	FR	Est-ce que c'est dans la même direction que ce bâtiment?
4354	corpus-6-train	FR	C'est trop tape-à-l'œil.
4355	corpus-6-train	FR	Je suis Katsuhiko Nakanuma. Avez-vous des messages pour moi?
4356	corpus-6-train	FR	Bon, est-ce que je dois réserver le même vol puisque nous avons de la place pour vous?
4357	corpus-6-train	FR	Serait-il possible de changer ma réservation maintenant?
4358	corpus-6-test-corpus-26-train	FR	Entrez, je vous en prie.
4361	corpus-6-train	FR	Le nom est Suzuki.
4362	corpus-6-train	FR	Je m'appelle Yusuke Tanaka et je vous appelle de l'aéroport.
4363	corpus-6-train	FR	Sont-ils mûrs?
4364	corpus-6-test-corpus-26-test	FR	Notre randonnée devrait être géniale.
4365	corpus-6-test-corpus-26-train	FR	Par où montons-nous à bord du bateau?
4366	corpus-6-dev	FR	Je n'ai pas voulu vous faire de mal.
4367	corpus-6-train	FR	Où se trouve le hall?
4368	corpus-6-train	FR	L'un de mes sacs a été abîmé. Où dois-je aller pour une réclamation?
4369	corpus-6-train	FR	C'est trop fort.
4371	corpus-6-train	FR	Pourriez-vous faire descendre nos bagages, s'il vous plaît?
4373	corpus-6-test-corpus-26-train	FR	Nous n'avons pas de sac assez grand, je vais donc le mettre dans ce grand sac en plastique.
4374	corpus-6-test-corpus-26-train	FR	J'aimerais jouer au tennis.
4375	corpus-6-test-corpus-26-train	FR	Il y a du jus d'ananas, du jus d'orange et du jus de tomate.
4377	corpus-6-test-corpus-26-train	FR	Côté gauche sur cet étage, près de l'escalier roulant.
4378	corpus-6-train	FR	Apportez-moi une bouteille de bière, s'il vous plaît. Si vous avez une bière pression, je préfère.
4380	corpus-6-train	FR	Oh, ça me rappelle qu'il y a un bon café pas loin où ils jouent de la super musique classique.
4381	corpus-6-train	FR	Je veux ma voiture.
4382	corpus-6-test-corpus-26-test	FR	Qui est-ce qui passe dans la salle de concert aujourd'hui?
4386	corpus-6-train	FR	Certainement. Pourrais-je avoir votre numéro de téléphone, au cas où?
4388	corpus-6-train	FR	Non. En fait, en raison des prix élevés, je dois vivre à la maison, dans le Queens, à deux heures d'ici aller-retour.
4390	corpus-6-train	FR	Je pense que oui. Maintenant il ne nous reste qu'un point à discuter. Celui du nombre de mois de préavis que chaque partie doit donner à l'autre en cas de résiliation de contrat.
4392	corpus-6-train	FR	Je voudrais deux billets pour samedi prochain dans l'après-midi.
4393	corpus-6-train	FR	C'est un peu trop cuit.
4394	corpus-6-train	FR	Est-ce que c'est une histoire d'amour?
4395	corpus-6-train	FR	Je joue pour m'amuser et je m'en sers aussi pour les affaires.
4402	corpus-6-train	FR	A quelle heure part le bus pour Oxford?
4403	corpus-6-train	FR	Je voudrais le numéro de United Airlines, s'il vous plaît.
4404	corpus-6-train	FR	Désolé de vous avoir fait attendre, votre numéro de chambre est le quatre-vingt dix-neuf. Voici votre clef.
4405	corpus-6-train	FR	C'est un vin délicieux. Est-ce qu'il est du pays?
4406	corpus-6-train	FR	Certainement. Avez-vous une couleur particulière à l'esprit?
4407	corpus-6-train	FR	J'ai la tête qui tourne.
4408	corpus-6-train	FR	Où est la consigne?
4409	corpus-6-test-corpus-26-train	FR	Tu ne préfèrerais pas voir un autre film?
4410	corpus-6-train	FR	Pourrais-je voir votre passeport et votre billet?
4412	corpus-6-train	FR	Je voudrais du papier toilette.
4413	corpus-6-train	FR	Les Japonais ne changent pas si souvent de métier.
4418	corpus-6-test-corpus-26-train	FR	Veuillez échanger ce chèque-voyage contre du liquide.
4422	corpus-6-train	FR	J'appelle Tokyo trente-sept soixante-cinq quarante-trois vingt et un.
4424	corpus-6-train	FR	Pourrais-je avoir un rendez-vous demain?
4427	corpus-6-train	FR	C'est une vieille pierre qui contient des caractères anciens.
4428	corpus-6-train	FR	Sur quel vol dois-je embarquer ensuite?
4429	corpus-6-train	FR	Il décolle à huit heures vingt-cinq de l'aéroport de San Francisco.
4430	corpus-6-train	FR	Voici votre chambre, Monsieur. Où dois-je poser vos bagages?
4432	corpus-6-test-corpus-26-dev	FR	Je voudrais avoir le même cours demain, s'il vous plaît.
4433	corpus-6-dev	FR	Excusez-moi, mais je crois que vous êtes assis à ma place. Quel est le numéro de votre siège?
4434	corpus-6-train	FR	Pouvez-vous mettre vos bagages sur le comptoir, s'il vous plaît?
4437	corpus-6-train	FR	Nous considérons Washington, D.C, la capitale de l'Amérique, comme le centre de la politique mondiale.
4438	corpus-6-train	FR	D'accord. Je lui dirai de le remplir.
4439	corpus-6-train	FR	Nous avons une réservation au nom d'Okada pour sept heures.
4440	corpus-6-train	FR	Moi?
4441	corpus-6-train	FR	Où allez-vous séjourner à Los Angeles?
4442	corpus-6-train	FR	Dans le métro.
4443	corpus-6-train	FR	Ensuite, le problème de la contamination de l'environnement est également moindre. Non?
4445	corpus-6-train	FR	Quel numéro de bus?
4446	corpus-6-train	FR	Ça ne fait rien.
4447	corpus-6-train	FR	Malheureusement, notre ingénieur, M. Akiyama, doit partir tôt pour assister à une autre réunion.
4449	corpus-6-train	FR	Avez-vous un service de location ou de ramassage?
4450	corpus-6-test-corpus-26-train	FR	Je pourrais peut-être vous donner une meilleure réponse après une ou deux représentations.
4451	corpus-6-test-corpus-26-test	FR	Il me faut un cadeau pour un anniversaire.
4452	corpus-6-train	FR	Il n'y a pas de savon dans la salle de bains.
4455	corpus-6-dev	FR	Je préfère une voiture automatique.
4457	corpus-6-train	FR	Six billets de dix dollars, huit d'un dollar et le reste en pièces de vingt-cinq cents.
4458	corpus-6-train	FR	Prenez la navette juste à l'extérieur.
4459	corpus-6-train	FR	C'est à vous.
4460	corpus-6-train	FR	Je prendrai du pain blanc, s'il vous plaît.
4461	corpus-6-train	FR	Où sont les WC?
4464	corpus-6-test-corpus-26-train	FR	Quelles comédies musicales joue-t-on en ce moment?
4465	corpus-6-train	FR	Merci pour aujourd'hui.
4467	corpus-6-train	FR	Avez-vous un téléphone public?
4468	corpus-6-train	FR	Il sera là dans une minute.
4471	corpus-6-train	FR	Environ mille cinq cents dollars australiens et cinquante mille yens.
4472	corpus-6-train	FR	Y a-t-il un médecin ici?
4473	corpus-6-train	FR	Etes-vous d'accord de prendre ce genre de vol?
4474	corpus-6-train	FR	Mon numéro de réservation est le vingt-six soixante-dix-neuf.
4475	corpus-6-test-corpus-26-train	FR	Avez-vous un miroir?
4477	corpus-6-dev	FR	J'aimerais prendre le prochain vol pour Boston.
4478	corpus-6-test-corpus-26-dev	FR	Excusez-moi mais je me suis perdu? Pouvez-vous m'aider?
4479	corpus-6-test-corpus-26-train	FR	Je vais prendre celui-là, s'il vous plaît.
4481	corpus-6-train	FR	Cette table d'hôte, s'il vous plaît.
4485	corpus-6-train	FR	D'accord. Veuillez rester ici. Je vais aller chercher un taxi.
4486	corpus-6-train	FR	Donnez-moi un cookie avec des pépites au chocolat.
4487	corpus-6-train	FR	J'ai une petite trentaine.
4488	corpus-6-train	FR	Je veux acheter un rouge à lèvres. Je voudrais une couleur rose.
4489	corpus-6-train	FR	Il n'y a pas eu du tout de problème.
4490	corpus-6-train	FR	Attendez ici jusqu'à ce que je revienne.
4494	corpus-6-train	FR	Veuillez dire à M. Thomas que je suis descendu au Hilton.
4496	corpus-6-train	FR	Où se trouve le marché aux puces le plus proche?
4497	corpus-6-test-corpus-26-train	FR	Vous ne pouvez pas emporter de feux d'artifice au Canada.
4498	corpus-6-train	FR	Non. Vous devez acheter un jeton pour cette machine.
4501	corpus-6-test-corpus-26-train	FR	Votre femme est une merveilleuse cuisinière.
4503	corpus-6-test-corpus-26-train	FR	Vous avez besoin d'aide?
4504	corpus-6-train	FR	Est-ce que c'est nouveau cette saison?
4505	corpus-6-test-corpus-26-train	FR	Pourriez-vous réserver un taxi pour six heures demain matin, s'il vous plaît?
4510	corpus-6-test-corpus-26-train	FR	Que voulez-vous avec votre entrée?
4511	corpus-6-train	FR	Excusez-moi mais je ne me sens pas bien.
4512	corpus-6-train	FR	Je voudrais confirmer le taux.
4514	corpus-6-train	FR	Si je passe un appel international depuis ma chambre, y aura-t-il des frais supplémentaires?
4515	corpus-6-train	FR	Je le pense.
4516	corpus-6-train	FR	Je voudrais composer ce numéro. Pouvez-vous m'aider?
4517	corpus-6-train	FR	Pourriez-vous m'indiquer quel bus ou quel train va au centre-ville?
4520	corpus-6-dev	FR	Je voudrais appeler l'étranger, le Japon, s'il vous plaît.
4522	corpus-6-train	FR	Est-ce que j'ai besoin d'une veste? Et une cravate alors?
4523	corpus-6-train	FR	J'aimerais vous demander un service.
4524	corpus-6-train	FR	C'est dans le panier près du grille-pain.
4525	corpus-6-train	FR	Je ne dois rien boire d'alcoolisé.
4529	corpus-6-train	FR	Je révise pour mes examens d'entrée à l'université.
4530	corpus-6-dev	FR	Avec de la crème et du sucre, s'il vous plaît.
4531	corpus-6-train	FR	Il fait froid, non?
4533	corpus-6-train	FR	Pourriez-vous me recommander des endroits intéressants à visiter dans cette ville?
4534	corpus-6-dev	FR	Il y a un casino dans cette ville.
4535	corpus-6-dev	FR	J'ai faim.
4536	corpus-6-train	FR	Voici votre note. Espèces ou carte de crédit?
4538	corpus-6-dev	FR	Pourrais-je avoir un whisky soda et un brandy, s'il vous plaît?
4539	corpus-6-train	FR	Combien ça coûte si vous me déposez?
4540	corpus-6-test-corpus-26-test	FR	Y a-t-il une boutique pas loin?
4543	corpus-6-train	FR	Je ne sais pas nager. J'ai besoin d'un gilet de sauvetage.
4545	corpus-6-train	FR	Deux hot dogs à emporter.
4548	corpus-6-train	FR	Faut que je file.
4549	corpus-6-test-corpus-26-train	FR	Il y a beaucoup de monde dans cet endroit, n'est-ce pas?
4552	corpus-6-train	FR	Je viens tout de suite le chercher.
4553	corpus-6-train	FR	Tournez au coin à droite.
4554	corpus-6-train	FR	Eh bien, l'aîné est dans sa quatrième année d'études supérieures après avoir été étudiant de première année, de deuxième année et d'avant-dernière année.
4555	corpus-6-train	FR	J'aimerais prendre un cours particulier.
4557	corpus-6-train	FR	Pas un geste.
4558	corpus-6-test-corpus-26-train	FR	Désolé. Ils seront prêts dans quelques cinq minutes.
4559	corpus-6-train	FR	A quelle heure dois-je venir le voir?
4560	corpus-6-train	FR	Est-ce que vous avez une carte des vins?
4563	corpus-6-train	FR	Ma jambe me fait mal.
4564	corpus-6-train	FR	Il me plaît. Celui-ci, s'il vous plaît.
4566	corpus-6-train	FR	Ils ont également une grande collection des pièces de Shakespeare, n'est-ce pas?
4567	corpus-6-train	FR	Quand est la Coupe du Monde?
4571	corpus-6-train	FR	Je suis content que vous ayez pu venir.
4572	corpus-6-train	FR	Garçon, s'il vous plaît.
4573	corpus-6-train	FR	Je veux réserver un bateau de rafting.
4575	corpus-6-train	FR	Avez-vous des idées pour ma coupe de cheveux?
4587	corpus-6-train	FR	Avez-vous un plan de cette partie de la ville?
4588	corpus-6-test-corpus-26-train	FR	J'ai attrapé un torticolis en dormant.
4589	corpus-6-train	FR	Voulez-vous une petite, une moyenne ou une grosse portion de frites?
4590	corpus-6-train	FR	Quel est l'endroit le plus animé du carnaval?
4592	corpus-6-train	FR	Est-ce qu'il y a une boîte aux lettres ici?
4594	corpus-6-test-corpus-26-train	FR	OK. Pas de problème. Est-ce que je peux voir votre passeport?
4596	corpus-6-train	FR	Oh, c'est si gentil de votre part. Est-ce que je peux l'ouvrir?
4597	corpus-6-train	FR	Montez la pente. Vous arriverez sur une route à trois embranchements. Prenez à gauche.
4598	corpus-6-train	FR	Pourrais-je voir votre déclaration détaillée?
4599	corpus-6-train	FR	Je voudrais une pellicule de trente-six poses, s'il vous plaît.
4602	corpus-6-train	FR	Ils vous diront quel bus prendre.
4603	corpus-6-train	FR	Bien sûr. Par ici, s'il vous plaît.
4604	corpus-6-train	FR	Je prendrai des linguini.
4606	corpus-6-train	FR	Passez cet appel en PCV.
4607	corpus-6-train	FR	"Je parle un petit peu. Mais parler et comprendre sont deux choses différentes. Par exemple, je connais le mot ""étranger"" mais je ne peux pas dire quelle file est pour les étrangers."
4609	corpus-6-train	FR	OK. Avez-vous un ticket pour un seul adulte?
4611	corpus-6-train	FR	Prenez un comprimé avec un verre d'eau.
4612	corpus-6-train	FR	Comment va votre famille?
4614	corpus-6-train	FR	D'accord. Vous aurez cent soixante dollars.
4615	corpus-6-test-corpus-26-test	FR	Je n'ai pas d'argent.
4616	corpus-6-train	FR	Où sont les livres pour enfants?
4617	corpus-6-train	FR	Il n'y a pas de cabine téléphonique par ici.
4619	corpus-6-train	FR	Et bien, une quinzaine de minutes à pied.
4620	corpus-6-train	FR	Pourriez-vous venir me chercher à la gare de Boston, s'il vous plaît?
4621	corpus-6-train	FR	Oui, elle est là. Qui est à l'appareil, s'il vous plaît?
4624	corpus-6-test-corpus-26-train	FR	A quelle heure dois-je être à la gare?
4630	corpus-6-test-corpus-26-train	FR	Il y a beaucoup de restaurants dans le coin.
4631	corpus-6-train	FR	Quelle est la température maintenant?
4632	corpus-6-dev	FR	On m'a fait les poches.
4633	corpus-6-train	FR	Surtout pour les affaires, mais aussi un peu de tourisme.
4634	corpus-6-train	FR	Avez-vous une station de lavage de voitures?
4635	corpus-6-test-corpus-26-train	FR	C'est près du vestiaire.
4636	corpus-6-dev	FR	Sortez votre portefeuille.
4637	corpus-6-train	FR	Ecrivez-moi, s'il vous plaît.
4638	corpus-6-train	FR	Où est-ce que je dois poser cela?
4639	corpus-6-train	FR	Pourriez-vous m'indiquer de beaux endroits à visiter?
4640	corpus-6-test-corpus-26-train	FR	Ravi d'avoir discuté avec vous.
4643	corpus-6-train	FR	Bonjour. C'est Carol Brown. Est-ce que je peux parler à Susan?
4644	corpus-6-test-corpus-26-test	FR	Y a-t-il une excursion l'après-midi?
4645	corpus-6-train	FR	D'abord, je prends la Chuo Line. Et où dois-je prendre la correspondance?
4646	corpus-6-train	FR	J'ai raté mon arrêt. Que dois-je faire?
4647	corpus-6-train	FR	A quelle heure part l'avion?
4648	corpus-6-test-corpus-26-test	FR	Je suis avec mes amis.
4649	corpus-6-train	FR	Avez-vous une chambre avec une belle vue?
4650	corpus-6-train	FR	Est-ce que vous pourriez m'indiquer le chemin jusqu'à la poste?
4653	corpus-6-test-corpus-26-train	FR	J'ai apprécié mon séjour. Merci.
4654	corpus-6-test-corpus-26-train	FR	La plage est juste en bas. Quel beau paysage.
4656	corpus-6-train	FR	Je voudrais une paire de jumelles.
4657	corpus-6-train	FR	Veuillez prendre la photo avec le bâtiment en arrière-plan, s'il vous plaît.
4658	corpus-6-test-corpus-26-train	FR	Merci d'avoir attendu, Mme. McGuire. Le voilà. Allez-y, je vous en prie.
4661	corpus-6-dev	FR	Avez-vous des journaux japonais?
4662	corpus-6-test-corpus-26-train	FR	Avez-vous une photo d'identité?
4663	corpus-6-train	FR	Je crois qu'une grande malle serait assez chère.
4664	corpus-6-train	FR	Bonjour, je dois solliciter un visa pour votre pays.
4666	corpus-6-train	FR	Ils sont trop lâches.
4667	corpus-6-train	FR	Par avion? Voyons, cela devrait coûter cent dix-huit dollars.
4671	corpus-6-test-corpus-26-train	FR	Sept, s'il vous plaît.
4673	corpus-6-train	FR	Je suis gravement blessé.
4674	corpus-6-test-corpus-26-train	FR	Je veux envoyer cela à la blanchisserie. Quand est-ce que ce sera prêt?
4675	corpus-6-train	FR	Bonjour, ça fait longtemps qu'on ne s'est vu.
4677	corpus-6-dev	FR	Je peux entrer?
4678	corpus-6-train	FR	J'ai une assurance pour les voyages.
4679	corpus-6-train	FR	Principalement en Europe.
4681	corpus-6-train	FR	Est-ce que la carte American Express vous va?
4682	corpus-6-train	FR	Avez-vous déjà réglé votre note d'hôtel?
4683	corpus-6-train	FR	Les toilettes ont l'air d'être bouchées.
4684	corpus-6-train	FR	J'aimerais déposer cela sur mon compte.
4685	corpus-6-test-corpus-26-train	FR	J'ai un pantalon à rayures.
4686	corpus-6-train	FR	Le montant comprend-il les repas?
4689	corpus-6-train	FR	Asseyez-vous, je vous en prie.
4690	corpus-6-train	FR	Je pars le vendredi vingt-neuf et je reviens le dimanche.
4692	corpus-6-train	FR	Quelle heure est-il en ce moment au Japon?
4697	corpus-6-train	FR	Intéressant.
4698	corpus-6-dev	FR	Si vous voulez un service d'une journée, un supplément de cinquante pour cent sera ajouté à votre facture. Cela vous convient-il?
4699	corpus-6-test-corpus-26-train	FR	Oui. Les bagages d'une autre personne viennent d'être déposés dans ma chambre? Pourriez-vous vérifier, s'il vous plaît?
4700	corpus-6-train	FR	Nous allons prendre les trois places au milieu de cette rangée.
4701	corpus-6-train	FR	Avez-vous des suggestions?
4702	corpus-6-train	FR	Je vous écoute.
4707	corpus-6-train	FR	Nous n'en avons pas en stock mais nous pouvons vous le commander.
4710	corpus-6-train	FR	Pourriez-vous me montrer celui-ci, s'il vous plaît?
4713	corpus-6-train	FR	Mettez-le dans l'un des grands sacs qui se trouvent dans l'armoire. Veuillez remplir le formulaire en précisant les articles à nettoyer.
4714	corpus-6-test-corpus-26-train	FR	Est-ce que l'on peut m'expliquer cela plus en détails?
4715	corpus-6-train	FR	Je travaille à la télévision.
4716	corpus-6-train	FR	Est-ce que je peux faire escale en chemin avec ce genre de billet?
4718	corpus-6-train	FR	Lequel est le plus résistant?
4721	corpus-6-train	FR	Combien avez-vous payé pour ça?
4728	corpus-6-train	FR	J'ai de la chance de vous connaître.
4729	corpus-6-test-corpus-26-train	FR	Avez-vous bien dormi?
4730	corpus-6-dev	FR	Il y a un autocollant de Mickey Mouse dessus.
4731	corpus-6-train	FR	Est-ce que vous pouvez me montrer quelque chose d'autre?
4732	corpus-6-train	FR	C'est génial.
4733	corpus-6-test-corpus-26-train	FR	Pourriez-vous appuyer sur le bouton de l'obturateur?
4734	corpus-6-train	FR	Je voudrais une chambre avec vue sur la mer.
4736	corpus-6-train	FR	Et bien, je ne sais pas comment le dire.
4738	corpus-6-train	FR	Y a-t-il des vols disponibles aujourd'hui? Je dois être à Los Angeles ce soir.
4740	corpus-6-test-corpus-26-train	FR	Deux clés s'il vous plaît.
4742	corpus-6-test-corpus-26-dev	FR	Je voudrais une lampe.
4743	corpus-6-train	FR	Je ne pense pas que ce soit impossible. Nous savons que c'est important et nous sommes prêts à en discuter dès que vous aurez un projet marketing valable.
4744	corpus-6-test-corpus-26-train	FR	C'est au bout du couloir.
4747	corpus-6-train	FR	De quelle partie du Canada êtes-vous?
4748	corpus-6-train	FR	Il fait terriblement chaud aujourd'hui. Et si nous allions nager, qu'en pensez-vous?
4749	corpus-6-train	FR	Mes pores sont dilatés et on ne voit que ça.
4750	corpus-6-train	FR	Il faut que je fasse réparer cette montre.
4752	corpus-6-train	FR	Après le match, y aura-t-il un bus pour nous ramener en ville?
4754	corpus-6-train	FR	Je voudrais que vous mettiez cela sur ma note.
4756	corpus-6-train	FR	Non, je ne suis pas allé à New York.
4757	corpus-6-train	FR	Est-ce que je pourrais avoir un Sprite?
4758	corpus-6-dev	FR	J'ai du mal à perdre de vue mon ami en cours de route.
4760	corpus-6-dev	FR	Pourrais-je avoir dix billets d'un dollar contre ce billet de dix, s'il vous plaît?
4762	corpus-6-train	FR	J'ai laissé mon appareil photo dans la chambre.
4769	corpus-6-train	FR	Je voudrais un étui pour appareil photo.
4770	corpus-6-dev	FR	Voulez-vous me rejoindre pour prendre un repas léger?
4772	corpus-6-train	FR	A quelle heure commence le film?
4773	corpus-6-test-corpus-26-dev	FR	Je voudrais du papier à lettres.
4774	corpus-6-train	FR	Les mains en l'air.
4775	corpus-6-train	FR	Pourrais-je avoir une copie du rapport de police, s'il vous plaît?
4777	corpus-6-train	FR	Je crois que vous devriez faire un régime. Vous ne faites pas beaucoup d'exercice ces temps-ci, n'est-ce pas?
4779	corpus-6-train	FR	Oh, ça nous plairait beaucoup. Merci de nous avoir invités.
4780	corpus-6-train	FR	Pourrais-je poser mes bagages ici?
4782	corpus-6-train	FR	Un petit peu plus sur le cou.
4784	corpus-6-train	FR	Pourrions-nous vous confier nos bagages pendant que nous allons faire des courses?
4785	corpus-6-train	FR	Oui, il se pourrait qu'il pleuve cet après-midi.
4786	corpus-6-dev	FR	Elle travaille au centre des impôts pour les entreprises.
4788	corpus-6-test-corpus-26-train	FR	Est-ce qu'on y va en bus?
4789	corpus-6-train	FR	Y a-t-il aussi un snack-bar?
4790	corpus-6-test-corpus-26-train	FR	Vous avez dit que vous partiez pour Tokyo demain?
4793	corpus-6-train	FR	Bien sûr. Ils viennent de Californie et ils sont surtout frais. Comme c'est une affaire, vous faites un achat judicieux en les achetant aujourd'hui. Un dollar et cinquante cents seulement la pièce.
4795	corpus-6-test-corpus-26-test	FR	Laissez-moi dormir jusqu'à neuf heures.
4797	corpus-6-train	FR	Longueur moyenne, s'il vous plaît.
4799	corpus-6-train	FR	Comment vous en servez-vous?
4800	corpus-6-train	FR	C'est en bas sur la droite.
4801	corpus-6-test-corpus-26-train	FR	Je dois prendre la correspondance AW un zéro zéro. Est-ce que c'est possible?
4805	corpus-6-train	FR	J'aimerais plonger avec un professionnel.
4806	corpus-6-train	FR	Pourriez-vous me changer de chambre, s'il vous plaît?
4807	corpus-6-train	FR	Permettez-moi de vérifier. Que diriez-vous de partir à sept heures quarante?
4810	corpus-6-train	FR	Veuillez me passer le poste trois zéro trois.
4813	corpus-6-test-corpus-26-train	FR	Comment va votre jeu ces temps-ci?
4814	corpus-6-test-corpus-26-dev	FR	J'ai l'impression que ma poitrine est oppressée.
4816	corpus-6-train	FR	Où se trouve l'arrêt de bus pour Santa Monica?
4817	corpus-6-train	FR	C'est un souvenir que j'emmène au Japon.
4818	corpus-6-train	FR	Ma tante est apathique et un peu étrange.
4819	corpus-6-train	FR	Pourriez-vous m'aider, s'il vous plaît?
4820	corpus-6-train	FR	J'ai des maux d'estomac.
4823	corpus-6-dev	FR	Où pourrais-je acheter un costume traditionnel?
4824	corpus-6-train	FR	Où se trouve le bureau des objets trouvés?
4825	corpus-6-train	FR	Avez-vous des chemises?
4826	corpus-6-test-corpus-26-train	FR	Pas de problème. Si vous venez le cinq septembre, vous pourrez assister à un spectacle de films scientifiques. Nous avons une journée spéciale portes ouvertes le premier vendredi de chaque mois.
4828	corpus-6-test-corpus-26-train	FR	Avez-vous une autre excursion?
4829	corpus-6-train	FR	Indiquez-moi un bon bar, s'il vous plaît.
4830	corpus-6-train	FR	Une entrecôte pour moi et du rôti d'agneau pour ma femme.
4831	corpus-6-train	FR	C'est une violente crise de péritonite. Vous devez aller immédiatement à l'hôpital.
4832	corpus-6-train	FR	Couverture intégrale, s'il vous plaît.
4836	corpus-6-test-corpus-26-train	FR	D'accord. Une remise de cinq pour cent. Est-ce cela vous convient?
4837	corpus-6-train	FR	Alors, qu'allons-nous faire pour le dîner de ce soir?
4838	corpus-6-train	FR	Je vais y réfléchir.
4839	corpus-6-dev	FR	Acceptez-vous les chèques-voyages?
4840	corpus-6-train	FR	Ce doit être à vous. Le chauffeur de taxi l'a déposé ce matin.
4845	corpus-6-test-corpus-26-train	FR	Je vais à Paris.
4847	corpus-6-train	FR	Avez-vous le même que celui-là?
4848	corpus-6-test-corpus-26-train	FR	Ce n'est pas le dernier modèle, n'est-ce pas?
4851	corpus-6-train	FR	Nous avons fini la visite du World Trade Center.
4856	corpus-6-train	FR	Je peux me permettre trois cents dollars par mois.
4857	corpus-6-test-corpus-26-train	FR	C'est prévu pour huit heures trente, heure locale.
4859	corpus-6-train	FR	Pourriez-vous me remorquer jusqu'à la prochaine station-service?
4861	corpus-6-train	FR	Je veux calmer la partie infectée avec de la glace pilée.
4863	corpus-6-train	FR	Quand aurez-vous des places disponibles?
4864	corpus-6-train	FR	Non, je le rappellerai.
4865	corpus-6-train	FR	Je voudrais une voiture.
4866	corpus-6-train	FR	Avez-vous des antécédents d'allergies?
4868	corpus-6-train	FR	Il y a un ferry pour Liberty Island qui part de Battery Park.
4869	corpus-6-train	FR	Y a-t-il un vestiaire?
4870	corpus-6-train	FR	Aidez-moi. Je ne peux pas bouger.
4873	corpus-6-dev	FR	Voiture non fumeur, s'il vous plaît.
4876	corpus-6-dev	FR	Veuillez inscrire votre adresse permanente.
4878	corpus-6-dev	FR	Nous sommes prêts à répondre immédiatement à toutes vos demandes de renseignements.
4879	corpus-6-train	FR	Je ne prendrai pas de repas.
4880	corpus-6-train	FR	Je voudrais acheter ce dont j'ai besoin. Est-ce que vous allez me rembourser?
4883	corpus-6-train	FR	Est-ce qu'il y a des grands magasins par ici?
4885	corpus-6-train	FR	Le type de la réception n'est pas très poli.
4887	corpus-6-train	FR	Un hôtel moins cher est préférable s'il se trouve dans un quartier tranquille.
4889	corpus-6-test-corpus-26-train	FR	Prenez-nous en photo devant ce bâtiment, s'il vous plaît.
4894	corpus-6-test-corpus-26-train	FR	OK. Je prendrai un bol de taille moyenne et une boulette de riz.
4900	corpus-6-train	FR	J'ai deux bouteilles de cognac.
4901	corpus-6-test-corpus-26-train	FR	Ça a l'air de quoi?
4904	corpus-6-train	FR	Ici, il y a des cérémonies de commémoration dans les villes de Hiroshima et Nagasaki, tandis que là, l'empereur actuel assiste à une cérémonie en l'honneur des victimes de la guerre.
4905	corpus-6-train	FR	Excusez-moi, que dois-je écrire ici?
4906	corpus-6-train	FR	C'est au douzième étage. Veuillez prendre l'ascenseur B, s'il vous plaît.
4907	corpus-6-train	FR	Pourriez-vous m'en donner le reçu?
4908	corpus-6-train	FR	Y a-t-il une autre possibilité?
4909	corpus-6-train	FR	Veuillez demander au porteur.
4911	corpus-6-train	FR	J'ai la grippe.
4913	corpus-6-train	FR	Est-ce qu'il y a une baignoire?
4914	corpus-6-train	FR	C'est, euh, de l'autre côté de la ville, à une rue de Maple. A l'est de la ville.
4917	corpus-6-train	FR	D'accord, tout est réglé. Votre nouveau numéro de vol est maintenant le zéro zéro trois qui part le dix-sept juin.
4921	corpus-6-train	FR	Je veux accomplir les formalités de détaxe.
4922	corpus-6-train	FR	Qu'est-ce vous voulez pour le déjeuner? Du bœuf, du poulet ou du poisson?
4923	corpus-6-train	FR	On m'a dérobé mon portefeuille dans le métro.
4924	corpus-6-test-corpus-26-train	FR	J'aimerais voir le modèle en vitrine, s'il vous plaît.
4926	corpus-6-dev	FR	Permettez-moi de le lire chiffre par chiffre, un, zéro, virgule, sept, neuf, quatre.
4929	corpus-6-train	FR	Une place en classe affaire, non fumeur, s'il vous plaît.
4932	corpus-6-train	FR	Ce bus va-t-il en ville?
4933	corpus-6-train	FR	Il ne vit plus ici.
4934	corpus-6-train	FR	N'avez-vous pas de chambre moins chère?
4936	corpus-6-train	FR	C'est un bon endroit pour manger sur le pouce, n'est-ce pas?
4938	corpus-6-train	FR	Où se trouve la prise pour mon sèche-cheveux électrique?
4940	corpus-6-train	FR	Ma vieille voiture n'a pas très bien marché.
4941	corpus-6-train	FR	Je voudrais du raisin.
4943	corpus-6-train	FR	Contactons immédiatement toutes les personnes impliquées dans cette affaire.
4944	corpus-6-dev	FR	Je suis souple. Que voulez-vous prendre?
4945	corpus-6-test-corpus-26-train	FR	Pas question. Nous sommes en VACANCES. Je refuse de m'asseoir dans une chambre d'hôtel pour regarder du base-ball à la télévision. Je veux aller voir le match sur place.
4946	corpus-6-train	FR	Que fais-tu?
4947	corpus-6-train	FR	Infirmière, venez vite.
4949	corpus-6-train	FR	Il n'y a pas de serviettes.
4951	corpus-6-train	FR	Du moment que nous arrivons avec une heure d'avance, ça ne me gêne pas de payer un peu plus.
4952	corpus-6-train	FR	Les réserves s'amenuisent.
4955	corpus-6-train	FR	J'ai composé un faux numéro.
4956	corpus-6-train	FR	Je voudrais quelque chose qui ne fasse pas dormir.
4957	corpus-6-test-corpus-26-train	FR	Est-ce que je peux toucher?
4958	corpus-6-train	FR	Je désirerais essayer quelque chose de plus petit.
4960	corpus-6-train	FR	Oh, comme c'est gentil et délicat de votre part. Est-ce que je peux l'ouvrir tout de suite?
4961	corpus-6-train	FR	Où se trouve le dépôt de la gare routière?
4964	corpus-6-train	FR	Je peux vous donner une Chevy Spectrum pour quarante-deux dollars la semaine, kilométrage illimité.
4965	corpus-6-dev	FR	Une pile sèche pour mon appareil photo, s'il vous plaît.
4968	corpus-6-train	FR	Veuillez me conduire à cette adresse.
4970	corpus-6-train	FR	Pouvez-vous échanger ce billet de vingt dollars contre deux de dix?
4973	corpus-6-train	FR	Je dois trouver un hôtel. Où se trouve le bureau d'information?
4974	corpus-6-test-corpus-26-train	FR	Pouvez-vous venir le réparer?
4976	corpus-6-dev	FR	J'ai réservé deux places près de la fenêtre.
4978	corpus-6-train	FR	Le service d'étage, s'il vous plaît.
4979	corpus-6-train	FR	Tournez à droite et vous en trouverez un à environ un mille de là.
4983	corpus-6-test-corpus-26-train	FR	Je veux de la fibre synthétique.
4985	corpus-6-test-corpus-26-train	FR	J'ai réservé au nom de Taro Tanaka.
4986	corpus-6-train	FR	J'ai réservé du vingt-quatre au vingt-sept août. Est-ce que je peux changer ma réservation du vingt-cinq août au vingt-sept?
4988	corpus-6-train	FR	Euh, merci. Je ne pense pas pouvoir? Pourrais-je revenir?
4989	corpus-6-dev	FR	Environ cinq cents francs ou cent dollars américains.
4990	corpus-6-test-corpus-26-train	FR	Je voudrais une crème démaquillante.
4997	corpus-6-dev	FR	D'autres marques?
4998	corpus-6-train	FR	Donnez-moi du tabac.
4999	corpus-6-dev	FR	C'est dans le Sud.
5000	corpus-6-train	FR	Il y a un magnifique bâtiment par là.
5004	corpus-6-test-corpus-26-train	FR	Je voudrais un pull-over à manches longues.
5005	corpus-6-train	FR	Débitez-le de ma carte VISA, s'il vous plaît. Le numéro est vingt-huit soixante-treize cinquante-neuf quatre-vingt-quatre et la date d'expiration est mai mille neuf cent quatre-vingt-quinze.
5006	corpus-6-train	FR	Je voudrais une chambre avec la meilleure vue possible, s'il vous plaît.
5007	corpus-6-dev	FR	Une pellicule noir et blanc, vingt poses, s'il vous plaît.
5008	corpus-6-train	FR	Je voudrais un bouchon d'objectif, s'il vous plaît.
5009	corpus-6-test-corpus-26-train	FR	On m'a volé mon sac.
5010	corpus-6-train	FR	Pourriez-vous parler un peu plus lentement, s'il vous plaît?
5012	corpus-6-train	FR	Je veux qu'il ressemble à celui de Meg Ryan, s'il vous plaît.
5013	corpus-6-dev	FR	Je voudrais surtout des billets de cinq livres, s'il vous plaît.
5015	corpus-6-train	FR	Pourriez-vous garder mes bagages jusqu'à dix-sept heures, s'il vous plaît?
5016	corpus-6-train	FR	Où dois-je aller pour m'inscrire?
5017	corpus-6-test-corpus-26-train	FR	Nos chemins semblent se croiser souvent, n'est-ce pas?
5020	corpus-6-train	FR	Nous avons mené une enquête minutieuse sur les besoins des clients.
5021	corpus-6-train	FR	Pourquoi ne pas se retrouver demain pour le déjeuner?
5023	corpus-6-train	FR	Je voudrais des vêtements sport, s'il vous plaît.
5025	corpus-6-train	FR	Où se trouve le bureau Greyhound?
5026	corpus-6-train	FR	Je ne trouve pas mes bagages.
5027	corpus-6-train	FR	Il est déjà vingt heures trente. Comment se fait-il qu'il fasse encore jour?
5028	corpus-6-train	FR	Y aurait-il un endroit moins cher?
5029	corpus-6-train	FR	Désirez-vous prendre une assurance?
5031	corpus-6-train	FR	Pourriez-vous stocker mes bagages jusqu'à l'heure de mon départ?
5032	corpus-6-dev	FR	Excusez-moi. Pourriez-vous me dire comment me rendre à la banque la plus proche?
5033	corpus-6-train	FR	A quel étage?
5034	corpus-6-train	FR	Merci infiniment.
5035	corpus-6-test-corpus-26-train	FR	Puis-je revoir le menu?
5036	corpus-6-train	FR	Où puis-je trouver un horaire des trains?
5041	corpus-6-train	FR	Excusez-moi. Pourriez-vous me dire à quelle heure le train quitte Boston?
5043	corpus-6-train	FR	Pouvez-vous m'accorder une réduction?
5045	corpus-6-test-corpus-26-train	FR	Ils m'ont l'air encore un peu débutants.
5050	corpus-6-train	FR	Pendant votre séjour à New York, ne manquez surtout pas de visiter d'autres endroits et monuments intéressants tels que la Statue de la Liberté sur Liberty Island.
5053	corpus-6-train	FR	Préférez-vous un envoi par avion ou par bateau?
5054	corpus-6-train	FR	Avez-vous de la monnaie contre un billet de cent dollars?
5055	corpus-6-train	FR	C'est Central Park, n'est-ce pas?
5056	corpus-6-train	FR	J'appelle le barman.
5059	corpus-6-dev	FR	Nous pouvons vous prendre à quinze heures. Si vous avez besoin de louer du matériel, veuillez vous présenter au club-house à quatorze heures quarante-cinq.
5060	corpus-6-dev	FR	Le prix du ticket de bus est de cent quatre-vingts yen.
5063	corpus-6-train	FR	J'ai failli être heurté par une voiture et suis tombé.
5064	corpus-6-train	FR	Mon petit déjeuner n'est toujours pas arrivé. Veuillez me l'apporter tout de suite.
5071	corpus-6-train	FR	Où puis-je prendre le petit déjeuner? A quelle heure est-il servi?
5072	corpus-6-train	FR	Aujourd'hui, je vais au Musée du Louvre et j'ai visité la Cathédrale Notre-Dame hier.
5073	corpus-6-train	FR	Pourriez-vous me passer le poivre, s'il vous plaît?
5074	corpus-6-train	FR	Merci pour votre aide pendant mon voyage aux Etats-Unis.
5075	corpus-6-dev	FR	Où se trouve l'espace bagages?
5077	corpus-6-train	FR	Pourriez-vous garder ces bagages jusqu'à seize heures?
5078	corpus-6-train	FR	J'aimerais le faire réparer dès mon retour au Japon.
5081	corpus-6-train	FR	Avez-vous un nécessaire de couture?
5082	corpus-6-test-corpus-26-train	FR	Combien?
5083	corpus-6-test-corpus-26-train	FR	A la fraise, s'il vous plaît.
5086	corpus-6-train	FR	Je viens de Suisse.
5087	corpus-6-train	FR	Une ampoule a grillé.
5090	corpus-6-test-corpus-26-dev	FR	Le Mont Fuji est le point culminant du Japon à trois mille sept cent soixante-seize mètres.
5091	corpus-6-test-corpus-26-train	FR	Non, pas encore. Il y a beaucoup de choix.
5097	corpus-6-train	FR	J'ai l'estomac dérangé.
5098	corpus-6-test-corpus-26-dev	FR	Je voudrais une crème de nuit.
5099	corpus-6-train	FR	Je suis fermier.
5100	corpus-6-train	FR	Il n'y a qu'un chauffeur dans un bus, pas de receveur.
5101	corpus-6-train	FR	Je voudrais faire repasser ma robe.
5102	corpus-6-dev	FR	Excusez-moi, pourriez-vous relever un peu le dossier de votre siège, s'il vous plaît?
5103	corpus-6-dev	FR	Belle journée, n'est-ce pas?
5104	corpus-6-test-corpus-26-test	FR	C'est entre la boulangerie et la boucherie.
5105	corpus-6-train	FR	Donnez-moi ça. C'est tout ce que vous avez?
5106	corpus-6-train	FR	Je vois. Veuillez commencer par remplir ce formulaire. Et dites-moi aussi la couleur, la taille et le contenu de votre sac à main.
5107	corpus-6-train	FR	Avez-vous un plan des rues?
5112	corpus-6-train	FR	Veuillez envoyer ceci par courrier maritime au Japon.
5113	corpus-6-train	FR	Venez ici.
5116	corpus-6-test-corpus-26-train	FR	Pouvez-vous raccourcir les manches?
5117	corpus-6-test-corpus-26-train	FR	Je crains qu'il n'y ait aucun terrain de golf dans les environs.
5119	corpus-6-train	FR	Puis-je avoir une carte postale?
5120	corpus-6-train	FR	Ce matin, j'ai pris des médicaments contre le rhume que j'ai ramenés du Japon.
5121	corpus-6-test-corpus-26-train	FR	Pouvez-vous me montrer la deuxième bague à partir de la gauche?
5123	corpus-6-train	FR	Je voudrais réserver une place.
5124	corpus-6-test-corpus-26-train	FR	Pourriez-vous lui demander de m'appeler?
5127	corpus-6-train	FR	Combien de temps faut-il pour aller d'ici à la Tour de Londres à pied?
5129	corpus-6-train	FR	A quelle porte embarque-t-on pour le vol douze à destination de Washington?
5131	corpus-6-train	FR	Puis-je faire la cuisine moi-même?
5132	corpus-6-train	FR	Est-ce que vous pourriez porter une cravate, s'il vous plaît?
5133	corpus-6-train	FR	Quand pourrais-je me lever?
5134	corpus-6-train	FR	Pourriez-vous ouvrir le coffre? Je veux y mettre ma valise.
5138	corpus-6-test-corpus-26-train	FR	J'ai essayé de passer un appel international. Y êtes-vous déjà arrivé?
5141	corpus-6-train	FR	Combien est-ce que ça coûte pour une heure?
5143	corpus-6-dev	FR	Pourrais-je avoir deux coffrets-cadeaux?
5144	corpus-6-train	FR	Je cherche une poêle à frire antiadhésive.
5145	corpus-6-train	FR	Qu'est-ce qu'il y a dans ce paquet?
5146	corpus-6-train	FR	Il semble que le match de base-ball a été reporté.
5148	corpus-6-test-corpus-26-test	FR	C'est faux.
5149	corpus-6-train	FR	Avez-vous ceci en bleu?
5152	corpus-6-train	FR	Je ne connais pas ce bâtiment. Mais c'est à coup sûr le bon chemin vers le quartier d'Aoyama.
5153	corpus-6-train	FR	Je suis à court de pellicule. Puis-je en acheter ici?
5154	corpus-6-train	FR	Pouvez-vous me passer la chambre de M. Morii?
5157	corpus-6-train	FR	Je voudrais une place sur le vol United Airlines, vol numéro neuf cent vingt-deux pour New York.
5158	corpus-6-train	FR	Quand commence la prochaine séance?
5160	corpus-6-train	FR	Combien ont coûté mes appels téléphoniques?
5162	corpus-6-train	FR	Pourrais-je avoir un billet banlieue pour Douvres?
5165	corpus-6-train	FR	C'est écrit : DEPASSEMENT INTERDIT.
5168	corpus-6-train	FR	En avez-vous une plus petite?
5169	corpus-6-train	FR	Veuillez rédiger une déclaration de perte.
5170	corpus-6-train	FR	Un sac à main et un appareil photo.
5174	corpus-6-dev	FR	Je viens du Japon.
5175	corpus-6-test-corpus-26-train	FR	Oui c'est bien ça parce qu'on aperçoit le drapeau en face de la poste.
5178	corpus-6-train	FR	Je ne pense pas. Vous feriez mieux de prendre le bus.
5180	corpus-6-dev	FR	Je vérifierai. J'ai bien peur de ne pas trouver votre nom.
5183	corpus-6-train	FR	Excusez-moi, est-ce que Ormuz Street est près d'ici?
5185	corpus-6-train	FR	Pourriez-vous me servir immédiatement?
5194	corpus-6-train	FR	Je pense qu'il y a une erreur. Pouvez-vous vous débrouiller pour que nous puissions rester?
5199	corpus-6-train	FR	C'est une VISA et le numéro est quatre neuf zéro huit un cinq un deux trois six sept sept six zéro zéro quatre.
5201	corpus-6-train	FR	Pouvez-vous faire des diapositives à partir de ces négatifs?
5202	corpus-6-train	FR	Dois-je emporter un manteau?
5205	corpus-6-train	FR	Pas si loin. C'est à dix minutes de marche.
5207	corpus-6-test-corpus-26-test	FR	Vous les enverrez sans faute, n'est-ce pas?
5211	corpus-6-train	FR	Que préférez-vous, du thé ou du café?
5216	corpus-6-dev	FR	Combien cela coûte-t-il environ pour aller là-bas?
5219	corpus-6-test-corpus-26-train	FR	Je voudrais passer un coup de fil avec une carte de crédit.
5220	corpus-6-train	FR	Où dois-je placer ces étiquettes à bagages?
5221	corpus-6-train	FR	Y a-t-il une piscine ici?
5222	corpus-6-dev	FR	Pourrais-je avoir cette enveloppe?
5223	corpus-6-train	FR	Une mise sûre, Rockhead. Vous aimez cela?
5224	corpus-6-test-corpus-26-train	FR	Je voudrais le mien à emporter.
5227	corpus-6-train	FR	Il faut du temps pour le fabriquer, mais c'est l'un de nos articles les plus populaires.
5228	corpus-6-dev	FR	Ça mettra deux à trois jours.
5231	corpus-6-train	FR	Pouvez-vous me dire comment me rendre dans la ville de San Francisco?
5234	corpus-6-train	FR	Pourrais-je avoir d'autres écouteurs car ceux-ci ne fonctionnent pas bien?
5236	corpus-6-train	FR	Que diriez-vous d'un petit café ou autre chose?
5237	corpus-6-train	FR	Je vais au Mexique.
5239	corpus-6-train	FR	Tout a l'air en ordre à une exception près.
5241	corpus-6-train	FR	Je voudrais des œufs, s'il vous plaît.
5244	corpus-6-train	FR	Juste un verre d'eau, s'il vous plaît.
5245	corpus-6-test-corpus-26-train	FR	Dès qu'il arrivera, nous le ferons suivre à l'adresse de votre domicile à nos frais.
5246	corpus-6-test-corpus-26-dev	FR	Ces derniers temps, j'utilise toujours un ordinateur au travail.
5247	corpus-6-train	FR	Un petit déjeuner continental, s'il vous plaît.
5248	corpus-6-train	FR	Y a-t-il un tarif étudiant?
5250	corpus-6-test-corpus-26-train	FR	Oh, d'accord, je comprends. Je viendrai chez vous.
5252	corpus-6-dev	FR	Je voudrais une ampoule, s'il vous plaît.
5253	corpus-6-train	FR	Le numéro que vous avez composé n'est pas en service.
5254	corpus-6-dev	FR	Quel est votre handicap?
5256	corpus-6-dev	FR	Oh, mais certainement, prenez-le. Génial. Maintenant j'ai la fenêtre.
5257	corpus-6-train	FR	Quand le vol arrive-t-il à Rome?
5259	corpus-6-test-corpus-26-train	FR	Non, cela suffit.
5260	corpus-6-train	FR	Nous avons besoin de plus de temps pour nous décider.
5261	corpus-6-test-corpus-26-train	FR	Pourrais-je avoir une couverture et un oreiller?
5262	corpus-6-test-corpus-26-train	FR	Pourriez-vous venir ici le plus vite possible, s'il vous plaît?
5263	corpus-6-test-corpus-26-train	FR	Une tasse de café, s'il vous plaît.
5266	corpus-6-train	FR	J'ai demandé une portion enfant pour lui.
5267	corpus-6-test-corpus-26-test	FR	Je cherche des cartes typiquement hawaïennes.
5269	corpus-6-train	FR	Sur la Soixante-douzième Rue.
5270	corpus-6-train	FR	Si vous slicez, vous sortirez du parcours.
5272	corpus-6-test-corpus-26-train	FR	Pourriez-vous reprendre la taille de trois centimètres?
5274	corpus-6-train	FR	Une correspondance, s'il vous plaît.
5276	corpus-6-train	FR	Je vais me renseigner à côté. Il pourrait y avoir un Japonais qui parle anglais.
5277	corpus-6-train	FR	Débitez-le de ma carte, s'il vous plaît. Master Card.
5280	corpus-6-train	FR	Suivant, s'il vous plaît. Passeport, carte de débarquement et déclaration de douane, s'il vous plaît.
5281	corpus-6-train	FR	Puis-je m'y rendre à pied?
5282	corpus-6-train	FR	Je reviendrai plus tard.
5284	corpus-6-train	FR	Oui. Terayama. Et une place le plus près possible de la scène, s'il vous plaît.
5285	corpus-6-train	FR	Avez-vous une idée de ce que je devrais lui dire?
5287	corpus-6-train	FR	Y a-t-il des toilettes à proximité?
5289	corpus-6-test-corpus-26-train	FR	J'ai le même âge.
5291	corpus-6-train	FR	Ce fut une merveilleuse soirée, merci.
5293	corpus-6-train	FR	Pourrais-je avoir une autre place? Je ne vois pas très bien l'écran d'ici.
5296	corpus-6-train	FR	Le détecteur de fumée fonctionne.
5298	corpus-6-train	FR	Je voudrais participer à la croisière excursion dans la baie de San Francisco.
5299	corpus-6-train	FR	Avez-vous la moindre idée d'où vous allez?
5300	corpus-6-test-corpus-26-train	FR	Pourriez-vous m'apporter du café?
5301	corpus-6-train	FR	Non. Payez le chauffeur.
5302	corpus-6-train	FR	Quelles sont les heures d'ouverture du magasin?
5303	corpus-6-train	FR	Nous voudrions une table dans le coin.
5305	corpus-6-train	FR	Je ne suis pas sûr, mais je ne supporte pas l'odeur de la nourriture. Tout ce que je veux manger, c'est des pickles.
5307	corpus-6-test-corpus-26-dev	FR	Trois cent cinquante dollars? C'est au-dessus de mes moyens.
5308	corpus-6-train	FR	Je pense qu'il y a une erreur de calcul.
5310	corpus-6-train	FR	J'aimerais partir skier environ une semaine. Avez-vous des voyages organisés au ski?
5311	corpus-6-train	FR	Ils jouent deux symphonies de Mozart.
5312	corpus-6-train	FR	Nous allons continuer à chercher et dès que nous le trouverons, nous vous le ferons savoir.
5314	corpus-6-train	FR	Il fait vraiment beau aujourd'hui.
5315	corpus-6-train	FR	Deux adultes et deux enfants de moins de douze ans, s'il vous plaît.
5316	corpus-6-train	FR	Veuillez me donner une explication satisfaisante.
5317	corpus-6-train	FR	Je voudrais un CD pour cet appareil photo, s'il vous plaît.
5321	corpus-6-train	FR	Nous n'avons pas de jours fériés religieux.
5322	corpus-6-train	FR	Combien de bagages puis-je emporter?
5323	corpus-6-test-corpus-26-train	FR	Faut-il nous soumettre à un vote? Si ce n'est pas le cas, je pense que nous sommes arrivés à une conclusion que je vais communiquer à notre conseil de direction dès demain matin.
5325	corpus-6-train	FR	Mais ça ne marche pas.
5328	corpus-6-train	FR	Pourrais-je voir ce sac, s'il vous plaît?
5330	corpus-6-train	FR	Ouah, comme j'ai de la chance, il n'est même pas encore diffusé au Japon.
5331	corpus-6-train	FR	J'ai payé trois cent vingt dollars à la boutique hors taxe.
5332	corpus-6-train	FR	Pouvez-vous atteindre ce stylo sous la chaise?
5333	corpus-6-train	FR	Je vais aussi payer pour mes amis.
5334	corpus-6-test-corpus-26-train	FR	Savez-vous s'il y a des hôtels bon marché?
5335	corpus-6-train	FR	Cela m'a pris quatre ou cinq ans de venir ici.
5337	corpus-6-train	FR	Combien vaut un yen en dollar américain?
5338	corpus-6-train	FR	Puis-je avoir une demi-livre de salade aux crevettes?
5339	corpus-6-train	FR	Y a-t-il un café ou un restaurant dans l'établissement?
5340	corpus-6-train	FR	Oh, c'est trop cher.
5344	corpus-6-train	FR	Le train express est sur le quai numéro huit.
5347	corpus-6-train	FR	Je suis pressé pour le moment.
5348	corpus-6-train	FR	Va te faire voir.
5349	corpus-6-train	FR	C'est Suzuki à l'appareil.
5350	corpus-6-train	FR	J'ai égaré ma montre au cours de ma sortie.
5351	corpus-6-dev	FR	Combien de temps faudra-t-il en bus?
5354	corpus-6-train	FR	OK. Nous avons réservé votre chambre d'hôtel.
5356	corpus-6-train	FR	La canalisation est bouchée par la poussière.
5358	corpus-6-train	FR	Bien, je pense qu'il est temps d'y aller.
5359	corpus-6-train	FR	Salut, je suis en route pour te prendre, on se voit dans une quinzaine de minutes.
5361	corpus-6-test-corpus-26-train	FR	Bonjour. Vous avez bien dormi?
5362	corpus-6-train	FR	Avez-vous déjà réservé?
5364	corpus-6-test-corpus-26-train	FR	Qu'avez-vous l'intention de faire lorsque vous aurez terminé l'école?
5366	corpus-6-test-corpus-26-train	FR	On m'a volé mon sac à main dans la rue.
5367	corpus-6-test-corpus-26-train	FR	Avez-vous demandé d'autres services que le petit déjeuner ce matin?
5369	corpus-6-train	FR	Je ferai un petit voyage au Mexique.
5370	corpus-6-train	FR	A quel étage se trouve le rayon femmes?
5371	corpus-6-train	FR	Puis-je avoir un billet de correspondance?
5373	corpus-6-train	FR	Les cordes sont usées.
5374	corpus-6-train	FR	Pourquoi le service est-il si lent?
5377	corpus-6-train	FR	Regardez en bas.
5378	corpus-6-dev	FR	Il y en a tellement que je ne sais pas lequel choisir.
5379	corpus-6-train	FR	Comment puis-je passer un coup de fil?
5381	corpus-6-dev	FR	Non. Je voudrais des jeans et des ensembles-pantalons.
5382	corpus-6-train	FR	Nous avons différentes tailles.
5386	corpus-6-train	FR	Je me suis trompé de bus. Pourrais-je avoir une correspondance?
5387	corpus-6-train	FR	Je ne sais pas.
5388	corpus-6-train	FR	Où puis-je prendre le bus qui va à Beverly Hills?
5392	corpus-6-train	FR	Retrouvons-nous dans ma chambre.
5393	corpus-6-train	FR	Avez-vous des sédatifs?
5395	corpus-6-train	FR	Quelles sont les autres compagnies qui se portent bien?
5397	corpus-6-train	FR	Faites ce que vous dites et dites ce que vous faites.
5399	corpus-6-train	FR	Y a-t-il des cars d'excursions touristiques?
5400	corpus-6-train	FR	Veuillez supprimer les ormeaux de notre commande, s'il vous plaît. C'est très cher.
5402	corpus-6-train	FR	Alors je vais vous payer trois cents dollars en chèques-voyages.
5406	corpus-6-train	FR	Phyllies a fondu en larmes en apprenant la nouvelle.
5407	corpus-6-test-corpus-26-train	FR	Je voudrais un café au lait, s'il vous plaît.
5408	corpus-6-train	FR	Je vais visiter New York, Chicago, La Nouvelle-Orléans et Los Angeles.
5409	corpus-6-train	FR	Où se trouve la pharmacie?
5410	corpus-6-test-corpus-26-test	FR	D'accord. L'hôtel Sheraton est-il dans les environs?
5411	corpus-6-test-corpus-26-train	FR	J'espère que vous n'êtes pas trop fatigué.
5413	corpus-6-train	FR	Montrez-moi votre carte d'embarquement.
5414	corpus-6-train	FR	S'il vous plaît, ne me faites pas marcher.
5415	corpus-6-train	FR	Oh, je ne suis pas sûr de partager cette façon de penser.
5417	corpus-6-train	FR	Juste de l'eau chaude.
5418	corpus-6-train	FR	Ça ira. Puis-je le voir, s'il vous plaît?
5419	corpus-6-train	FR	Je voudrais des cacahuètes, s'il vous plaît.
5421	corpus-6-train	FR	Vous partez le vingt avril et vous revenez le vingt et un, c'est bien ça?
5422	corpus-6-train	FR	Pouvez-vous échanger des dollars américains contre des livres britanniques?
5425	corpus-6-train	FR	Désirez-vous de la viande ou du poulet?
5427	corpus-6-train	FR	Je voudrais de la cuisine chinoise pour le dîner.
5430	corpus-6-train	FR	Pouvez-vous me recommander un bon hôtel?
5431	corpus-6-test-corpus-26-train	FR	Je voudrais louer une voiture de cette catégorie pour deux jours.
5433	corpus-6-train	FR	Garçon, pourriez-vous apporter la note, s'il vous plaît?
5434	corpus-6-train	FR	Revenez nous voir, s'il vous plaît.
5435	corpus-6-train	FR	J'ai un peu de fièvre. Avez-vous quelque chose d'efficace pour la faire baisser?
5436	corpus-6-test-corpus-26-train	FR	Je prendrai un verre de Jack Daniels.
5437	corpus-6-test-corpus-26-train	FR	Je voudrais un sachet de pop-corn, s'il vous plaît.
5438	corpus-6-train	FR	"Un ticket pour ""Bird"", s'il vous plaît."
5439	corpus-6-train	FR	C'est exact. On dirait des arbres naturels adultes. Les gens aiment ce paysage.
5441	corpus-6-train	FR	Je vous présenterai à mon médecin de famille.
5442	corpus-6-train	FR	Je ne suis jamais allé dans un aussi bel endroit que Boston.
5444	corpus-6-train	FR	J'ai oublié quelque chose dans la chambre. Pourrais-je y retourner et vérifier?
5446	corpus-6-train	FR	Puis-je payer en chèques-voyages?
5447	corpus-6-test-corpus-26-train	FR	J'ai perdu un bâton de ski.
5448	corpus-6-train	FR	Je n'arrive pas à croire que le hall passagers soit non-fumeur. Que c'est pénible.
5450	corpus-6-dev	FR	Je veux louer une voiture compacte.
5451	corpus-6-train	FR	Cette chambre est trop froide.
5452	corpus-6-train	FR	Pourrais-je avoir un plan des pistes?
5455	corpus-6-test-corpus-26-train	FR	Nous n'apportons aucun cadeau à la réception. A la place, les invités offrent de l'argent.
5456	corpus-6-dev	FR	Pourriez-vous vous arrêter ici, devant cette vitrine?
5458	corpus-6-test-corpus-26-train	FR	Je voudrais l'expédier par voie de surface.
5461	corpus-6-train	FR	Pourriez-vous me montrer où je peux changer de l'argent?
5464	corpus-6-train	FR	Si vous pouviez baisser le prix encore un peu, je l'achèterais.
5467	corpus-6-dev	FR	Tu y mets trop de sel.
5470	corpus-6-train	FR	Tu es un ange. Merci beaucoup.
5471	corpus-6-train	FR	Pour cinquante dollars?
5472	corpus-6-train	FR	La salle de restaurant se trouve au rez-de-chaussée et ouvre à dix-sept heures trente.
5473	corpus-6-train	FR	Excusez-moi. Pourriez-vous me dire comment me rendre à l'hôtel Fairmont?
5476	corpus-6-dev	FR	Combien de conteneurs de lait achetez-vous par semaine?
5477	corpus-6-train	FR	Ce taxi est-il libre?
5478	corpus-6-train	FR	En Amérique, quel numéro faut-il composer pour les appels internationaux?
5480	corpus-6-dev	FR	Pourriez-vous me l'expliquer à nouveau?
5481	corpus-6-train	FR	Quelles sont les heures d'ouverture de la banque?
5484	corpus-6-train	FR	Pourriez-vous changer la date de mon vol de Londres à Tokyo?
5486	corpus-6-train	FR	Il me faut trois dollars de plus.
5489	corpus-6-train	FR	Où sont les objets trouvés, s'il vous plaît.
5491	corpus-6-train	FR	Nous voulons nous amuser en pratiquant les sports spécifiques à la Côte Ouest.
5492	corpus-6-test-corpus-26-train	FR	L'avion arriva en retard en raison d'une forte tempête de neige.
5495	corpus-6-train	FR	Puis-je payer seulement la différence de mon billet?
5496	corpus-6-train	FR	Oui, c'est moi. Pourquoi me demandez-vous cela?
5499	corpus-6-train	FR	Par courrier recommandé, s'il vous plaît.
5500	corpus-6-train	FR	Au Japon, l'aliment de base est le riz.
5501	corpus-6-train	FR	Nous devons réduire le budget.
5502	corpus-6-train	FR	Oui, nous voudrions une bouteille de vin rouge.
5503	corpus-6-train	FR	Euh, non. C'est parfait. C'est tout ce que vous avez? OK.
5504	corpus-6-train	FR	Nous voudrions une table près de la fenêtre.
5505	corpus-6-train	FR	Pour aller à une conférence.
5507	corpus-6-train	FR	C'est la chambre mille cent deux. Pourriez-vous m'apporter quelques bières?
5508	corpus-6-dev	FR	Oh, c'est gentil. Je vais essayer cela.
5511	corpus-6-train	FR	Bien entendu, il y a de bons restaurants. Certaines personnes mangent aux chariots, d'autres prennent leur déjeuner au bureau. En général, nous ne consacrons pas beaucoup de temps au déjeuner.
5512	corpus-6-train	FR	Passons au sujet suivant.
5513	corpus-6-train	FR	Peut-être que la nourriture crue du déjeuner n'était pas bonne.
5514	corpus-6-dev	FR	Pourriez-vous lui donner des médicaments contre le mal de l'air, s'il vous plaît?
5517	corpus-6-dev	FR	Je ne sais pas expliquer mon état en anglais.
5518	corpus-6-test-corpus-26-train	FR	Débit, s'il vous plaît.
5519	corpus-6-train	FR	Simplement pour s'amuser.
5521	corpus-6-test-corpus-26-train	FR	Est-ce que vous pourriez prendre un message, s'il vous plaît?
5526	corpus-6-train	FR	Vous êtes-vous servi du réfrigérateur?
5527	corpus-6-train	FR	Pourrais-je récupérer mes bagages?
5528	corpus-6-train	FR	Il y avait du sang dans mes selles.
5530	corpus-6-train	FR	Désolé, mais je ne peux pas vous suivre.
5531	corpus-6-train	FR	Et je veux que vous veniez avec nous, si ça ne vous dérange pas.
5534	corpus-6-train	FR	Puis-je vous aider, madame?
5535	corpus-6-train	FR	Oui, dans la salle de restaurant et le grill.
5536	corpus-6-train	FR	Je m'appelle Yukio Oka, vol cent vingt-cinq pour Narita le quatorze août.
5538	corpus-6-train	FR	Je voudrais trouver un souvenir pour mon fils.
5539	corpus-6-train	FR	Ils doivent être très riches en dépit de leur apparence. Ils arrivent quand même à faire baisser le prix.
5540	corpus-6-test-corpus-26-train	FR	Désolé, je n'arrive pas vous suivre. Pourriez-vous parler un peu plus lentement, s'il vous plaît?
5541	corpus-6-train	FR	Deux dollars pour une livre, c'est juste?
5542	corpus-6-train	FR	Ichiro Suzuki. S-U-Z-U-K-I.
5543	corpus-6-train	FR	Quelqu'un d'autre peut-il vous aider à ce sujet?
5546	corpus-6-train	FR	Bien, avant de partir, pourriez-vous me dire quelles sont vos impressions du Japon?
5547	corpus-6-train	FR	Excusez-moi. Pourriez-vous me dire quand mes photos seront prêtes?
5548	corpus-6-train	FR	J'ai Marvin Dorfler en ligne. Dois-je vous le passer?
5549	corpus-6-test-corpus-26-dev	FR	Que puis-je vous montrer?
5551	corpus-6-train	FR	Je vous ai donné un billet de cent dollars.
5553	corpus-6-train	FR	Que pensez-vous de ce problème, George? Pourriez-vous développer ce sujet pour le reste de la classe?
5555	corpus-6-train	FR	Dans ce cas, vous n'avez rien à remplir.
5556	corpus-6-train	FR	Est-ce je peux détacher ma ceinture?
5557	corpus-6-train	FR	Je viens du Colorado. De quelle partie du Japon venez-vous?
5558	corpus-6-train	FR	C'est certain. Nous avons été très occupés hier, mais aujourd'hui l'endroit est désert. Quand votre avion part-il?
5559	corpus-6-test-corpus-26-train	FR	Puis-je prendre des photos?
5562	corpus-6-train	FR	J'ai payé en espèces sur place.
5563	corpus-6-train	FR	Veuillez appeler le directeur.
5564	corpus-6-train	FR	Où nous retrouverons-nous?
5565	corpus-6-train	FR	Répétez, s'il vous plaît.
5567	corpus-6-train	FR	Je voudrais un jeu de cartes.
5569	corpus-6-train	FR	Combien coûte l'affranchissement pour le Japon?
5570	corpus-6-test-corpus-26-train	FR	Sur cent.
5571	corpus-6-train	FR	Mon compagnon a eu une crise d'asthme.
5572	corpus-6-train	FR	Le souper est déjà prêt? Je meurs de faim. Tu veux bien mettre la table?
5573	corpus-6-train	FR	Pourriez-vous me faire une attestation de vol?
5578	corpus-6-train	FR	Veuillez le mettre dans ce sac en papier brun.
5580	corpus-6-train	FR	Je n'arrive pas à me décider.
5581	corpus-6-train	FR	Ça m'ennuie depuis mon arrivée.
5582	corpus-6-dev	FR	Comment dois-je m'y prendre?
5583	corpus-6-train	FR	J'ai perdu mon portefeuille et la clé de ma chambre sur la plage.
5584	corpus-6-test-corpus-26-dev	FR	Le numéro du vol est HP quatre-vingt-neuf pour Tokyo le onze mars.
5585	corpus-6-test-corpus-26-train	FR	Puis-je avoir ce même plat?
5587	corpus-6-train	FR	Etes-vous ici en lune de miel?
5590	corpus-6-train	FR	A emporter. Pourriez-vous mettre une fourchette dans le sac?
5592	corpus-6-train	FR	Pouvons-nous camper sur votre terrain?
5593	corpus-6-dev	FR	S'il se passe quelque chose, veuillez me contacter.
5594	corpus-6-test-corpus-26-dev	FR	En avez-vous un autre?
5595	corpus-6-dev	FR	Finition mate, s'il vous plaît.
5596	corpus-6-test-corpus-26-train	FR	Veuillez apporter le petit déjeuner dans ma chambre à sept heures demain matin.
5598	corpus-6-train	FR	Quelle en est la fréquence?
5599	corpus-6-train	FR	Je veux envoyer cette lettre par courrier recommandé.
5600	corpus-6-train	FR	Mon vol arrive avec trente minutes de retard. Veuillez reporter mon enregistrement s'il vous plaît.
5601	corpus-6-train	FR	Je voudrais faire changer la semelle et le talon, s'il vous plaît.
5603	corpus-6-train	FR	Excusez-moi. Pourriez-vous m'indiquer le chemin de la gare, s'il vous plaît?
5605	corpus-6-train	FR	Ne pensez-vous pas que j'aurai besoin d'un guide?
5606	corpus-6-train	FR	Puis-je arriver à la salle de concert pour six heures?
5608	corpus-6-train	FR	Désolé, mais nous devrons le garder.
5612	corpus-6-train	FR	Je cherche du fard à paupières.
5613	corpus-6-dev	FR	Dois-je commander le petit déjeuner maintenant?
5615	corpus-6-test-corpus-26-train	FR	Un technicien de maintenance va monter sous peu.
5617	corpus-6-test-corpus-26-dev	FR	Je suis désolé. Je reviendrai plus tard.
5618	corpus-6-train	FR	J'ai déjà payé en achetant mon billet.
5619	corpus-6-train	FR	Oui, vous pouvez. Mais allez-y doucement.
5620	corpus-6-train	FR	Quand commencez-vous les ventes hors taxe?
5621	corpus-6-train	FR	Désolé de vous avoir fait attendre. Je vais monter dans votre chambre avec vous.
5622	corpus-6-train	FR	C'est un dollar. Vous devez avoir le compte juste.
5623	corpus-6-train	FR	Votre chambre est au deuxième étage, numéro trois cent cinquante-sept.
5624	corpus-6-train	FR	Il n'y a pas d'eau chaude.
5625	corpus-6-train	FR	Je voudrais un dictionnaire anglais-japonais.
5626	corpus-6-train	FR	Bonjour, j'ai une réservation.
5627	corpus-6-train	FR	Veuillez me montrer vos bagages.
5629	corpus-6-train	FR	Apportez-le vite, s'il vous plaît. Je suis pressé.
5633	corpus-6-train	FR	Mais où? Vous ne connaissez aucun salon de coiffure dans les environs.
5635	corpus-6-dev	FR	Veuillez enregistrer tout cela jusqu'à ma destination finale, s'il vous plaît.
5636	corpus-6-train	FR	Echangez ceci en monnaie, s'il vous plaît.
5637	corpus-6-train	FR	J'ai une cartouche de cigarettes.
5639	corpus-6-train	FR	Dois-je déclarer ceci?
5640	corpus-6-test-corpus-26-test	FR	Comment puis-je le prendre?
5641	corpus-6-train	FR	Les livres de cuisine sont-ils aussi au deuxième étage?
5642	corpus-6-train	FR	Il y a un service régulier par bateau entre Kobe et les ports de Shikoku et Kyushu.
5646	corpus-6-train	FR	Veuillez l'échanger, s'il vous plaît.
5648	corpus-6-test-corpus-26-train	FR	Y a-t-il encore des places pour l'excursion de jeudi?
5649	corpus-6-train	FR	Pourriez-vous expliquer cela plus en détails, s'il vous plaît?
5651	corpus-6-train	FR	Quand il sera sec, décollez-le de votre visage.
5653	corpus-6-train	FR	Combien de temps faudra-t-il pour une coupe?
5654	corpus-6-train	FR	Je voudrais un carnet d'adresses, s'il vous plaît.
5655	corpus-6-train	FR	J'aimerais récupérer mes objets de valeur.
5657	corpus-6-test-corpus-26-train	FR	Excusez-moi. Puis-je passer?
5658	corpus-6-train	FR	Je voudrais m'asseoir maintenant.
5660	corpus-6-train	FR	Environ une heure après le décollage. Nous commençons le service des repas dès que nous avons atteint notre vitesse de croisière.
5661	corpus-6-train	FR	J'ai une réservation en première classe sur le vol numéro cent treize de Los Angeles à New York le vingt-cinq octobre.
5663	corpus-6-train	FR	C'est valable pendant quatorze jours ; vous pouvez donc l'utiliser jusqu'au vingt-trois.
5666	corpus-6-train	FR	Ce n'est pas poli de faire du bruit en mangeant.
5667	corpus-6-dev	FR	J'ai renversé de la soupe.
5669	corpus-6-train	FR	Je suis venu étudier dans une école de langues.
5671	corpus-6-train	FR	Non, excusez-moi.
5672	corpus-6-train	FR	Combien coûte un taxi pour aller au musée d'art?
5675	corpus-6-train	FR	Je suis un peu en avance, ça ne vous dérange pas?
5680	corpus-6-test-corpus-26-train	FR	Avez-vous des plantes et des fruits?
5681	corpus-6-train	FR	Oui, vous pouvez le voir distinctement car il fait beau aujourd'hui.
5684	corpus-6-test-corpus-26-train	FR	Veuillez me dire comment remplir la carte de débarquement.
5686	corpus-6-train	FR	Puis-je réserver un court de tennis ici?
5687	corpus-6-train	FR	Y a-t-il un salon de beauté ici?
5690	corpus-6-train	FR	Quel bus dois-je prendre pour me rendre à l'hôtel Skyway?
5691	corpus-6-train	FR	Dans ce cas, pourriez-vous me montrer une carte de crédit connue et votre permis de conduire?
5694	corpus-6-dev	FR	Non, je n'ai pas autant d'argent.
5695	corpus-6-test-corpus-26-train	FR	Je crois que ma voiture doit valoir dans les cinq mille dollars.
5696	corpus-6-dev	FR	Oui, je prendrai du champagne avec les hors d'œuvres.
5697	corpus-6-train	FR	N'y a-t-il pas une cabine téléphonique publique quelque part dans les environs?
5700	corpus-6-train	FR	Prenez ceci après chaque repas trois fois par jour.
5701	corpus-6-train	FR	Il y a une nouvelle pizzeria près d'ici que j'aimerais essayer.
5702	corpus-6-train	FR	"Pourriez-vous me chercher ""Anne ... la maison aux pignons verts"" en livre de poche?"
5703	corpus-6-train	FR	OK. Ne vous inquiétez pas. Nous avons une infirmière qui comprend le japonais.
5706	corpus-6-test-corpus-26-train	FR	S'agit-il d'une nourriture pauvre en calories?
5708	corpus-6-train	FR	Cela ne me convient pas.
5709	corpus-6-train	FR	M. Ebert m'a été d'une aide précieuse.
5710	corpus-6-train	FR	C'est de la rayonne, donc c'est lavable.
5712	corpus-6-train	FR	J'ai attrapé un rhume.
5716	corpus-6-train	FR	Veuillez expliquer en termes plus simples, s'il vous plaît.
5717	corpus-6-test-corpus-26-train	FR	Quel bus dois-je prendre pour aller à la gare?
5718	corpus-6-train	FR	J'aimerais changer ma commande, si c'est possible.
5722	corpus-6-dev	FR	Laissez-moi vérifier avec notre autre magasin pour voir s'ils l'ont en stock.
5723	corpus-6-test-corpus-26-train	FR	Oui. Mais vous devez tourner à gauche au troisième feu rouge et rester sur cette rue jusqu'à la route soixante-six.
5724	corpus-6-train	FR	Où puis-je trouver une limousine?
5725	corpus-6-train	FR	J'aimerais remplir une déclaration de police.
5727	corpus-6-train	FR	Six nuits à partir du vingt-trois juillet, c'est possible?
5728	corpus-6-dev	FR	A quelle heure est la marée haute?
5729	corpus-6-train	FR	Mes sacs sont très lourds. Pouvez-vous m'aider?
5730	corpus-6-train	FR	Puis-je la laisser à Seattle?
5733	corpus-6-test-corpus-26-dev	FR	Je voudrais un verre d'eau pour prendre des médicaments, s'il vous plaît.
5734	corpus-6-train	FR	Montrez-m'en un autre, s'il vous plaît.
5736	corpus-6-train	FR	Puis-je avoir un oreiller?
5740	corpus-6-train	FR	Je voudrais aller pêcher. Y a-t-il un bon endroit dans les environs?
5745	corpus-6-dev	FR	Pour faire de la recherche sur l'histoire américaine à l'université d'Harvard.
5749	corpus-6-train	FR	Je ferais bien de ne pas acheter de choses encombrantes.
5750	corpus-6-train	FR	Pourriez-vous m'apporter du poivre, s'il vous plaît?
5751	corpus-6-train	FR	Beau temps, n'est-ce pas?
5755	corpus-6-train	FR	Comment puis-je obtenir des billets pour un spectacle à Broadway?
5756	corpus-6-train	FR	Où puis-je trouver mes bagages?
5759	corpus-6-dev	FR	Je cherche une écharpe pour ma mère. Elle a plus de soixante ans.
5761	corpus-6-test-corpus-26-train	FR	J'apprécierais si vous me conduisiez à la plage.
5763	corpus-6-train	FR	Je va déduire dix pour cent du prix.
5764	corpus-6-dev	FR	Vous travaillez ici?
5766	corpus-6-dev	FR	Je voudrais payer pour ce coup de fil.
5767	corpus-6-train	FR	Comment puis-je avertir le chauffeur quand je veux descendre du bus?
5772	corpus-6-test-corpus-26-train	FR	Je suis désolé. C'est une erreur. C'est Tankyusha Press à l'appareil.
5774	corpus-6-train	FR	Pourrais-je réserver deux chambres simples plutôt qu'une à deux lits?
5775	corpus-6-train	FR	Ça fera cinq dollars et trente cents.
5776	corpus-6-train	FR	J'ai une correspondance à Los Angeles. Arriverons-nous à l'heure?
5777	corpus-6-train	FR	J'ai une correspondance avec le vol AF cent vingt-trois.
5779	corpus-6-test-corpus-26-train	FR	Nous vérifions.
5780	corpus-6-train	FR	Pourrais-je avoir un verre d'eau?
5781	corpus-6-train	FR	Ça prend une trentaine de minutes.
5782	corpus-6-train	FR	Dans quelle direction se trouve le bureau de M. Mason?
5783	corpus-6-train	FR	Cent dollars en espèces et ma carte de crédit.
5785	corpus-6-train	FR	Combien coûtent-ils chacun?
5786	corpus-6-train	FR	Les marchés actuels sont instables.
5787	corpus-6-train	FR	J'ai prévu de faire un tour en Provence demain.
5788	corpus-6-train	FR	Je veux louer un bateau pour une journée.
5789	corpus-6-train	FR	C'est à une quarantaine de pieds du trou.
5790	corpus-6-train	FR	Ça n'a pas l'air très cuit.
5791	corpus-6-train	FR	Je paierai en espèces, mais laissez-moi vérifier, s'il vous plaît. A quoi correspond ce montant?
5792	corpus-6-train	FR	C'est sucré?
5795	corpus-6-dev	FR	Quoi? Nous venons de finir un plat et ils en apportent déjà un autre.
5796	corpus-6-train	FR	Ça prendra au moins quatre-vingt-dix-neuf heures.
5798	corpus-6-train	FR	Il s'arrête parfois nous rendre visite.
5801	corpus-6-train	FR	Où est le miroir?
5802	corpus-6-train	FR	Comment ouvre-t-on le coffre?
5803	corpus-6-train	FR	J'ai oublié quelque chose dans la chambre.
5804	corpus-6-train	FR	Je voudrais de la saucisse de foie, s'il vous plaît.
5805	corpus-6-train	FR	Utilisez le distributeur.
5807	corpus-6-train	FR	Coupe et shampoing, s'il vous plaît.
5808	corpus-6-train	FR	Je veux louer des clubs.
5809	corpus-6-train	FR	Combien d'heures nous reste-t-il avant de commencer?
5810	corpus-6-dev	FR	Vous êtes reconfirmé.
5813	corpus-6-train	FR	Veuillez porter ceci à la station de taxis.
5814	corpus-6-train	FR	Quel est le pourcentage total de toutes les taxes applicables?
5816	corpus-6-train	FR	Ça fait si longtemps que je ne t'ai vu.
5818	corpus-6-train	FR	Une réservation pour le terrain de golf, s'il vous plaît.
5822	corpus-6-train	FR	J'endurerai quelques inconvénients.
5823	corpus-6-train	FR	Veuillez me faire des mèches.
5830	corpus-6-test-corpus-26-dev	FR	Qu'est-ce que c'est cette musique?
5832	corpus-6-train	FR	Pouvez-vous me prêter un cric?
5834	corpus-6-train	FR	Nous avons une infirmière qui comprend le japonais.
5838	corpus-6-train	FR	Avez-vous des médicaments pour le nez qui coule?
5840	corpus-6-dev	FR	Pourriez-vous m'emmener à l'hôpital?
5842	corpus-6-train	FR	Non, je n'ai rien à déclarer.
5843	corpus-6-train	FR	Voici cinquante dollars au cas où tu aurais des ennuis.
5844	corpus-6-dev	FR	La salle de restaurant principale ouvre à vingt heures et ferme à vingt-deux heures.
5846	corpus-6-train	FR	On vous prépare deux additions?
5847	corpus-6-test-corpus-26-train	FR	Veuillez donner ce sirop à votre enfant, une dose après chaque repas.
5848	corpus-6-test-corpus-26-train	FR	Ce style est disponible en vingt-huit, trente et un et trente-cinq centimètres.
5849	corpus-6-train	FR	Comment vous sentez-vous? Ils sont fabriqués en Suisse et ils sont à la mode ici.
5853	corpus-6-dev	FR	Quel type de piles utilise-t-il?
5854	corpus-6-dev	FR	Je voudrais un livre pour enfants, s'il vous plaît.
5859	corpus-6-dev	FR	Je suis désolé, mais je voudrais annuler ma réservation.
5861	corpus-6-train	FR	Désolé, je ne l'aime pas.
5862	corpus-6-train	FR	Qu'y a-t-il d'autre à voir dans cette partie de la ville?
5863	corpus-6-train	FR	Des livres et des brochures.
5865	corpus-6-train	FR	Donnez.
5866	corpus-6-train	FR	Continuez sur deux pâtés de maison. C'est au coin.
5867	corpus-6-dev	FR	Où est la discothèque à la mode?
5870	corpus-6-train	FR	Cet hôtel sur la colline a une belle vue sur la ville, n'est-ce pas?
5871	corpus-6-train	FR	Combien dois-je mettre?
5872	corpus-6-dev	FR	Je voudrais assister à un match de base-ball professionnel.
5873	corpus-6-train	FR	Veuillez m'appeler une ambulance.
5875	corpus-6-test-corpus-26-train	FR	Oh, ça me semble beaucoup.
5876	corpus-6-train	FR	Et bien, je dois l'avoir oublié. Merci d'avoir vérifié.
5877	corpus-6-train	FR	Voici ma carte de visite. Je suis responsable d'importations de mobilier au Japon.
5879	corpus-6-train	FR	Mon collègue, M. Takemi, m'a conseillé de vous appeler. C'est l'un de vos patients.
5880	corpus-6-dev	FR	J'ai un autre rendez-vous ce jour-là.
5881	corpus-6-train	FR	Comment est-ce que je peux revenir?
5884	corpus-6-train	FR	A lundi.
5885	corpus-6-dev	FR	Avez-vous ceci en vert?
5886	corpus-6-train	FR	Je suis nouveau ici.
5887	corpus-6-train	FR	Mon vin me manque.
5889	corpus-6-train	FR	Je suis agent d'assurances.
5890	corpus-6-train	FR	Quel genre d'hors d'œuvres avez-vous?
5891	corpus-6-train	FR	En effet.
5892	corpus-6-train	FR	Je dois faire face à un problème incontournable.
5893	corpus-6-train	FR	Les conditions du contrat sont claires, mais je ne comprend pas ce qui suit.
5895	corpus-6-train	FR	Oui, certaines de nos chambres ont une vue sur le parc, mais elles sont plus chères.
5896	corpus-6-train	FR	Alors j'ai dû le laisser tomber de ma poche. Je dois en faire part au responsable de la sécurité de l'hôtel.
5898	corpus-6-test-corpus-26-train	FR	Pourrais-je utiliser votre téléphone, s'il vous plaît?
5899	corpus-6-train	FR	Accordez-vous une réduction pour un séjour d'une semaine?
5900	corpus-6-train	FR	J'ai payé l'addition dans sa totalité.
5902	corpus-6-test-corpus-26-test	FR	Ça sent très bon. Combien est-ce que ça coûte?
5904	corpus-6-train	FR	Je voudrais réserver un court de tennis pour une heure demain.
5906	corpus-6-test-corpus-26-train	FR	Je voudrais reconfirmer mon vol pour Chicago le dix-sept.
5907	corpus-6-train	FR	Avez-vous des raquettes à louer?
5908	corpus-6-train	FR	Non, nous sommes venus ici l'an dernier.
5912	corpus-6-train	FR	Pouvez-vous décrire la personne?
5913	corpus-6-test-corpus-26-train	FR	J'ai un peu trop mangé.
5914	corpus-6-test-corpus-26-train	FR	Pourrais-je parler à M. Brown?
5915	corpus-6-train	FR	Veuillez me laisser partir.
5916	corpus-6-test-corpus-26-train	FR	Il doit être très confortable de vivre dans cette maison, n'est-ce pas?
5923	corpus-6-train	FR	Je n'en veux pas à ce prix-là.
5924	corpus-6-train	FR	Santé.
5925	corpus-6-train	FR	D'accord. Je vais vous envoyer notre technicien.
5926	corpus-6-train	FR	Je suis allergique à ce qui suit.
5929	corpus-6-dev	FR	Oui. Je l'ai juste devant moi. Puis-je voir votre permis de conduire, s'il vous plaît?
5931	corpus-6-train	FR	Vous nous avez été d'une aide précieuse aujourd'hui.
5934	corpus-6-test-corpus-26-dev	FR	Je veux réserver sur le vol Northwest Airlines numéro zéro quatre-vingt-six pour le cinq.
5935	corpus-6-train	FR	Je suis désolé, mais je ne vous ai pas bien entendu. Pourriez-vous me l'épeler?
5937	corpus-6-train	FR	Normal.
5938	corpus-6-train	FR	Le nom de votre fils?
5940	corpus-6-test-corpus-26-train	FR	Mon portefeuille, mon passeport et d'autres effets personnels.
5944	corpus-6-train	FR	Avez-vous de la crème glacée, s'il vous plaît?
5945	corpus-6-train	FR	C'est bizarre, je parle mieux anglais quand je suis ivre.
5948	corpus-6-train	FR	On m'a dit que vous aviez un fax pour moi.
5949	corpus-6-train	FR	Par difficile, vous voulez dire qu'ils sont toujours près de leur argent?
5950	corpus-6-train	FR	Comment le trouvez-vous?
5953	corpus-6-train	FR	J'ai des frissons.
5956	corpus-6-test-corpus-26-train	FR	Quand fermez-vous?
5958	corpus-6-train	FR	La plaie s'est infectée.
5959	corpus-6-train	FR	Je veux le faire refaire.
5960	corpus-6-train	FR	"Etes-vous certain de ne pas avoir de réservation au nom de ""Suziki""? Et au nom de ""Tetsuo""?"
5961	corpus-6-train	FR	Je n'arrive pas à ouvrir la porte.
5962	corpus-6-train	FR	Le kabuki est l'un des arts traditionnels japonais du spectacle.
5964	corpus-6-train	FR	Qu'est-ce qui est le mieux?
5965	corpus-6-train	FR	Je voudrais prendre rendez-vous pour une permanente.
5966	corpus-6-train	FR	Pourriez-vous me donner une chambre plus grande?
5967	corpus-6-train	FR	Puis-je emporter les restes, s'il vous plaît?
5968	corpus-6-train	FR	J'envisage de rester douze jours.
5969	corpus-6-train	FR	Pourriez-vous, s'il vous plaît, garder mes sacs deux heures de plus?
5970	corpus-6-train	FR	Nous ferions mieux de trouver le comptoir de la United Airlines immédiatement.
5972	corpus-6-train	FR	Puis-je voir les horaires?
5974	corpus-6-test-corpus-26-test	FR	Attendez une minute. Je dois l'avoir oublié aux toilettes.
5975	corpus-6-train	FR	M. Jiro Yamada? Vous êtes confirmé sur ce vol qui décolle à sept heures trente de Chicago.
5976	corpus-6-train	FR	Je cherche une jupe.
5977	corpus-6-train	FR	Pas d'autres couleurs?
5978	corpus-6-train	FR	Quel est le meilleur moyen de profiter de la ville?
5979	corpus-6-train	FR	Quatre arrêts.
5981	corpus-6-train	FR	Changez-moi de chambre, s'il vous plaît.
5984	corpus-6-train	FR	Y a-t-il un bureau des objets trouvés dans la gare?
5987	corpus-6-test-corpus-26-train	FR	C'est justement ce que j'allais dire.
5988	corpus-6-test-corpus-26-train	FR	Oui, je le pense aussi.
5990	corpus-6-train	FR	Puis-je prendre une correspondance avec ce billet?
5994	corpus-6-train	FR	Cela vous dérangerait-il d'établir un contrat d'un an au lieu de deux?
5997	corpus-6-test-corpus-26-train	FR	Votre maison est grande, combien de pièces?
6001	corpus-6-train	FR	Laissez-moi y réfléchir, s'il vous plaît.
6002	corpus-6-train	FR	Puis-je régler ça?
6003	corpus-6-train	FR	L'hôtel enverra-t-il une voiture pour nous prendre?
6006	corpus-6-test-corpus-26-train	FR	Nous avons apprécié le dîner.
6007	corpus-6-train	FR	Un sandwich œuf-salade à emporter.
6008	corpus-6-dev	FR	Pourriez-vous m'indiquer des hôtels à moins de cinquante livres la nuit?
6010	corpus-6-train	FR	Pouvez-vous me caser quelque part mardi matin?
6011	corpus-6-train	FR	Je préfère une place à l'avant.
6012	corpus-6-train	FR	Pourriez-vous mettre mes bagages dans le coffre, s'il vous plaît?
6013	corpus-6-train	FR	Est-ce une piscine couverte ou découverte?
6014	corpus-6-train	FR	Pourriez-vous m'indiquer le numéro du car qui va à Santa Monica?
6019	corpus-6-train	FR	Bien, et vous?
6020	corpus-6-train	FR	Je voudrais une crème de jour.
6023	corpus-6-train	FR	Mais, si la lumière ne fonctionne pas, vous ne pouvez pas l'échanger.
6024	corpus-6-test-corpus-26-test	FR	Je comprends, mais je ne peux pas le dire.
6026	corpus-6-train	FR	Je ne trouve pas votre réservation, mais nous avons une chambre.
6028	corpus-6-train	FR	Six heures trente aujourd'hui, mais d'habitude à cinq heures trente.
6032	corpus-6-train	FR	Je voudrais un stylo à bille, s'il vous plaît.
6033	corpus-6-dev	FR	Je vais vous faire vingt pour cent sur le prix.
6034	corpus-6-train	FR	Je vais chercher un autre taxi.
6035	corpus-6-train	FR	Y a-t-il une boîte aux lettres dans les environs?
6040	corpus-6-train	FR	C'est chaud, n'est-ce pas?
6041	corpus-6-train	FR	Je voudrais aller à Broadway.
6042	corpus-6-dev	FR	Avez-vous un plan des pistes de ski?
6047	corpus-6-test-corpus-26-train	FR	Oh oui, s'il vous plaît. J'espère juste qu'ils n'auront pas le mal de mer.
6048	corpus-6-train	FR	Le responsable du personnel d'entretien, s'il vous plaît.
6049	corpus-6-train	FR	Et bien, ce n'est pas si mal.
6050	corpus-6-train	FR	Je ne trouve pas le chemin de la gare.
6051	corpus-6-train	FR	Ça fait deux dollars cinquante.
6052	corpus-6-train	FR	C'est au bout de cette rue.
6053	corpus-6-train	FR	Puis-je avoir de la petite monnaie?
6054	corpus-6-train	FR	Puis-je utiliser un flash?
6055	corpus-6-train	FR	Merci beaucoup. Et laissez les lieux tels quels.
6056	corpus-6-test-corpus-26-test	FR	A Tokyo, s'il vous plaît.
6057	corpus-6-train	FR	Particulièrement en ce qui concerne le design du projet Mercury, je n'aurais pas pu décider sans vous.
6058	corpus-6-train	FR	Puis-je installer mon matériel maintenant?
6059	corpus-6-train	FR	C'est ma tournée.
6061	corpus-6-train	FR	Il est temps de faire preuve de bonne volonté.
6063	corpus-6-train	FR	Je voudrais de la viande.
6066	corpus-6-dev	FR	A votre santé.
6067	corpus-6-train	FR	Ma veste est mouillée ; merci de la sécher.
6071	corpus-6-train	FR	Ces vieux navires naviguent-ils toujours?
6072	corpus-6-train	FR	Veuillez vous joindre à nous pour le déjeuner.
6073	corpus-6-test-corpus-26-train	FR	Quelle est l'heure prévue pour notre arrivée?
6074	corpus-6-train	FR	Quelque chose est entrée dans mon oreille gauche.
6075	corpus-6-train	FR	A quelle heure pensez-vous vous enregistrer?
6076	corpus-6-dev	FR	Au fait, comment testez-vous le programme?
6077	corpus-6-dev	FR	Avez-vous quelque chose à déclarer?
6078	corpus-6-train	FR	J'ai un bleu.
6079	corpus-6-train	FR	Les banques ouvrent-elles le samedi?
6080	corpus-6-train	FR	Les excursions sont-elles instructives?
6081	corpus-6-train	FR	Pourriez-vous me recommander un bon magasin où acheter des sacs en cuir.
6082	corpus-6-train	FR	Est-ce que c'est du rouge à lèvres?
6083	corpus-6-train	FR	Beaucoup de joueurs de base-ball américains jouent au Japon.
6086	corpus-6-test-corpus-26-train	FR	Je pars tôt demain matin, donc je préfère payer maintenant.
6089	corpus-6-train	FR	Où puis-je trouver les livres scolaires?
6093	corpus-6-train	FR	Puis-je avoir du miel?
6094	corpus-6-train	FR	Nous ne montrons qu'une bague à la fois.
6096	corpus-6-train	FR	Puis-je utiliser une carte VISA?
6097	corpus-6-train	FR	Je veux essayer un plat typique de cette région.
6098	corpus-6-train	FR	Puis-je avoir le service d'étage?
6099	corpus-6-train	FR	Puis-je avoir un rendez-vous?
6100	corpus-6-test-corpus-26-test	FR	Un xérès sec, s'il vous plaît.
6101	corpus-6-train	FR	J'ai eu un accident de la route.
6102	corpus-6-train	FR	J'ai commencé à travailler dans cette société il y a tout juste deux mois.
6104	corpus-6-train	FR	A quelle heure nous retrouvons-nous?
6106	corpus-6-train	FR	J'ai passé un coup de fil à Tokyo et ils ont dit qu'ils n'en voulaient pas.
6107	corpus-6-train	FR	La télévision ne fonctionne pas.
6109	corpus-6-test-corpus-26-test	FR	Une place non-fumeur, s'il vous plaît.
6110	corpus-6-train	FR	Où puis-je faire remplir cette prescription?
6111	corpus-6-train	FR	Puis-je avoir un édulcorant artificiel?
6112	corpus-6-train	FR	Je voudrais changer ma session à Shiatsu. Est-ce que c'est possible?
6113	corpus-6-train	FR	En fait, je suis végétarien. Je ne mange pas de viande.
6116	corpus-6-train	FR	Je prendrai du thé.
6117	corpus-6-train	FR	Prenez le chemin le plus rapide? Je suis en retard à un rendez-vous.
6122	corpus-6-train	FR	J'ai mal à la gorge.
6123	corpus-6-train	FR	Nous voudrions essayer les fruits de mer ici.
6125	corpus-6-train	FR	Bon voyage.
6126	corpus-6-train	FR	N'avez-vous rien de mieux?
6127	corpus-6-train	FR	Un coca-cola light avec des glaçons, s'il vous plaît.
6129	corpus-6-train	FR	Le retour dans n'importe lequel de nos gares est gratuit.
6130	corpus-6-train	FR	Délicieux.
6131	corpus-6-train	FR	Vous devez aller voir Nara et Kyoto. Nara préserve l'atmosphère du vieux Japon avec ses anciens temples bouddhistes et ses sanctuaires shintoïstes. Des cerfs et leurs faons s'ébattent librement dans leurs jardins.
6132	corpus-6-dev	FR	Veuillez porter mes bagages dans ma chambre.
6133	corpus-6-train	FR	"Le mot ""face"" a des sens différents en anglais tels que visage, façade, maquillage, dignité, etc."
6136	corpus-6-train	FR	Veuillez inclure de la petite monnaie.
6137	corpus-6-train	FR	Veuillez sortir vos affaires de la chambre.
6140	corpus-6-train	FR	Longez deux pâtés de maisons, puis tournez à droite.
6141	corpus-6-train	FR	Ma clé est cassée.
6142	corpus-6-train	FR	Je voudrais un dictionnaire japonais-anglais.
6143	corpus-6-dev	FR	Je me suis bien amusé ici. Merci pour tout.
6144	corpus-6-train	FR	Ce bus va-t-il au centre-ville?
6148	corpus-6-train	FR	Veuillez éviter ce qui suit.
6151	corpus-6-train	FR	Les chiffres des ventes ont continuellement augmenté depuis que le produit est sorti sur le marché.
6153	corpus-6-train	FR	Est-ce qu'un guide d'excursion passera me prendre à l'hôtel?
6154	corpus-6-train	FR	A quelle heure dois-je être à la porte?
6156	corpus-6-test-corpus-26-train	FR	Il est occupé pour le moment.
6157	corpus-6-dev	FR	Qu'est-ce qui est rapide? Nous n'avons pas beaucoup de temps.
6158	corpus-6-train	FR	Vraiment? Veuillez me laisser une minute pour m'occuper de ça.
6159	corpus-6-train	FR	Est-ce que tout est inclus dans la note?
6160	corpus-6-train	FR	Nous voudrions un assortiment de saucisses, une salade et une bouteille de vin, s'il vous plaît. Apportez deux verres, je vous prie.
6161	corpus-6-train	FR	Hé. Je veux conduire maintenant. C'est mon tour.
6162	corpus-6-dev	FR	Quel numéro de bus va à Piccadilly Circus?
6163	corpus-6-train	FR	Il s'accompagne d'une garantie à vie.
6165	corpus-6-dev	FR	Pourriez-vous le réparer, s'il vous plaît?
6166	corpus-6-train	FR	Je n'ai pas eu ma salade.
6167	corpus-6-test-corpus-26-train	FR	Les étrangers ont-ils accès aux livres dans cette bibliothèque?
6168	corpus-6-train	FR	Prenez le bus numéro un et descendez au troisième arrêt.
6170	corpus-6-train	FR	Quelqu'un peut-il essayer la respiration artificielle?
6172	corpus-6-train	FR	Je ne pense pas que ça vienne du Japon.
6174	corpus-6-train	FR	Apportez-moi une bouteille d'eau minérale glacée, s'il vous plaît.
6175	corpus-6-train	FR	Veuillez me montrer ce qu'on appelle des jouets éducatifs.
6176	corpus-6-train	FR	Je voudrais une ceinture.
6179	corpus-6-test-corpus-26-train	FR	Est-ce que je peux rester dans ma chambre jusqu'à quatorze heures?
6180	corpus-6-train	FR	J'y penserai.
6181	corpus-6-train	FR	Je suis entièrement d'accord. Allons à l'épicerie fine de l'autre côté de la rue.
6183	corpus-6-train	FR	Des œufs brouillés.
6184	corpus-6-train	FR	Je suis désolé, Monsieur. Toutes les chambres sont réservées.
6186	corpus-6-train	FR	Vous êtes en relation avec le Japon. Parlez, je vous en prie.
6188	corpus-6-train	FR	Voici l'annuaire. Ça devrait s'y trouver.
6189	corpus-6-train	FR	J'ai un œdème.
6190	corpus-6-test-corpus-26-train	FR	Ah, ah. Bonne journée à votre heure. C'est d'accord.
6192	corpus-6-train	FR	Vous êtes sûr? Vérifiez encore.
6193	corpus-6-test-corpus-26-train	FR	Je voudrais quelques-unes de ces pellicules ASA pour cet appareil photo, s'il vous plaît.
6195	corpus-6-train	FR	Pourrais-je avoir un guide japonais?
6196	corpus-6-train	FR	Combien coûte ce sac?
6197	corpus-6-train	FR	Je veux prendre le vol de demain.
6199	corpus-6-train	FR	Merci pour ce merveilleux dîner.
6200	corpus-6-train	FR	Veuillez remplacer l'objectif. Vous pouvez vous en occuper pendant que j'attends?
6201	corpus-6-train	FR	Descendez tout droit par là et c'est sur votre droite.
6205	corpus-6-test-corpus-26-train	FR	Où se trouvent les tableaux de Monet?
6208	corpus-6-train	FR	Je ne peux rien avaler.
6209	corpus-6-train	FR	Pouvez-vous vous arrêter par ici, je voudrais prendre quelques photos?
6210	corpus-6-train	FR	Pour aller au Grand Canyon.
6211	corpus-6-train	FR	Veuillez me faire une radiographie.
6213	corpus-6-train	FR	Je cherche un cadeau pour ma mère.
6214	corpus-6-test-corpus-26-train	FR	Cette pizza est délicieuse, qui l'a faite?
6215	corpus-6-dev	FR	Pourriez-vous réserver deux billets?
6216	corpus-6-train	FR	J'ai été agressé.
6217	corpus-6-train	FR	Table fumeur ou non-fumeur?
6218	corpus-6-train	FR	Nous l'appelons B Mountain. C'est à une vingtaine de milles d'ici.
6219	corpus-6-train	FR	Désirez-vous du ketchup ou de la moutarde dessus?
6221	corpus-6-test-corpus-26-train	FR	Quel goût a ce plat?
6222	corpus-6-train	FR	C'est au rez-de-chaussée, par là.
6223	corpus-6-train	FR	Y a-t-il un ramasseur de balles?
6226	corpus-6-train	FR	Pour Las Vegas?
6227	corpus-6-test-corpus-26-train	FR	Ils sont aussi très chers.
6228	corpus-6-test-corpus-26-train	FR	Quand part le prochain train pour Boston?
6230	corpus-6-dev	FR	Je peux utiliser la Master card?
6232	corpus-6-test-corpus-26-dev	FR	J'envisage d'apprendre à jouer au golf.
6233	corpus-6-train	FR	Les invités peuvent-ils entrer dans cette discothèque sans payer l'entrée?
6234	corpus-6-train	FR	Est-ce qu'il y a un guide parlant japonais dans l'une de ces excursions?
6235	corpus-6-train	FR	Je n'ai pas de copie de mon billet d'avion.
6236	corpus-6-train	FR	"Vous trouverez une explication plus détaillée dans un livret séparé intitulé ""Informations générales de base"" qui se trouve dans le dossier fourni."
6237	corpus-6-train	FR	Combien de retard?
6238	corpus-6-train	FR	Quelle est l'heure d'ouverture et de fermeture?
6242	corpus-6-train	FR	Pourriez-vous m'apporter des couvertures, s'il vous plaît? Il fait très froid dans cette chambre.
6246	corpus-6-dev	FR	Je vous en prie. Au fait, y a-t-il un téléphone public près d'ici?
6247	corpus-6-test-corpus-26-dev	FR	Veuillez me donner un autre verre.
6249	corpus-6-train	FR	Voulez-vous l'expliquer à l'opérateur?
6250	corpus-6-train	FR	Pouvez-vous l'installer près de la fenêtre, s'il vous plaît?
6251	corpus-6-train	FR	C'est un peu étroit ici.
6252	corpus-6-dev	FR	J'ai du linge à laver.
6253	corpus-6-test-corpus-26-train	FR	Quel bon surfeur!
6254	corpus-6-dev	FR	Où se trouve le palais?
6255	corpus-6-train	FR	Puis-je avoir le menu?
6256	corpus-6-train	FR	Un siège, à l'avant, s'il vous plaît.
6259	corpus-6-train	FR	Veuillez revenir vers quatorze heures dix, s'il vous plaît.
6260	corpus-6-train	FR	Et bien, l'une de mes valises n'est pas arrivée.
6261	corpus-6-train	FR	Y a-t-il une excursion qui dure toute une journée?
6263	corpus-6-train	FR	Pourrais-je réserver pour neuf heures trente, s'il vous plaît?
6266	corpus-6-train	FR	Combien demandez-vous pour les frais d'envoi?
6268	corpus-6-train	FR	Nous voudrions deux billets pour San Diego, s'il vous plaît.
6270	corpus-6-train	FR	C'est à environ quatre-vingt-dix-neuf minutes de marche d'ici.
6272	corpus-6-test-corpus-26-train	FR	Je crains que les manches ne soient trop courtes.
6275	corpus-6-train	FR	Chacun ses goûts. Je prends une bière.
6276	corpus-6-train	FR	Je viens d'Yokohama, au Japon.
6277	corpus-6-train	FR	Un siège côté fenêtre, s'il vous plaît. Et je voudrais être assis avec ma fille.
6279	corpus-6-train	FR	Pourriez-vous m'expliquer comment faire un appel longue distance?
6280	corpus-6-train	FR	Il est né en mille neuf cent quatre-vingt.
6281	corpus-6-train	FR	Voici votre monnaie. Soixante-dix-neuf dollars quatre-vingt-neuf dollars quatre-vingt-dix-neuf dollars cent dollars.
6282	corpus-6-dev	FR	Avez-vous une parka?
6283	corpus-6-test-corpus-26-train	FR	Pouvons-vous me montrer comment allumer le gaz?
6284	corpus-6-train	FR	Non, ce n'est pas mon appareil photo.
6285	corpus-6-test-corpus-26-train	FR	Le prix de l'hôtel comprend-il le petit déjeuner?
6287	corpus-6-test-corpus-26-train	FR	Ce sera tout?
6289	corpus-6-train	FR	La télévision est cassée.
6290	corpus-6-train	FR	Quand est le dernier car pour Pimlico?
6291	corpus-6-test-corpus-26-train	FR	C'est plus bas sur cette route.
6292	corpus-6-train	FR	J'ai le mal de mer. Pourrais-je avoir des médicaments?
6293	corpus-6-train	FR	Encore cinq heures et trente minutes.
6295	corpus-6-train	FR	C'est la chambre sept cent quarante-sept. Quel type de cocktails proposez-vous?
6298	corpus-6-train	FR	C'est le long de cette route.
6299	corpus-6-train	FR	S'il vous plaît, ne faite pas ça.
6301	corpus-6-train	FR	Les femmes se mettent sur leur trente et un.
6304	corpus-6-train	FR	Très bien. Et ceci? Cette excursion d'une demi-journée vous ramène ici à treize heures.
6306	corpus-6-train	FR	Est-ce lavable?
6309	corpus-6-train	FR	Veuillez me passer la personne responsable de la comptabilité.
6311	corpus-6-dev	FR	Y a-t-il des billets disponibles?
6313	corpus-6-train	FR	Avez-vous d'autres colliers au design original?
6314	corpus-6-train	FR	Pourquoi ne pas contourner ce récif?
6316	corpus-6-train	FR	Pourriez-vous me dire ce que nous allons visiter pendant l'excursion?
6318	corpus-6-train	FR	Tu devrais aller à l'hôpital faire un examen complet.
6319	corpus-6-train	FR	Pourriez-vous me donner une autre chambre, s'il vous plaît?
6321	corpus-6-train	FR	Où se trouve le magasin de musique le plus proche?
6322	corpus-6-train	FR	Je voudrais mettre mes objets de valeur dans le coffre-fort.
6323	corpus-6-train	FR	Je pense que c'est ma place.
6325	corpus-6-dev	FR	Les mains en l'air.
6326	corpus-6-train	FR	A quelle heure ferme ce magasin?
6330	corpus-6-train	FR	A quelle heure est le premier train pour Oxford?
6331	corpus-6-train	FR	Jusqu'à quelle heure le service d'étage est-il disponible?
6332	corpus-6-train	FR	Avez-vous un journal anglais?
6334	corpus-6-train	FR	Des baguettes, s'il vous plaît.
6335	corpus-6-train	FR	Je préférerais en bleu, si c'est possible.
6336	corpus-6-train	FR	Tu seras bientôt guéri, ne t'en fais pas.
6338	corpus-6-train	FR	Avec plaisir. J'envisage de faire un peu de tourisme et de rendre visite à de vieux amis.
6339	corpus-6-test-corpus-26-train	FR	Veuillez mettre le compteur en marche.
6342	corpus-6-dev	FR	Quel est votre diagnostic?
6343	corpus-6-train	FR	Dégagez les oreilles, s'il vous plaît.
6344	corpus-6-train	FR	La caisse est par là.
6345	corpus-6-train	FR	Pourquoi le train a-t-il autant de retard?
6346	corpus-6-train	FR	Dois-je porter une cravate?
6347	corpus-6-train	FR	Nom et numéro de chambre?
6348	corpus-6-train	FR	J'ai un pneu crevé.
6349	corpus-6-dev	FR	Nous nous intéressons à la religion.
6350	corpus-6-train	FR	Aucun problème. Où voulez-vous le prendre?
6351	corpus-6-train	FR	Moi aussi. Nous avons beaucoup marché aujourd'hui.
6352	corpus-6-train	FR	Je n'en ai aucune idée.
6353	corpus-6-train	FR	Nous allons charger la batterie et nettoyer le pare-brise.
6354	corpus-6-train	FR	Une table en terrasse, s'il vous plaît.
6355	corpus-6-train	FR	Cinquante pour cent sur le prix affiché?
6356	corpus-6-train	FR	Quelle est l'heure limite d'enregistrement?
6358	corpus-6-train	FR	Un peu plus à l'arrière.
6359	corpus-6-train	FR	Veuillez prendre ce pont en arrière-plan.
6360	corpus-6-train	FR	Avez-vous de bons souvenirs?
6361	corpus-6-dev	FR	La pluie se changea en neige fondante.
6363	corpus-6-test-corpus-26-train	FR	Il fait trop froid dans ma chambre.
6364	corpus-6-dev	FR	Le déjeuner est servi à sept heures du matin, sauf le week-end.
6366	corpus-6-train	FR	Je dois voir un médecin demain matin.
6368	corpus-6-dev	FR	Veuillez attacher votre ceinture et vous abstenir de fumer pendant le décollage.
6372	corpus-6-train	FR	Je veux appeler le Japon.
6373	corpus-6-train	FR	J'espère avoir perdu un peu de poids après tout ça.
6375	corpus-6-train	FR	Je vais à Melbourne.
6377	corpus-6-train	FR	Avez-vous des excursions avec des guides parlant japonais?
6378	corpus-6-train	FR	Il fait frais ce matin.
6379	corpus-6-train	FR	Excusez-moi, mais à quelle intersection sommes-nous?
6382	corpus-6-train	FR	Je l'ai oublié pendant que je faisais du shopping, il y a environ dix minutes.
6383	corpus-6-train	FR	Puis-je y aller en jeans et en mocassins?
6388	corpus-6-dev	FR	Je voudrais des bananes.
6389	corpus-6-train	FR	Mes épaules étaient extrêmement tendues, n'est-ce pas?
6390	corpus-6-train	FR	Bien, quel genre de cuisine aimez-vous?
6391	corpus-6-train	FR	A emporter?
6393	corpus-6-train	FR	Y a-t-il un pub dans les environs?
6395	corpus-6-train	FR	Excusez-moi. Pourriez-vous me dire où je peux prendre le métro?
6398	corpus-6-train	FR	Enchanté. Je suis Ichiro Tanaka.
6399	corpus-6-train	FR	De combien est le supplément pour l'express?
6400	corpus-6-train	FR	Si elles sont toutes hors taxes, je prendrai une cartouche de C.
6403	corpus-6-train	FR	Ça dépend du type d'excursion. L'excursion d'une journée à Yosemite coûte trente dollars et est la plus convoitée. Yosemite est à trois cent cinquante kilomètres d'ici.
6405	corpus-6-train	FR	Quelle ligne va à Santa Barbara?
6408	corpus-6-train	FR	Sans ketchup.
6411	corpus-6-test-corpus-26-train	FR	Je serai à vous dès que je serai moins occupé.
6413	corpus-6-test-corpus-26-dev	FR	En avez-vous un plus grand?
6415	corpus-6-train	FR	Prenez tout ce que vous voulez. Mais ne tirez pas.
6418	corpus-6-test-corpus-26-train	FR	Je me sens mieux.
6420	corpus-6-train	FR	Je veux voir un match de football.
6422	corpus-6-train	FR	Avez-vous une chambre simple pour ce soir?
6424	corpus-6-train	FR	En fait, nos chemisiers sont soldés en ce moment.
6426	corpus-6-train	FR	Pouvez-vous me suggérer quelques bonnes excursions d'une journée?
6427	corpus-6-train	FR	Mes chèques-voyages sont en dollars américains.
6428	corpus-6-train	FR	Pourriez-vous me mettre en relation avec mon ami?
6430	corpus-6-test-corpus-26-dev	FR	Connaissez-vous bien la géographie du Japon?
6431	corpus-6-train	FR	Où puis-je acheter des billets?
6432	corpus-6-train	FR	Le matériel est-il compris?
6435	corpus-6-train	FR	Pourrions-nous avoir un peu de pain, s'il vous plaît?
6436	corpus-6-test-corpus-26-train	FR	Veuillez me montrer où je me trouve sur ce plan.
6437	corpus-6-test-corpus-26-train	FR	Cent pour cent coton.
6441	corpus-6-train	FR	Voyons voir. Oui, nous avons une chambre de libre.
6442	corpus-6-train	FR	Bonjour, Tanaka. Je suis heureux de vous voir. A quel hôtel êtes-vous descendu?
6444	corpus-6-train	FR	Y a-t-il quelqu'un ici qui parle anglais?
6445	corpus-6-train	FR	Oui. Je dois partir maintenant. J'espère vous revoir bientôt.
6448	corpus-6-train	FR	Il est six heures trente.
6450	corpus-6-train	FR	C'est ma première visite.
6451	corpus-6-train	FR	Où est la blanchisserie la plus proche?
6453	corpus-6-train	FR	Une chambre calme, s'il vous plaît.
6454	corpus-6-train	FR	J'ai eu de bonnes notes l'an dernier.
6458	corpus-6-train	FR	C'est magnifique.
6460	corpus-6-train	FR	Je voudrais celui exposé en vitrine.
6461	corpus-6-train	FR	Avez-vous la taille au-dessus?
6463	corpus-6-train	FR	Je n'ai pas encore vérifié. Mais je pense que j'ai beaucoup de fièvre.
6464	corpus-6-dev	FR	Quel est le motif de votre réclamation?
6465	corpus-6-train	FR	Il a commencé à neiger.
6466	corpus-6-test-corpus-26-train	FR	Je voudrais changer pour une chambre avec vue sur l'océan. Y a-t-il un supplément?
6467	corpus-6-dev	FR	C'est la chambre sept cent deux. Je voudrais un appel-réveil à sept heures demain matin, s'il vous plaît.
6468	corpus-6-train	FR	Ne travaille pas trop.
6469	corpus-6-train	FR	Oh, non. Je savais que c'était une erreur. Je vais rentrer au Japon en homme pauvre.
6470	corpus-6-train	FR	Est-ce que c'est le bon train pour Chicago?
6471	corpus-6-train	FR	Je viens d'entendre le bulletin. La neige devrait cesser demain.
6472	corpus-6-test-corpus-26-train	FR	Combien coûte la location d'une planche pour une demi-journée?
6473	corpus-6-train	FR	Puis-je attendre ici?
6474	corpus-6-train	FR	J'écris du haiku amateur à mes heures perdues.
6477	corpus-6-train	FR	Y a-t-il un endroit sûr pour stocker mes bagages?
6478	corpus-6-train	FR	Avez-vous des tarifs familles à prix réduits?
6481	corpus-6-test-corpus-26-train	FR	Le dix novembre.
6482	corpus-6-train	FR	Connaissez-vous un bon endroit pour acheter des souvenirs?
6484	corpus-6-test-corpus-26-dev	FR	Je voudrais un ruban pour machine à écrire.
6485	corpus-6-train	FR	C'est le système de prime d'ancienneté.
6486	corpus-6-train	FR	Veuillez vous allonger là-bas.
6488	corpus-6-train	FR	Pouvons-nous aller à Tiki Point demain?
6490	corpus-6-train	FR	Il y a de faibles chances de neige.
6491	corpus-6-train	FR	Pourriez-vous me tracer un plan?
6492	corpus-6-test-corpus-26-train	FR	Ça a beaucoup de goût.
6494	corpus-6-train	FR	Les machines à sous ont l'air trop facile. Bien, et la roulette? Il suffit de placer les jetons ou l'argent sur un numéro.
6495	corpus-6-train	FR	Je parie qu'il y en aura un plus grand choix dans une droguerie.
6497	corpus-6-test-corpus-26-train	FR	Quand est-ce que nous décollons?
6498	corpus-6-test-corpus-26-train	FR	Comment faites-vous savoir au chauffeur que vous voulez descendre?
6499	corpus-6-dev	FR	C'est trop cher pour moi. Montrez-moi quelque chose de moins cher, s'il vous plaît.
6500	corpus-6-train	FR	Voici l'opérateur pour le service téléphonique international.
6502	corpus-6-dev	FR	J'étudie l'anglais.
6503	corpus-6-train	FR	Ce car va à Paris, n'est-ce pas?
6504	corpus-6-dev	FR	Veuillez déposer cinq dollars et vingt-cinq cents dans les trois prochaines minutes.
6505	corpus-6-train	FR	Je voudrais un appareil photo, s'il vous plaît.
6506	corpus-6-train	FR	A quel hauteur se trouve le plongeoir?
6507	corpus-6-train	FR	Allez-vous louer une voiturette de golf?
6510	corpus-6-dev	FR	Veuillez remettre vos cartes de débarquement.
6513	corpus-6-test-corpus-26-train	FR	Vingt-quatre dollars. Vous en voulez plus?
6515	corpus-6-test-corpus-26-train	FR	J'ai fait la réservation à Tokyo il y a un mois.
6517	corpus-6-test-corpus-26-train	FR	Je vous remercie du fond du cœur.
6518	corpus-6-train	FR	Puis-je prendre rendez-vous aujourd'hui?
6519	corpus-6-train	FR	C'est un peu trop serré au ventre.
6520	corpus-6-train	FR	Comment puis-je me rendre au centre ville?
6521	corpus-6-train	FR	C'est exactement comme vous dites.
6522	corpus-6-train	FR	Je n'ai encore rien mangé. J'en voudrais le faire maintenant.
6523	corpus-6-train	FR	Bonjour. C'est combien?
6524	corpus-6-train	FR	Je n'ai pas beaucoup de temps.
6525	corpus-6-test-corpus-26-train	FR	Dois-je descendre ici pour aller au Rockefeller Center?
6526	corpus-6-train	FR	OK. A bientôt.
6528	corpus-6-train	FR	Puis-je retirer trois cents dollars avec ma carte Visa?
6529	corpus-6-train	FR	Comment désirez-vous votre whisky?
6530	corpus-6-train	FR	Puis-je m'occuper d'elle?
6531	corpus-6-train	FR	J'ai mes règles.
6532	corpus-6-train	FR	Vous devez encaisser vos chèques-voyages dans une banque.
6533	corpus-6-train	FR	Veuillez monter mes bagages dans ma chambre.
6534	corpus-6-train	FR	Je n'ai pas encore réservé de place pour le vol retour.
6535	corpus-6-train	FR	Laquelle de ces couleurs est la plus en vogue?
6539	corpus-6-test-corpus-26-train	FR	Veuillez mesurer ma pointure.
6540	corpus-6-dev	FR	Combien de temps faut-il pour aller à Philadelphie?
6543	corpus-6-train	FR	Vous visiterez tous les sites touristiques de San Francisco, dans un rayon de quarante-neuf milles en voiture.
6547	corpus-6-test-corpus-26-train	FR	C'est fantastique.
6549	corpus-6-train	FR	Puis-je rester ici pour le voir?
6550	corpus-6-test-corpus-26-train	FR	Voudriez-vous sortir avec moi?
6551	corpus-6-train	FR	Y a-t-il des places pour ce soir?
6552	corpus-6-test-corpus-26-train	FR	Veuillez nettoyer ce manteau.
6553	corpus-6-test-corpus-26-train	FR	Je voudrais louer un bateau à moteur.
6555	corpus-6-train	FR	J'ai cassé mes lunettes.
6556	corpus-6-train	FR	Vos chaussures ne vont pas avec la couleur de votre robe.
6557	corpus-6-train	FR	Mettez-le ici, s'il vous plaît.
6558	corpus-6-train	FR	C'est une automatique. Nous avons ce modèle de montres à quartz, Monsieur. Etanche et antichoc.
6561	corpus-6-train	FR	Juste une coupe, s'il vous plaît.
6562	corpus-6-train	FR	A quelle heure part le prochain train pour Oxford?
6563	corpus-6-train	FR	Avec petit déjeuner? Je voudrais la réserver.
6565	corpus-6-train	FR	Puis-je appeler la France directement d'ici?
6567	corpus-6-train	FR	Combien de jours est-il valable?
6569	corpus-6-train	FR	Je voudrais changer mes réservations.
6573	corpus-6-train	FR	Pouvez-vous nous appeler un taxi?
6574	corpus-6-test-corpus-26-train	FR	Où se trouve le rayon femmes?
6575	corpus-6-train	FR	Que diriez-vous d'un hamburger?
6577	corpus-6-train	FR	Tout va bien?
6578	corpus-6-train	FR	Y a-t-il une limousine pour l'hôtel ABC?
6579	corpus-6-train	FR	A quelle heure ramènerez-vous la voiture vendredi?
6581	corpus-6-test-corpus-26-train	FR	Le café n'est pas compris?
6582	corpus-6-train	FR	Quelle ligne pour le Madison Square?
6585	corpus-6-train	FR	Je vous rappellerai plus tard.
6586	corpus-6-train	FR	Excusez-moi. Je n'ai pas saisi ce que vous avez dit.
6587	corpus-6-train	FR	Un dollar le kilo.
6588	corpus-6-train	FR	Pouvez-vous le mettre sur un cintre?
6590	corpus-6-train	FR	Je ne sais pas comment me servir du téléphone, veuillez me montrer.
6593	corpus-6-test-corpus-26-train	FR	Dans quel domaine était-il avant?
6599	corpus-6-train	FR	Ma destination est Londres.
6600	corpus-6-train	FR	Oh, je crains de manquer de temps.
6601	corpus-6-train	FR	Quel bus dois-je prendre?
6602	corpus-6-test-corpus-26-train	FR	Mince. Mince. Mince. Mince. Je me suis habitué à elle.
6605	corpus-6-train	FR	Je voudrais de la crème nettoyante.
6606	corpus-6-train	FR	Rebonjour et bienvenue au top quarante américain.
6607	corpus-6-train	FR	Quel est le meilleur évènement?
6609	corpus-6-test-corpus-26-train	FR	Dois-je payer un supplément pour entrer dans un bâtiment?
6611	corpus-6-train	FR	Quand les bourgeons fleurissent-ils?
6613	corpus-6-test-corpus-26-test	FR	Bonjour, votre interlocuteur est en ligne. Parlez, s'il vous plaît.
6615	corpus-6-train	FR	Je voudrais parler à M. Nomoto, chambre cinq cent un.
6616	corpus-6-train	FR	Vous serez alors intéressé de voir l'intérieur de ce théâtre. C'est le Théâtre de la Scala.
6617	corpus-6-train	FR	La barre grise montre les chiffres de vente de notre société l'an dernier.
6619	corpus-6-train	FR	J'espère que vous pourrez bientôt visiter ces magnifiques attractions aux Etats-Unis.
6622	corpus-6-train	FR	L'Abbaye de Westminster.
6623	corpus-6-train	FR	Mon compagnon souffre d'une forte fièvre.
6625	corpus-6-test-corpus-26-train	FR	Ma blessure me fait mal.
6627	corpus-6-train	FR	C'est au septième étage. Prenez l'ascenseur au bout du hall.
6631	corpus-6-train	FR	Je vous attendrai.
6632	corpus-6-train	FR	Je mets mon porte-monnaie, mon livre et mon appareil photo dans mon sac.
6634	corpus-6-train	FR	Je vais généralement au lit vers dix heures et je m'endors immédiatement.
6635	corpus-6-test-corpus-26-train	FR	Où est la gare?
6638	corpus-6-dev	FR	Il était grand et blond.
6639	corpus-6-train	FR	La culture prospère grâce aux activités en vogue, telles que les jeux Kabuki, les peintures Ukiyoe, la littérature et la céramique.
6640	corpus-6-train	FR	Avez-vous un magasin Dunhill par ici?
6641	corpus-6-train	FR	Cent vingt millions d'habitants dans un pays de trois cent quatre-vingt mille kilomètres carrés?
6643	corpus-6-dev	FR	Un billet aller-retour pour Miami s'il vous plaît.
6644	corpus-6-train	FR	Pourriez-vous m'indiquer où se trouve la banque la plus proche?
6647	corpus-6-train	FR	Je voudrais un billet adulte, s'il vous plaît.
6648	corpus-6-dev	FR	Je m'appelle Watanabe Goroh.
6651	corpus-6-dev	FR	C'est combien pour envoyer cette lettre alors?
6652	corpus-6-train	FR	Du poivre, s'il vous plaît.
6653	corpus-6-train	FR	Pouvez-vous m'apporter l'addition?
6654	corpus-6-train	FR	Et bien, le dentiste chez qui je vais est assez bon.
6655	corpus-6-train	FR	La lumière ne marche pas.
6656	corpus-6-dev	FR	Je voudrais quelque chose contre la toux.
6657	corpus-6-test-corpus-26-train	FR	J'ai des frissons.
6658	corpus-6-train	FR	Bien, voici votre chambre.
6659	corpus-6-test-corpus-26-train	FR	Trois jours.
6660	corpus-6-test-corpus-26-dev	FR	Traversez le pont là-bas et vous trouverez la bibliothèque sur votre gauche.
6663	corpus-6-train	FR	Le train arrive dans combien de temps?
6664	corpus-6-train	FR	Puis-je avoir des médicaments?
6665	corpus-6-train	FR	Signez ici, s'il vous plaît.
6666	corpus-6-train	FR	Y a-t-il une cafétéria à proximité?
6668	corpus-6-train	FR	Le numéro est cinquante-six soixante-dix-huit douze trente-quatre.
6671	corpus-6-train	FR	S'il vous plaît Monsieur, nous pourrions atterrir à tout moment. Veuillez regagner votre siège.
6674	corpus-6-train	FR	Yokohama se trouve près de Tokyo.
6675	corpus-6-train	FR	Je voudrais un filtre, s'il vous plaît.
6678	corpus-6-train	FR	Que puis-je faire?
6680	corpus-6-train	FR	Y a-t-il quelqu'un qui parle japonais dans le magasin?
6681	corpus-6-dev	FR	Qui est à l'appareil?
6683	corpus-6-train	FR	Pourrais-je avoir un plan guide, s'il vous plaît?
6684	corpus-6-train	FR	Je ne vous entends pas bien.
6685	corpus-6-train	FR	Il a un retard d'environ une heure. Nous décollerons à dix-sept heures dix.
6686	corpus-6-train	FR	Le numéro est un deux trois quatre cinq six sept huit.
6687	corpus-6-train	FR	L'eau ne chauffe pas assez.
6689	corpus-6-train	FR	A Hokkaido, vous ne pouvez pas jouer au golf pendant environ six mois en raison du climat froid.
6690	corpus-6-train	FR	Les vendriez-vous séparément?
6691	corpus-6-train	FR	Je voudrais partir un jour plus tôt.
6692	corpus-6-test-corpus-26-dev	FR	Veuillez m'aider à trouver un guide parlant japonais.
6694	corpus-6-dev	FR	Ça commence à neuf heures.
6696	corpus-6-train	FR	Vous avez de la chance. C'est la saison des soldes. Vous bénéficierez de réductions.
6698	corpus-6-train	FR	Un moment. Il me faut un stylo.
6699	corpus-6-test-corpus-26-train	FR	Je n'en veux pas un encombrant.
6700	corpus-6-test-corpus-26-train	FR	Il y aura un léger retard.
6702	corpus-6-train	FR	Oh, je ne sais pas. Que dirais-tu d'un McDonald's? Nous en avons aussi au Japon.
6703	corpus-6-train	FR	Je voudrais retourner ceci. Voici le ticket de caisse.
6704	corpus-6-train	FR	Y a-t-il un bus cet après-midi?
6705	corpus-6-train	FR	Comment puis-je me rendre au musée?
6709	corpus-6-train	FR	N'en parle pas. Je viens de terminer mon itinéraire approximatif.
6712	corpus-6-train	FR	M. Goodman en sera vraiment enchanté.
6713	corpus-6-train	FR	Oui. Je pense que je vais prendre des œufs, des saucisses, des toasts et des fruits frais.
6715	corpus-6-test-corpus-26-train	FR	Quelle est la différence entre ces hôtels?
6716	corpus-6-train	FR	Le loyer doit être payé le dernier jour de chaque mois.
6719	corpus-6-train	FR	Ce n'est pas la bonne taille.
6720	corpus-6-train	FR	Le numéro du vol est PK sept cent huit le cinq septembre.
6722	corpus-6-train	FR	Il y a un problème avec la baignoire.
6723	corpus-6-train	FR	Quels sont les produits typiques de cette région?
6724	corpus-6-test-corpus-26-test	FR	J'ai manqué mon arrêt.
6726	corpus-6-train	FR	Mes bagages ne sont pas encore sortis. Pourriez-vous vérifier ce qui est arrivé, s'il vous plaît?
6733	corpus-6-train	FR	Votre voix est tellement sexy au téléphone.
6734	corpus-6-train	FR	C'est un appareil photo Canon à objectif Reflex.
6735	corpus-6-train	FR	Quel est le nom du château?
6736	corpus-6-test-corpus-26-train	FR	C'était génial. Merci.
6737	corpus-6-train	FR	Y a-t-il un bus de l'aéroport vers le centre-ville?
6738	corpus-6-train	FR	Pourriez-vous me répéter le nom?
6740	corpus-6-test-corpus-26-dev	FR	J'y serai vers dix-huit heures.
6742	corpus-6-dev	FR	Alors descendez au prochain arrêt et prenez le bus jusqu'à Hyde Park.
6743	corpus-6-train	FR	Je suis désolé, nous n'avons pas ça. Vous pourrez en trouver à la pharmacie au rez-de-chaussée.
6745	corpus-6-dev	FR	Je voudrais avoir une place sur l'aile, s'il vous plaît.
6746	corpus-6-test-corpus-26-train	FR	Avez-vous quelque chose d'un peu plus long?
6747	corpus-6-train	FR	Que désirez-vous boire?
6755	corpus-6-train	FR	Je voudrais commander la même chose.
6758	corpus-6-train	FR	Où se trouve Barnes & Nobles?
6759	corpus-6-train	FR	Beaucoup, surtout que j'ai manqué le dîner hier soir, je dormais. Au fait, pouvez-vous me dire comment aller au British Museum?
6760	corpus-6-train	FR	Veuillez composer le numéro neuf sur ce téléphone.
6762	corpus-6-train	FR	A quelle heure ferme le magasin?
6763	corpus-6-train	FR	Mon vol a été retardé et j'ai raté ma correspondance.
6766	corpus-6-test-corpus-26-train	FR	La date d'expiration est mars mille neuf cent quatre-vingt-dix-neuf.
6767	corpus-6-train	FR	Pourriez-vous annuler la réservation des places?
6768	corpus-6-dev	FR	Je voudrais des chips.
6769	corpus-6-train	FR	J'y vais aussi.
6776	corpus-6-train	FR	Très intéressant.
6777	corpus-6-train	FR	Je voudrais une chambre avec baignoire.
6778	corpus-6-train	FR	Puis-je le récupérer?
6780	corpus-6-test-corpus-26-test	FR	C'était comment?
6782	corpus-6-train	FR	Je ne sais pas, Monsieur. Vous parlez anglais? Parler anglais? Anglais?
6783	corpus-6-train	FR	J'espère que tout va bien se passer.
6784	corpus-6-train	FR	La ligne est occupée.
6785	corpus-6-train	FR	Oui, Monsieur. Onze heures.
6787	corpus-6-train	FR	Puis-je avoir rendez-vous pour vendredi?
6788	corpus-6-dev	FR	Je dois prendre une correspondance. Est-ce possible?
6792	corpus-6-train	FR	Non. Une voiture non-fumeur, s'il vous plaît.
6793	corpus-6-train	FR	Pour les débutants, ce n'est pas bon?
6794	corpus-6-train	FR	J'en ai besoin aujourd'hui.
6796	corpus-6-train	FR	Je voudrais louer la voiture la moins chère pour une semaine.
6798	corpus-6-train	FR	Cette robe ne me va pas.
6799	corpus-6-train	FR	Pouvez-vous me dire où se trouve ma place?
6800	corpus-6-test-corpus-26-train	FR	Y a-t-il de bons casinos?
6802	corpus-6-train	FR	Quel avion arrive le plus tôt à New York?
6806	corpus-6-train	FR	Où l'avez-vous laissé?
6810	corpus-6-test-corpus-26-train	FR	Voici l'argent pour les stylos à bille. Un billet de cent dollars.
6811	corpus-6-train	FR	Veuillez échanger ces devises françaises contre du liquide.
6812	corpus-6-test-corpus-26-train	FR	Où se trouve le rayon femmes?
6813	corpus-6-train	FR	Il n'y a pas de place pour mes bagages à main.
6814	corpus-6-train	FR	N'hésitez pas à vous maquiller avec nos produits cosmétiques avant de partir.
6816	corpus-6-train	FR	Ne vous en faites pas. Ce n'est pas loin du centre-ville.
6817	corpus-6-train	FR	Voici votre monnaie.
6818	corpus-6-train	FR	Et bien, pourquoi n'allons-nous pas à la plage demain?
6822	corpus-6-train	FR	Faites-moi une offre.
6824	corpus-6-dev	FR	Cette excursion d'une demi-journée a-t-elle lieu en japonais?
6825	corpus-6-test-corpus-26-train	FR	Où puis-je embarquer?
6826	corpus-6-train	FR	Combien est-ce par jour?
6827	corpus-6-train	FR	Oui. C'est ce que nous choisissons.
6829	corpus-6-train	FR	Et bien, vous pouvez prendre la navette Gray Line Air Shuttle ou le Carey Airport Express.
6832	corpus-6-test-corpus-26-train	FR	Mon ami est blessé.
6833	corpus-6-train	FR	Si vous pouvez baisser un peu le prix, je le prends.
6835	corpus-6-test-corpus-26-train	FR	Ça vous va bien.
6836	corpus-6-test-corpus-26-dev	FR	Ce magasin sera-t-il ouvert demain?
6837	corpus-6-train	FR	Où est l'aquarium?
6838	corpus-6-train	FR	Je voudrais rester ici deux jours de plus.
6839	corpus-6-dev	FR	Oui, je cherche un cadeau pour ma sœur.
6842	corpus-6-train	FR	Veuillez faire nettoyer ces vêtements.
6843	corpus-6-train	FR	Où puis-je acheter un journal japonais?
6844	corpus-6-train	FR	Quelle est la prise principale ici?
6846	corpus-6-train	FR	Puis-je nager ici?
6847	corpus-6-train	FR	Et le haut? Dois-je reprendre un peu le haut?
6848	corpus-6-train	FR	Oui, est-ce que c'est ce que vous avez oublié?
6850	corpus-6-train	FR	Oui. Vous pouvez regarder des films gratuitement sur HBO.
6851	corpus-6-train	FR	Comment puis-je aller à Hollywood?
6854	corpus-6-train	FR	Je prendrai une chambre à quinze dollars.
6857	corpus-6-train	FR	Je suis sûr d'avoir réservé.
6859	corpus-6-train	FR	Avez-vous un service de blanchisserie?
6860	corpus-6-train	FR	Je pense que je me suis cassé la jambe.
6862	corpus-6-test-corpus-26-test	FR	C'est tout au bout du hall.
6864	corpus-6-test-corpus-26-train	FR	Est-ce que vous pourriez me tailler la moustache?
6866	corpus-6-test-corpus-26-dev	FR	A cela s'ajoutent le comptoir à salade et un choix de pommes de terre au four et de frites.
6867	corpus-6-train	FR	Vous parlez comme un poète, M. Ita.
6868	corpus-6-train	FR	Y a-t-il des sites touristiques dans les environs?
6869	corpus-6-train	FR	Y a-t-il un wagon-lit dans le train?
6870	corpus-6-train	FR	Vraiment? J'espère qu'il n'est pas parti sans moi.
6871	corpus-6-train	FR	Allons manger un morceau.
6873	corpus-6-train	FR	C'est combien pour deux jours?
6875	corpus-6-test-corpus-26-dev	FR	Où puis-je acheter de la poterie?
6876	corpus-6-dev	FR	Je vais à Memphis.
6877	corpus-6-train	FR	Quel est le quai du train pour New York?
6879	corpus-6-train	FR	Je voudrais faire une réservation pour Rome.
6880	corpus-6-train	FR	Mesdames et messieurs, le capitaine George Cohen et son équipage vous souhaitent la bienvenue à bord de ce vol United Airlines huit cent à destination de New York. Nous nous tenons à votre disposition pendant toute la durée de ce vol. N'hésitez pas à nous faire part de vos besoins.
6884	corpus-6-train	FR	Le vert.
6885	corpus-6-train	FR	Vous feriez bien d'appeler le bureau des objets trouvés.
6888	corpus-6-train	FR	Puis-je avoir votre numéro de téléphone, s'il vous plaît?
6889	corpus-6-dev	FR	Pouvez-vous vérifier s'il y a un autre vol de disponible?
6890	corpus-6-train	FR	Non, nous sommes ici pour trois jours, ensuite nous allons à New York et à La Nouvelle-Orléans.
6891	corpus-6-train	FR	J'ai une carte Eurail et un visa soviétique.
6894	corpus-6-dev	FR	Pourrais-je parler à M. Kaori Watanabe de la chambre huit cent douze?
6895	corpus-6-dev	FR	Avez-vous d'autres boissons?
6900	corpus-6-train	FR	C'est une robe en lin?
6902	corpus-6-train	FR	Excusez-moi. J'ai la migraine. Avez-vous des médicaments?
6904	corpus-6-train	FR	Veuillez mettre un film dans cet appareil photo.
6906	corpus-6-train	FR	Les étudiants des collèges américains n'ont pas à travailler aussi dur.
6908	corpus-6-train	FR	Je voudrais prendre ça avec moi.
6910	corpus-6-train	FR	Je vois. C'est le mien. J'appartiens à notre centre de décoration d'intérieur.
6911	corpus-6-train	FR	Quel bus est-ce que je dois prendre pour Hyde Park?
6912	corpus-6-train	FR	Cette bière est plate.
6914	corpus-6-test-corpus-26-train	FR	Je ne peux pas vendre ça sans ordonnance.
6915	corpus-6-train	FR	Oui, c'est ça.
6916	corpus-6-train	FR	Nous voudrions être tous à la même table.
6917	corpus-6-test-corpus-26-train	FR	Puis-je réserver cinq places sur la même rangée?
6918	corpus-6-train	FR	Il n'y a pas assez de gants de toilette.
6919	corpus-6-train	FR	Je pense que ce n'est exact. Pourriez-vous vérifier?
6923	corpus-6-test-corpus-26-test	FR	Pouvez-vous me prêter un câble de remorquage, s'il vous plaît?
6924	corpus-6-train	FR	Il rentre la semaine prochaine.
6926	corpus-6-train	FR	Ma mère est morte.
6927	corpus-6-train	FR	Je voudrais du porto.
6928	corpus-6-train	FR	Emmenez-moi à l'hôpital.
6930	corpus-6-dev	FR	Grand Dieu.
6931	corpus-6-train	FR	Avez-vous ceci dans une couleur vive?
6933	corpus-6-train	FR	Je voudrais un stylo.
6934	corpus-6-train	FR	Pourrais-je avoir du citron pour mon thé, s'il vous plaît?
6935	corpus-6-train	FR	Pourrais-je avoir un reçu, s'il vous plaît?
6936	corpus-6-train	FR	Enchanté également. C'est votre première visite en Amérique?
6937	corpus-6-train	FR	Pourriez-vous échanger ces bottes contre de plus petites?
6939	corpus-6-train	FR	Y a-t-il quelqu'un ici?
6942	corpus-6-train	FR	Mes bagages pèsent trois kilos de trop.
6944	corpus-6-test-corpus-26-train	FR	Quelle voiture est la plus économique?
6945	corpus-6-train	FR	C'est trop cher. N'avez-vous pas un prix plus raisonnable?
6948	corpus-6-train	FR	Je partirai tôt demain matin.
6949	corpus-6-train	FR	Vendez-vous des produits hors taxe à bord?
6950	corpus-6-train	FR	Qui est le réalisateur du film?
6952	corpus-6-train	FR	L'été n'est pas trop mal ici.
6954	corpus-6-train	FR	Je veux acheter ceci.
6955	corpus-6-dev	FR	Suivez le panneau taxi.
6959	corpus-6-train	FR	Oui, vous êtes au milieu de la Cinquième Avenue. Où voulez-vous aller?
6960	corpus-6-test-corpus-26-train	FR	Vous n'aurez pas de réduction, inutile d'insister.
6961	corpus-6-train	FR	Pourquoi avez-vous fait ça?
6964	corpus-6-train	FR	Mon ticket de caisse a été volé aussi.
6965	corpus-6-train	FR	J'ai bien peur que non. Mais je suis sûr que vous apprécierez le déjeuner du jour.
6966	corpus-6-test-corpus-26-train	FR	Pourriez-vous ouvrir ce sac, s'il vous plaît? Qu'est-ce que vous avez là-dedans?
6967	corpus-6-train	FR	Sept heures trente.
6968	corpus-6-train	FR	D'accord. Il est maintenant vingt-trois heures, donc je dois retarder ma montre à dix heures, c'est ça?
6970	corpus-6-test-corpus-26-train	FR	Je voudrais faire un appel longue distance pour l'hôtel Hilton à Boston.
6972	corpus-6-train	FR	Bien, le Remington fera l'affaire.
6975	corpus-6-train	FR	C'est à une heure et demie environ.
6976	corpus-6-train	FR	Pourrais-je avoir un autre verre d'eau?
6978	corpus-6-train	FR	Laissez-moi voir ça.
6979	corpus-6-train	FR	Où se trouve le bureau de change?
6980	corpus-6-train	FR	Veuillez patienter. Je vais demander à M. Imai s'il peut prendre l'appel.
6981	corpus-6-train	FR	Pouvons-nous vous y rendre en moins de dix minutes?
6983	corpus-6-train	FR	Ce curry est fort.
6984	corpus-6-test-corpus-26-test	FR	Les femmes acceptent-elles ça?
6986	corpus-6-train	FR	J'ai un problème avec le sac que j'ai acheté hier.
6987	corpus-6-train	FR	Avez-vous une allergie aux médicaments?
6989	corpus-6-dev	FR	Oui, nous l'avons en noir et en marron.
6990	corpus-6-train	FR	Je voudrais voir un match de football professionnel. Où puis-je acheter un billet?
6991	corpus-6-test-corpus-26-train	FR	Prudence, les plafonds sont bas.
6993	corpus-6-train	FR	Je vous demande pardon? Je ne vous ai pas suivi. Pourriez-vous parler plus lentement pour que je puisse comprendre?
6994	corpus-6-train	FR	Cinq billets de vingt, dix de dix, et le reste en billets d'un dollar, s'il vous plaît.
6996	corpus-6-train	FR	Comment puis-je aller à la Fontaine Columbus?
6998	corpus-6-dev	FR	Veuillez me donner quelque chose d'efficace pour les lèvres. Elles sont gercées par le vent froid.
6999	corpus-6-test-corpus-26-train	FR	Je ne vois pas bien l'écran d'ici. Puis-je changer de place pour un moment?
7002	corpus-6-dev	FR	Y a-t-il des spécialités locales?
7004	corpus-6-train	FR	N'ayez pas peur. Ce chien ne vous mordra pas.
7006	corpus-6-train	FR	Oui, et les dauphins si beaux.
7010	corpus-6-train	FR	Quelle est la fréquence de départ?
7012	corpus-6-train	FR	Je me suis tordu le poignet.
7014	corpus-6-train	FR	Où sont les gilets de sauvetage?
7018	corpus-6-train	FR	Continuez tout droit sur cette route le long de quatre pâtés de maisons, puis tournez à gauche aux feux.
7019	corpus-6-train	FR	Pourriez-vous les envoyer au Japon?
7020	corpus-6-train	FR	J'ai laissé mon portefeuille dans votre magasin.
7021	corpus-6-train	FR	Les trouvez-vous à votre goût?
7022	corpus-6-train	FR	Y a-t-il un vol pour Sydney?
7024	corpus-6-train	FR	Puis-je poursuivre mon voyage à partir de demain?
7025	corpus-6-train	FR	Est-ce que c'est l'espace de retrait des bagages du vol British Airways cent vingt-trois?
7026	corpus-6-train	FR	Je réglerai ma note à sept heures demain matin.
7028	corpus-6-train	FR	Il faudra qu'on se revoie bientôt.
7030	corpus-6-test-corpus-26-train	FR	J'ai visité les Grands Lacs pour la première fois.
7031	corpus-6-train	FR	Oui, je prendrai un whisky-soda avec les hors d'œuvres.
7032	corpus-6-train	FR	Veuillez appeler le numéro d'urgence.
7034	corpus-6-train	FR	Bien sûr. Permettez-moi de déposer cette malle? Où allez-vous?
7035	corpus-6-train	FR	Quelles sont les spécialités de ce restaurant?
7036	corpus-6-train	FR	Excusez-moi. Je me suis enfermé.
7037	corpus-6-train	FR	Avez-vous quelque chose dans un style plus moderne?
7038	corpus-6-train	FR	Où puis-je me procurer des jetons?
7040	corpus-6-train	FR	Pourriez-vous convertir un chèque établi en dollars américains en francs français?
7041	corpus-6-train	FR	Retrouvons-nous demain.
7042	corpus-6-train	FR	Pourquoi ne ferions-nous pas tout cela ensemble?
7046	corpus-6-train	FR	Puis-je plonger quand la mer est agitée?
7048	corpus-6-test-corpus-26-train	FR	Il y a un problème avec le distributeur automatique.
7049	corpus-6-train	FR	Veuillez vous rendre à la douane par là-bas. Bonne journée.
7050	corpus-6-train	FR	Montrez-moi les nouveaux modèles, s'il vous plaît.
7051	corpus-6-train	FR	Avez-vous un thermomètre médical?
7053	corpus-6-train	FR	Les chaussures sont trop petites.
7054	corpus-6-train	FR	Le neuf du mois dernier.
7055	corpus-6-train	FR	Et bien, trois billets de vingt, trois de dix et deux de cinq.
7056	corpus-6-train	FR	Je voudrais goûter à la cuisine japonaise. Est-ce que vous pouvez m'en préparer?
7057	corpus-6-test-corpus-26-train	FR	Je dois voir un médecin.
7062	corpus-6-train	FR	Est-ce que je peux changer à cette place?
7063	corpus-6-train	FR	Oui, nous nous sommes beaucoup amusés.
7064	corpus-6-train	FR	Et en matinée?
7065	corpus-6-dev	FR	Je cherche mes bagages.
7066	corpus-6-train	FR	J'ai changé d'idée. Je voudrais rester trois nuits au lieu de deux.
7067	corpus-6-train	FR	Oh, merci. Betty, pourriez-vous venir, s'il vous plaît?
7068	corpus-6-train	FR	Combien de partis politiques y a-t-il?
7069	corpus-6-train	FR	Rangez-vous.
7070	corpus-6-test-corpus-26-train	FR	Combien de temps a-t-elle passé au Royaume-Uni?
7071	corpus-6-train	FR	Y a-t-il du courrier pour moi?
7073	corpus-6-train	FR	Poste trois cent soixante-sept, s'il vous plaît.
7079	corpus-6-train	FR	Puis-je poursuivre mon voyage?
7080	corpus-6-train	FR	Veuillez être plus prudent à l'avenir.
7081	corpus-6-test-corpus-26-train	FR	Un amoureux de l'avant-garde comme vous apprécierait sans doute les peintures de style hippie et l'ambiance de musique de rue.
7082	corpus-6-train	FR	Bonjour, je voudrais appeler à Tokyo.
7084	corpus-6-train	FR	Oui, mais pourriez-vous mettre vos bagages légers dans le casier à bagages au-dessus de vous?
7085	corpus-6-train	FR	C'est du thé vert.
7086	corpus-6-train	FR	Avez-vous un billet?
7087	corpus-6-dev	FR	Je voudrais une limonade, s'il vous plaît.
7088	corpus-6-train	FR	Acceptez-vous l'argent japonais?
7090	corpus-6-train	FR	Mon compagnon traversait la rue au feu vert.
7091	corpus-6-train	FR	En avez-vous un bleu marine?
7092	corpus-6-train	FR	Pourriez-vous m'aider à porter mes bagages?
7093	corpus-6-train	FR	Ah, merci, mademoiselle Stacey. En fait, Anne a fait ce plum-pudding elle-même.
7094	corpus-6-train	FR	Combien de nuits allez-vous rester?
7095	corpus-6-train	FR	Nous voudrions un café après le dîner, s'il vous plaît.
7096	corpus-6-dev	FR	Ils apprennent avec enthousiasme la dernière mode à la télévision et dans les magazines.
7098	corpus-6-test-corpus-26-train	FR	Quelle heure?
7099	corpus-6-test-corpus-26-dev	FR	Je prendrai un hot dog et un coca.
7100	corpus-6-train	FR	Appelez vite un médecin, s'il vous plaît.
7101	corpus-6-train	FR	Je voudrais un livre pour enfants.
7104	corpus-6-test-corpus-26-dev	FR	Voici l'opérateur pour l'étranger.
7105	corpus-6-train	FR	Où se trouve le comptoir des correspondances de la British Airways?
7106	corpus-6-train	FR	Qu'est-ce qu'ils prennent à la table d'à côté?
7110	corpus-6-train	FR	Je voudrais une chambre pour deux.
7112	corpus-6-train	FR	Pouvez-vous me dire où je peux trouver des légumes en conserve?
7114	corpus-6-train	FR	Avez-vous des tarifs à la semaine?
7115	corpus-6-dev	FR	Un étranger m'a proposé de prendre une photo pour moi, je lui ai donné mon appareil photo et il s'est enfui avec.
7120	corpus-6-train	FR	Oh. Nous sommes enfin dans la Big Apple. Nous devons maintenant prendre le métro pour atteindre le village. Ne faudrait-il pas acheter un plan du métro?
7123	corpus-6-test-corpus-26-train	FR	Vous voyez un bâtiment blanc, n'est-ce pas? C'est en face de ce bâtiment.
7124	corpus-6-train	FR	Comment puis-je me rendre au Centre ABC?
7125	corpus-6-train	FR	Avez-vous du Dom Pérignon?
7126	corpus-6-train	FR	Quelle direction pour aller à l'hôtel Grace?
7128	corpus-6-train	FR	Veuillez prendre deux comprimés après chaque repas.
7129	corpus-6-train	FR	Pourriez-vous parler lentement?
7130	corpus-6-test-corpus-26-test	FR	Depuis quand?
7131	corpus-6-train	FR	Pourriez-vous ouvrir votre sac?
7132	corpus-6-train	FR	Le service d'étage, s'il vous plaît. Le numéro de chambre est mille quinze.
7133	corpus-6-train	FR	"Un cocktail ""sex on the beach"" pour les demoiselles là-bas."
7135	corpus-6-train	FR	Je voudrais une place intérieure sur la ligne de la première base, s'il vous plaît.
7137	corpus-6-test-corpus-26-test	FR	Je n'ai rien à déclarer.
7140	corpus-6-train	FR	Combien?
7142	corpus-6-train	FR	Encore un peu de café, s'il vous plaît.
7143	corpus-6-dev	FR	Avons-nous le temps de visiter l'intérieur de la galerie?
7147	corpus-6-train	FR	Où se trouve le rayon des articles fantaisie?
7151	corpus-6-train	FR	Toutes les places assises sont déjà vendues, mais vous pouvez avoir une place debout.
7154	corpus-6-train	FR	Veuillez rédiger une déclaration de vol.
7155	corpus-6-train	FR	Est-ce que je devrais essayer de peindre mes ongles moi-même à votre avis?
7156	corpus-6-train	FR	Très bien. Voici.
7157	corpus-6-train	FR	Veuillez m'indiquer votre lieu de résidence.
7160	corpus-6-train	FR	Vous voyez, c'est énorme non? Vous pourrez emporter les restes avec vous.
7162	corpus-6-train	FR	Avez-vous un journal?
7163	corpus-6-train	FR	Je voudrais un plan des lignes de bus.
7164	corpus-6-train	FR	J'adore les films qui font pleurer.
7166	corpus-6-train	FR	Avez-vous quelque chose de plus large?
7167	corpus-6-train	FR	Y a-t-il une épicerie fine dans les environs?
7168	corpus-6-train	FR	Veuillez expédier ceci par avion.
7169	corpus-6-train	FR	Le patron de cet hôtel, M. Hilton, m'a donné son nom.
7171	corpus-6-dev	FR	Pourriez-vous le faire à trente livres?
7175	corpus-6-train	FR	Dites-moi pour quelle heure je dois être de retour ici.
7178	corpus-6-train	FR	De six à dix heures.
7182	corpus-6-train	FR	Deux hamburgers.
7184	corpus-6-train	FR	Veuillez m'en montrer un moins cher.
7185	corpus-6-train	FR	Une couleur plus foncée, s'il vous plaît.
7186	corpus-6-train	FR	D'où appelez-vous?
7187	corpus-6-train	FR	J'ai été responsable du personnel pendant longtemps et j'aime donc tout particulièrement parler aux gens.
7189	corpus-6-dev	FR	Nous devons attendre si longtemps? Merci quand même.
7190	corpus-6-train	FR	Le train partira-t-il à l'heure?
7193	corpus-6-train	FR	Pouvez-vous remplir ce formulaire?
7194	corpus-6-train	FR	Je veux plonger dans un endroit peu profond et bien éclairé.
7195	corpus-6-train	FR	Oh, c'est dommage. Peut-être une autre fois alors.
7197	corpus-6-train	FR	Avez-vous des brochures en japonais? J'en voudrais une, s'il vous plaît.
7198	corpus-6-test-corpus-26-dev	FR	Quoi? Il faut payer des taxes quand on a plus de trois bouteilles d'alcool?
7204	corpus-6-train	FR	On ne m'a pas servi le dessert.
7205	corpus-6-train	FR	Pourrais-je en avoir un autre?
7206	corpus-6-test-corpus-26-dev	FR	Mon ami est très malade. Pourriez-vous appeler un médecin, s'il vous plaît?
7207	corpus-6-dev	FR	C'est génial s'ils en savent autant sur le Japon.
7208	corpus-6-train	FR	Environ trois cents livres, s'il vous plaît.
7209	corpus-6-train	FR	Existe-t-il des excursions avec sortie en discothèque?
7211	corpus-6-train	FR	Je voudrais un hamburger, des frites et une limonade.
7212	corpus-6-train	FR	Collez-les.
7213	corpus-6-train	FR	Elle est très jolie.
7215	corpus-6-train	FR	Merci beaucoup. Faites un agréable voyage.
7217	corpus-6-train	FR	Quel est le prix de l'excursion?
7220	corpus-6-train	FR	Combien ça coûte si je laisse la voiture?
7221	corpus-6-train	FR	Je me suis cassé la jambe.
7222	corpus-6-train	FR	Je voudrais une barrette.
7223	corpus-6-train	FR	Maintenant, je vais vous ouvrir les pores grâce à l'appareil à vapeur.
7224	corpus-6-train	FR	Excusez-moi. Je peux entrer? J'ai vu mon sac.
7225	corpus-6-train	FR	Puis-je obtenir un billet pour le ballet ici?
7227	corpus-6-test-corpus-26-test	FR	Je ne m'y connais pas très bien en vins. Qu'est-ce qui va bien avec ce plat?
7228	corpus-6-train	FR	Nous ne pouvons rien vendre sans ordonnance.
7229	corpus-6-train	FR	Avez-vous demandé un berceau pour votre bébé?
7233	corpus-6-test-corpus-26-dev	FR	Pourriez-vous m'appeler tôt le matin, s'il vous plaît?
7235	corpus-6-dev	FR	Je cherche un souvenir pour l'un de mes amis.
7236	corpus-6-train	FR	C'est en cours, Monsieur.
7241	corpus-6-train	FR	Je voudrais un puzzle.
7242	corpus-6-train	FR	En liquide ou par carte?
7243	corpus-6-dev	FR	Je voudrais prendre un bus de tourisme.
7244	corpus-6-dev	FR	Je voudrais louer deux vélos, s'il vous plaît.
7245	corpus-6-train	FR	Combien cela va coûter d'envoyer ce paquet par avion?
7248	corpus-6-test-corpus-26-dev	FR	Il y a une station-essence à deux pâtés de maisons d'ici.
7249	corpus-6-train	FR	Où puis-je trouver le rayon des romans policiers?
7250	corpus-6-train	FR	Je voudrais être assis à côté de mon ami.
7251	corpus-6-dev	FR	Veuillez me donner celui-là. Comment appelez-vous ça?
7253	corpus-6-test-corpus-26-train	FR	Les Japonais ne prennent pas de longues vacances.
7254	corpus-6-train	FR	Où mène cette route?
7258	corpus-6-train	FR	Quand êtes-vous tombé malade?
7259	corpus-6-train	FR	Je ne peux pas me permettre ce prix.
7262	corpus-6-train	FR	Continuez tout droit sur environ trois cents mètres le long de cette rue.
7264	corpus-6-test-corpus-26-train	FR	J'ai l'impression d'être observé. C'est si rare de voir un Japonais?
7269	corpus-6-test-corpus-26-test	FR	Bien sûr que non. Pourquoi dites-vous ça?
7270	corpus-6-test-corpus-26-train	FR	Dans quelle direction se trouve l'entrée de la Poste Centrale?
7272	corpus-6-train	FR	Non, j'ai tout fait moi-même. C'est un de mes loisirs. J'adore le jardinage.
7273	corpus-6-train	FR	Alors je vais payer en dollars et en yens.
7274	corpus-6-test-corpus-26-train	FR	Où se trouve la gare routière Greyhound dans cette ville?
7275	corpus-6-train	FR	Je veux un laxatif.
7276	corpus-6-train	FR	Ce téléphérique vous amènera à l'hôtel.
7278	corpus-6-train	FR	Veuillez envoyer ceci par recommandé. C'est combien en tout?
7280	corpus-6-train	FR	Composez le neuf pour une ligne extérieure puis huit un pour le Japon, trois pour Tokyo, et enfin le numéro de téléphone.
7281	corpus-6-test-corpus-26-train	FR	Mais les restaurants japonais ne sont-ils pas chers à Kyoto?
7283	corpus-6-train	FR	Excusez-moi. J'enlève mes affaires tout de suite.
7284	corpus-6-train	FR	Puis-je la rendre dans une autre ville?
7286	corpus-6-train	FR	A quelle distance sommes-nous de l'hôtel ici?
7287	corpus-6-train	FR	Je resterai trois nuits.
7288	corpus-6-train	FR	Les mains en l'air. Tais-toi et donne-moi ton argent.
7289	corpus-6-test-corpus-26-train	FR	Je crois que c'est un peu fort pour moi.
7291	corpus-6-test-corpus-26-test	FR	Nous avons une chambre à deux lits avec baignoire pour quatre-vingt-cinq dollars.
7294	corpus-6-train	FR	Nous servons des sandwiches et des boissons de vingt-trois heures à six heures.
7295	corpus-6-train	FR	Je pars une nuit plus tôt.
7296	corpus-6-train	FR	A plus tard. Appelle-moi demain.
7297	corpus-6-dev	FR	Pourriez-vous annuler ma réservation?
7301	corpus-6-dev	FR	Vous êtes dans un état d'épuisement avancé.
7303	corpus-6-train	FR	Où dois-je changer de train?
7305	corpus-6-test-corpus-26-train	FR	Je veux le tarif recommandé.
7306	corpus-6-train	FR	Je voudrais deux œufs brouillés avec du bacon, des pommes de terres sautées, des toasts et du café.
7308	corpus-6-train	FR	Oui, s'il vous plaît. Est-ce un film japonais?
7311	corpus-6-train	FR	Cela fait des lustres que nous ne nous sommes pas vus.
7314	corpus-6-test-corpus-26-test	FR	Il fait plus froid que d'habitude cette année, mais pas assez froid pour neiger.
7315	corpus-6-train	FR	Qu'arrivera-t-il si on ne le retrouve pas?
7321	corpus-6-test-corpus-26-train	FR	Où puis-je acheter un ticket de métro?
7327	corpus-6-train	FR	Il se peut que nous ayons une table libre vers vingt et une heures.
7331	corpus-6-train	FR	Donc deux pâtés de maisons, puis la première à gauche?
7332	corpus-6-train	FR	Quoi. Vous voulez dire que les Japonais mangent ça?
7333	corpus-6-dev	FR	Où puis-je trouver des couverts?
7334	corpus-6-train	FR	Oh, vous avez raison. C'est vraiment bon. Je suis sûr que je reviendrai demain.
7335	corpus-6-test-corpus-26-train	FR	J'aurai des places en classe affaires, c'est ça?
7336	corpus-6-train	FR	Je voudrais un shampoing colorant.
7338	corpus-6-train	FR	C'est ça. L'acteur est vraiment génial.
7340	corpus-6-train	FR	Certainement. Je l'apporte immédiatement.
7341	corpus-6-train	FR	Pour le moment, pouvez-vous me donner un peu d'argent pour acheter le strict nécessaire.
7342	corpus-6-train	FR	Combien de temps ça va durer?
7343	corpus-6-test-corpus-26-train	FR	Quel est le prix d'une course en taxi entre cet hôtel et la gare?
7344	corpus-6-train	FR	Je voudrais faire envoyer ceci au Japon le plus rapidement possible.
7345	corpus-6-train	FR	Et bien, oui et non.
7348	corpus-6-train	FR	Quel genre de jouets y a-t-il comme souvenirs d'Angleterre?
7349	corpus-6-test-corpus-26-train	FR	Pourrais-je avoir ceci et ceci, s'il vous plaît?
7353	corpus-6-train	FR	Je voudrais un panier de pique-nique.
7355	corpus-6-train	FR	Kyushu est une grande île au Sud du Japon.
7357	corpus-6-train	FR	Quarante-deuxième rue.
7361	corpus-6-train	FR	Je suis désolé. Encore une fois, s'il vous plaît.
7366	corpus-6-train	FR	Quel est le montant du service?
7368	corpus-6-train	FR	Je voudrais un jus de fruit.
7372	corpus-6-train	FR	Je suis venu rendre visite à un ami japonais.
7373	corpus-6-train	FR	Génial.
7374	corpus-6-train	FR	Quelle est votre profession?
7378	corpus-6-train	FR	Je voudrais un fauteuil d'orchestre.
7379	corpus-6-train	FR	Quel genre de douleur?
7380	corpus-6-train	FR	Je suis désolé d'avoir commis une erreur. Quelle sorte de scotch désirez-vous?
7381	corpus-6-test-corpus-26-train	FR	On dit que le Japon est un pays très riche.
7384	corpus-6-dev	FR	Je voudrais faire une excursion où je pourrais apprendre à jardiner.
7385	corpus-6-train	FR	Désirez-vous boire quelque chose avant le dîner?
7386	corpus-6-test-corpus-26-train	FR	Y a-t-il des chambres libres dans les wagons-couchettes?
7388	corpus-6-train	FR	Je voudrais un shampoing et un brushing.
7389	corpus-6-train	FR	Ce train s'arrête-t-il à Bath?
7390	corpus-6-train	FR	Quelle est la procédure pour faire enregistrer cet objet?
7391	corpus-6-test-corpus-26-dev	FR	Pourriez-vous réduire le prix à vingt dollars, s'il vous plaît?
7393	corpus-6-train	FR	Veuillez vous arrêter et attendre pendant que je prends une photo du Pont de Waterloo.
7394	corpus-6-train	FR	J'ai une chambre double avec des lits jumeaux.
7395	corpus-6-test-corpus-26-train	FR	C'est un cadeau pour un ami.
7396	corpus-6-train	FR	Il était cassé quand je l'ai sorti de sa boîte.
7398	corpus-6-train	FR	Une place réservée, s'il vous plaît.
7399	corpus-6-train	FR	Puis-je voir la chambre?
7400	corpus-6-train	FR	Et nous nous attendons à de la pluie ce soir.
7402	corpus-6-train	FR	Je voudrais du lait chaud, s'il vous plaît.
7404	corpus-6-train	FR	Je voudrais un flash électronique.
7406	corpus-6-train	FR	Je suis désolé, mais je n'ai rien bu. Veuillez rectifier mon compte.
7407	corpus-6-dev	FR	Veuillez le manger avec cette sauce.
7408	corpus-6-train	FR	Désirez-vous prendre le PAI/PEC, une assurance collision sans franchise et un supplément d'assurance responsabilité civile?
7409	corpus-6-train	FR	Puis-je faire l'excursion dès maintenant?
7411	corpus-6-train	FR	Où se trouve le cabaret?
7412	corpus-6-test-corpus-26-train	FR	La neige rend le chemin glissant.
7413	corpus-6-train	FR	Félicitations pour votre cinquantième anniversaire de mariage.
7414	corpus-6-test-corpus-26-train	FR	Je ne trouve pas mon appareil photo.
7415	corpus-6-train	FR	Rien de cassé?
7416	corpus-6-test-corpus-26-test	FR	Je prendrai deux sandwiches au jambon.
7417	corpus-6-train	FR	Je voudrais cent dollars en jetons, s'il vous plaît.
7418	corpus-6-train	FR	J'adore le décor.
7419	corpus-6-train	FR	Le bleu est très à la mode cette année.
7420	corpus-6-train	FR	En hiver, la neige tombe dans la partie nord du Japon et dans les régions montagneuses.
7423	corpus-6-dev	FR	Excusez-moi. Je ne trouve pas mon appareil photo.
7425	corpus-6-train	FR	Voulez-vous regarder s'il a été restitué, s'il vous plaît?
7426	corpus-6-train	FR	Avez-vous quelque chose d'autre pour environ quatre-vingts dollars?
7429	corpus-6-train	FR	Je m'inquiète un peu de savoir si je plonge bien.
7430	corpus-6-train	FR	Laissez-moi prendre les balles.
7431	corpus-6-train	FR	Oui, je voudrais louer une voiture.
7432	corpus-6-train	FR	Excusez-moi, mais cette place est-elle prise?
7433	corpus-6-train	FR	Ça aidera.
7436	corpus-6-train	FR	Que faites-vous?
7438	corpus-6-test-corpus-26-train	FR	Avez-vous quelque chose à déclarer?
7439	corpus-6-test-corpus-26-train	FR	Avez-vous vu un manteau bleu? Je l'ai posé sur cette chaise.
7440	corpus-6-train	FR	Nous allions trop vite pour prendre les photos.
7442	corpus-6-train	FR	D'accord, je le ferai.
7443	corpus-6-train	FR	J'espère soit obtenir un poste d'enseignant, soit poursuivre une maîtrise en psychologie.
7445	corpus-6-train	FR	Je cherche une crème légère. J'ai la peau très grasse.
7449	corpus-6-train	FR	Ça a été un plaisir de discuter avec vous.
7453	corpus-6-train	FR	Pouvez-vous m'apporter un magazine japonais?
7454	corpus-6-train	FR	De la salade, s'il vous plaît.
7455	corpus-6-train	FR	Avez-vous une excursion d'une journée complète?
7457	corpus-6-train	FR	Avez-vous le Voice?
7459	corpus-6-train	FR	Appel international vers le Japon.
7461	corpus-6-train	FR	Non, veuillez l'apporter dans trente minutes.
7462	corpus-6-train	FR	Les bus sont-ils bon marché?
7463	corpus-6-train	FR	Oui, je m'assurerai qu'il les reçoive.
7465	corpus-6-train	FR	Trente-deuxième Rue.
7466	corpus-6-train	FR	Très bien. Pourrions-nous avoir deux billets?
7467	corpus-6-train	FR	A quelle heure est la correspondance pour Paris?
7468	corpus-6-train	FR	Veuillez ranger vos effets personnels sous le siège, s'il vous plaît.
7470	corpus-6-test-corpus-26-test	FR	Il y a une boutique de fleurs de l'autre côté de l'avenue.
7471	corpus-6-train	FR	Quel est le but de votre voyage?
7472	corpus-6-train	FR	Je voudrais une barre de chocolat.
7474	corpus-6-train	FR	Avez-vous du jus de fruit?
7477	corpus-6-train	FR	Il y a un problème avec l'ampoule du flash.
7478	corpus-6-test-corpus-26-train	FR	Je viens de Tokyo.
7479	corpus-6-test-corpus-26-train	FR	Je veux un après-shampoing Revlon.
7485	corpus-6-test-corpus-26-train	FR	J'ai du linge pour la blanchisserie.
7488	corpus-6-train	FR	Je voudrais réserver une chambre double de demain à lundi.
7489	corpus-6-dev	FR	Une permanente pas trop serrée, s'il vous plaît.
7490	corpus-6-train	FR	Le service est-il compris?
7492	corpus-6-train	FR	Génial. J'adorerais venir.
7493	corpus-6-train	FR	Puis-je poursuivre mon voyage?
7495	corpus-6-train	FR	Montrez-moi quelque chose de moins cher, s'il vous plaît.
7497	corpus-6-train	FR	C'est trop cher. Montrez m'en un moins cher, s'il vous plaît.
7499	corpus-6-train	FR	Oui. Une bouteille de bière, s'il vous plaît.
7500	corpus-6-train	FR	Je pense que nous allons manquer de temps.
7503	corpus-6-train	FR	Pourriez-vous vérifier à nouveau, s'il vous plaît?
7504	corpus-6-train	FR	Allez, hue.
7507	corpus-6-test-corpus-26-dev	FR	Je l'ai commandé il y a très longtemps.
7508	corpus-6-train	FR	Je voudrais modifier ma réservation.
7509	corpus-6-train	FR	Oui, il y en a un dans cet hôtel.
7511	corpus-6-train	FR	La date de départ, s'il vous plaît.
7514	corpus-6-train	FR	Où dois-je changer de train pour aller à San Diego?
7515	corpus-6-dev	FR	C'est très aimable à vous de venir alors que vous êtes si occupé.
7516	corpus-6-train	FR	Je ne connais rien de cette peau de serpent.
7517	corpus-6-train	FR	Je vois. Veuillez vous asseoir, s'il vous plaît.
7518	corpus-6-dev	FR	Mon grand-père a eu une crise cardiaque hier soir.
7519	corpus-6-train	FR	D'accord. Pouvez-vous me donner la date et le numéro du vol?
7521	corpus-6-train	FR	Pourrais-je avoir une autre fourchette, s'il vous plaît?
7522	corpus-6-train	FR	A quelle heure se termine la représentation?
7524	corpus-6-dev	FR	A quelle heure pouvons-nous dîner?
7527	corpus-6-train	FR	Je crains que vous ne m'en demandiez un petit peu trop.
7528	corpus-6-dev	FR	Les conditions climatiques sont incertaines. Veuillez attacher vos ceintures, s'il vous plaît.
7529	corpus-6-train	FR	Bien plus avant. J'en fais encore de temps en temps pour garder la main.
7531	corpus-6-train	FR	Qui est cette dame?
7532	corpus-6-dev	FR	Ma destination est Tokyo.
7533	corpus-6-test-corpus-26-dev	FR	Pouvez-vous faire venir un porteur à six heures, s'il vous plaît?
7535	corpus-6-dev	FR	Oui, je suis un touriste.
7536	corpus-6-train	FR	Nous devons vous diriger vers une autre ville.
7537	corpus-6-train	FR	Puis-je descendre en chemin?
7540	corpus-6-train	FR	C'était à la mi-octobre au plus tôt.
7543	corpus-6-dev	FR	Où puis-je trouver des sacs en cuir?
7544	corpus-6-train	FR	Je suis allergique au pollen.
7545	corpus-6-dev	FR	"Je voudrais le ""fish and chips"", s'il vous plaît."
7546	corpus-6-train	FR	Avez-vous un vol pour Tokyo vendredi?
7549	corpus-6-test-corpus-26-train	FR	Je prendrai du chocolat chaud.
7550	corpus-6-test-corpus-26-train	FR	Nous pouvons nous arranger pour faire nettoyer votre chambre.
7552	corpus-6-dev	FR	Non, je n'ai vu personne autour de moi.
7554	corpus-6-train	FR	Une cartouche de cigarettes Lark, s'il vous plaît.
7555	corpus-6-train	FR	J'ai besoin d'une attestation de police pour mon assurance. Quand sera-t-elle disponible?
7556	corpus-6-train	FR	Une voiture compacte, s'il vous plaît. Quel est le tarif de la location par jour?
7558	corpus-6-train	FR	Absolument. Même un petit enfant n'aurait aucun problème à y répondre.
7559	corpus-6-train	FR	Oui, c'est parfait.
7560	corpus-6-train	FR	Voulez-vous que je répète encore une fois?
7564	corpus-6-dev	FR	Il est le dernier à raconter des mensonges.
7565	corpus-6-train	FR	C'est pour vous, si vous l'acceptez.
7566	corpus-6-train	FR	Pourrais-je voir la carte des vins, s'il vous plaît?
7567	corpus-6-train	FR	Quel genre de business?
7568	corpus-6-train	FR	Bonjour. Je suis désolé mais il est actuellement en réunion.
7570	corpus-6-train	FR	Je voudrais aller au musée. Quel bus dois-je prendre?
7571	corpus-6-train	FR	Alors, j'en prendrai deux, s'il vous plaît.
7572	corpus-6-train	FR	Merci de me recevoir.
7573	corpus-6-train	FR	J'ai besoin d'un médecin, vite.
7574	corpus-6-test-corpus-26-train	FR	Un spécial, s'il vous plaît.
7581	corpus-6-train	FR	Excusez-moi. Je voudrais aller au zoo du Bronx. Quel est le meilleur moyen pour s'y rendre?
7583	corpus-6-test-corpus-26-train	FR	Combien est-ce jusqu'à l'hôtel C?
7584	corpus-6-train	FR	Nous vous informerons dès que nous l'aurons trouvé.
7585	corpus-6-dev	FR	Connaissez-vous une discothèque où les jeunes filles peuvent aller en toute sécurité?
7586	corpus-6-train	FR	Nous avons droit à combien de kilos de bagage sur ce vol?
7587	corpus-6-train	FR	Tenez, c'est gratuit.
7589	corpus-6-train	FR	Lundi.
7590	corpus-6-train	FR	Votre passeport et votre formulaire de déclaration en douane, s'il vous plaît. Quelque chose à déclarer?
7592	corpus-6-train	FR	Y a-t-il quelque chose que vous voudriez voir?
7593	corpus-6-train	FR	Veuillez les laisser à l'extérieur de votre chambre demain matin, s'il vous plaît.
7594	corpus-6-train	FR	Attendez en face du comptoir d'informations, s'il vous plaît.
7595	corpus-6-dev	FR	Je voudrais un radio-réveil, s'il vous plaît.
7596	corpus-6-train	FR	Il est absent.
7600	corpus-6-dev	FR	Environ un mois, Monsieur.
7603	corpus-6-train	FR	Y a-t-il une station de lavage automatique pour les voitures?
7604	corpus-6-train	FR	Il y a une bosse sur la portière avant-droite.
7606	corpus-6-train	FR	Servent-ils des repas?
7608	corpus-6-train	FR	Est-ce que je peux payer aussi en marks allemands?
7610	corpus-6-train	FR	Quel est l'âge minimum pour pouvoir voter au Japon?
7612	corpus-6-test-corpus-26-test	FR	Puis-je avoir un billet multiple?
7616	corpus-6-train	FR	C'est du pure laine.
7620	corpus-6-train	FR	Est-ce que je pourrais vous rappeler plus tard?
7622	corpus-6-test-corpus-26-train	FR	Je voudrais réserver une table pour quatorze à dix-neuf heures, s'il vous plaît.
7624	corpus-6-train	FR	Quelles sont ses heures d'ouverture et de fermeture?
7626	corpus-6-test-corpus-26-train	FR	Je voudrais de la crème de nuit.
7627	corpus-6-test-corpus-26-train	FR	Pourriez-vous faire un emballage-cadeau?
7630	corpus-6-train	FR	Non merci, je ne peux pas. En réalité, je fréquente déjà quelqu'un.
7632	corpus-6-train	FR	A quelle gare dois-je changer pour me rendre à Soho?
7633	corpus-6-train	FR	Je voudrais des médicaments forts pour soigner mon rhume.
7635	corpus-6-train	FR	Faut-il se mettre sur son trente et un?
7636	corpus-6-test-corpus-26-train	FR	Il est trois heures quinze.
7639	corpus-6-train	FR	Pouvez-vous être à Broadway pour sept heures?
7641	corpus-6-train	FR	Y a-t-il des places pour ce soir?
7643	corpus-6-train	FR	Qu'est-ce que cela veut dire?
7647	corpus-6-train	FR	La limite est de vingt kilos pour un passager en classe économique.
7648	corpus-6-train	FR	Je voudrais régler ma note.
7650	corpus-6-test-corpus-26-train	FR	Je prévoie d'envoyer les factures correspondant à mes dépenses de première nécessité, donc veuillez me donner l'adresse et le nom de la personne responsable.
7653	corpus-6-train	FR	Lors de ma prochaine visite, je reviendrai à coup sûr. Je peux avoir une réduction alors?
7654	corpus-6-train	FR	Pourriez-vous me le commander, s'il vous plaît?
7655	corpus-6-train	FR	Et bien, il se prépare pour ses examens d'entrée à l'université.
7656	corpus-6-test-corpus-26-test	FR	C'est difficile pour nous de parler anglais couramment.
7657	corpus-6-train	FR	Oui, le Jour de Commémoration de la Bombe Atomique et le Jour du Souvenir.
7658	corpus-6-train	FR	Ils ne doivent pas regarder d'émissions télévisées violentes.
7659	corpus-6-train	FR	Quel est le film le plus récent et le plus populaire?
7660	corpus-6-train	FR	Ça fait déjà un an? Le temps passe sivite. Bien sûr que je viendrai. Dis-moi juste l'endroit et l'heure.
7662	corpus-6-test-corpus-26-train	FR	Avez-vous celles-ci dans le même modèle avec des talons plus hauts?
7663	corpus-6-test-corpus-26-train	FR	Je voudrais un pull pour un garçon de dix ans.
7665	corpus-6-train	FR	Y a-t-il des restaurants ouverts en ce moment?
7667	corpus-6-train	FR	Puis-je m'asseoir où je veux?
7668	corpus-6-train	FR	Je suis désolé de vous déranger.
7669	corpus-6-train	FR	J'ai peur que vous vous soyez trompé d'un chiffre. Je vous ai donné un billet de vingt.
7670	corpus-6-dev	FR	J'ai hâte de vous revoir.
7671	corpus-6-test-corpus-26-train	FR	Emmenez-moi à Abbey Road, s'il vous plaît.
7672	corpus-6-train	FR	C'est tout ce que je veux.
7674	corpus-6-train	FR	Pourriez-vous envoyer quelqu'un ici immédiatement?
7676	corpus-6-train	FR	Veuillez m'apporter un petit déjeuner, s'il vous plaît.
7677	corpus-6-train	FR	Vous en avez fait un voyage mémorable.
7680	corpus-6-train	FR	Pouvez-vous me donner une estimation des frais?
7684	corpus-6-test-corpus-26-dev	FR	Merci. Bonjour, merci de votre patience.
7686	corpus-6-train	FR	Oui. Mais ils sont très difficiles dans un sens.
7689	corpus-6-train	FR	Je prendrai la meilleure place que vous avez, s'il vous plaît.
7693	corpus-6-test-corpus-26-train	FR	Je suis sûr d'avoir réservé.
7699	corpus-6-train	FR	Un télégramme vierge, s'il vous plaît.
7700	corpus-6-train	FR	J'ai inclus le pourboire dans l'addition.
7701	corpus-6-train	FR	A l'hôtel, s'il vous plaît.
7703	corpus-6-train	FR	Tokyo zéro trois cent trente-deux quatre-vingt-onze cinquante-huit trente-cinq, M. Harada.
7704	corpus-6-train	FR	Une vinaigrette, s'il vous plaît.
7705	corpus-6-train	FR	Veuillez m'emmener à l'aéroport A, s'il vous plaît.
7708	corpus-6-test-corpus-26-train	FR	Je vais vous l'envoyer, si vous voulez bien patienter ici.
7712	corpus-6-test-corpus-26-dev	FR	Nous sommes ici pour une journée.
7717	corpus-6-dev	FR	Je voudrais du savon.
7720	corpus-6-train	FR	Nous voudrions jouer au tennis. Y a-t-il des courts publics dans les environs?
7721	corpus-6-test-corpus-26-train	FR	J'ai un léger mal de tête.
7723	corpus-6-dev	FR	Pourriez-vous me montrer des vêtements pour enfants, s'il vous plaît.
7724	corpus-6-train	FR	Pourriez-vous me recommander un bon restaurant près d'ici?
7725	corpus-6-train	FR	C'est une grande valise noire.
7726	corpus-6-train	FR	Je dois avoir composé le mauvais numéro.
7727	corpus-6-train	FR	Pour trois. Et votre nom, s'il vous plaît.
7730	corpus-6-train	FR	Quand pensez-vous que ça ira mieux?
7732	corpus-6-train	FR	C'est amusant de vous rencontrer ici.
7734	corpus-6-train	FR	Je suis ici en vacances d'été.
7735	corpus-6-train	FR	Je voudrais acheter des souvenirs pour mes amis.
7736	corpus-6-test-corpus-26-train	FR	J'ai beaucoup apprécié le repas.
7737	corpus-6-train	FR	Puis-je les prendre maintenant?
7738	corpus-6-train	FR	Comment puis-je régler la ventilation?
7740	corpus-6-train	FR	Puis-je m'asseoir à côté de vous?
7741	corpus-6-train	FR	Quel plat accompagne-t-il particulièrement bien?
7743	corpus-6-dev	FR	Je ne connais pas encore mon adresse. Mais je compte séjourner dans un hôtel de San Francisco.
7744	corpus-6-train	FR	Je n'arrive pas à dormir à cause de l'enfant bruyant derrière moi. Pourriez-vous l'avertir, s'il vous plaît?
7746	corpus-6-train	FR	Dans la plupart des cas, vous auriez un gros désavantage.
7750	corpus-6-train	FR	Mon poignet me fait mal.
7751	corpus-6-train	FR	Non. Tournez simplement à gauche. Voici le camion. Là. Montez cette petite route là-bas. Voilà, arrêtez-vous ici.
7752	corpus-6-train	FR	Descendez à Victoria Station et prenez la ligne Est-Ouest.
7753	corpus-6-train	FR	C'est déchiré. Veuillez augmenter la réduction.
7755	corpus-6-train	FR	Combien de temps faut-il pour aller au Japon?
7756	corpus-6-test-corpus-26-train	FR	Non, veuillez prendre un siège et patienter, s'il vous plaît. Je reviens tout de suite.
7757	corpus-6-train	FR	Où pourrai-je changer de voitures?
7758	corpus-6-train	FR	Je suis allergique à l'aspirine.
7759	corpus-6-train	FR	Puis-je vous aider à chercher quelque chose en particulier?
7761	corpus-6-test-corpus-26-test	FR	Pourrais-je voir la voiture?
7762	corpus-6-train	FR	Retrouvons-nous au restaurant.
7764	corpus-6-train	FR	Tu as trois fois plus de livres que moi.
7766	corpus-6-train	FR	Il fait environ un mètre soixante-dix et il est chauve.
7767	corpus-6-test-corpus-26-train	FR	Pourriez-vous me dessiner un plan, s'il vous plaît?
7770	corpus-6-train	FR	J'ai envie de boire de la bière avec une telle chaleur.
7772	corpus-6-train	FR	Puis-je avoir mon petit déjeuner maintenant?
7775	corpus-6-train	FR	Voici mon permis de conduire international.
7776	corpus-6-train	FR	Je voudrais de la crème pour les mains.
7777	corpus-6-dev	FR	Pourriez-vous noter votre adresse ici?
7779	corpus-6-train	FR	Désolé, c'est complet ce soir. Mais il nous reste quelques places pour demain soir.
7780	corpus-6-train	FR	Ce verre à vin peut-il aller au lave-vaisselle?
7783	corpus-6-train	FR	Sont-ils très forts?
7784	corpus-6-train	FR	Oh, mince.
7785	corpus-6-train	FR	J'ai perdu une boucle d'oreille quelque part par ici.
7786	corpus-6-train	FR	J'ai une correspondance sur le vol Delta Airlines deux cent quinze.
7787	corpus-6-train	FR	Je pense que j'ai touché du corail venimeux.
7788	corpus-6-train	FR	Avez-vous des loges?
7789	corpus-6-test-corpus-26-test	FR	D'accord, Monsieur. Veuillez rester dans votre chambre jusqu'à l'arrivée du médecin.
7795	corpus-6-train	FR	J'ai laissé mon sac ici, et maintenant il a disparu.
7798	corpus-6-train	FR	Je voudrais de la laitue.
7801	corpus-6-dev	FR	Certainement. Pour quelle heure désirez-vous réserver? Combien de personnes?
7802	corpus-6-dev	FR	Vous êtes censé tenir votre gauche.
7806	corpus-6-train	FR	Que savez-vous à ce sujet?
7807	corpus-6-train	FR	Maintenant, quelle sortie dois-je prendre pour aller vers Carnegie Hall?
7811	corpus-6-test-corpus-26-train	FR	J'ai été agressé à Waimanalo Beach. Venez tout de suite s'il vous plaît.
7812	corpus-6-test-corpus-26-train	FR	Que diriez-vous de cent dollars?
7813	corpus-6-train	FR	Est-il permis d'utiliser les courts de tennis?
7814	corpus-6-test-corpus-26-train	FR	Je le voudrais emballé.
7817	corpus-6-dev	FR	Je voudrais vous inviter à déjeuner.
7818	corpus-6-train	FR	Puis-je payer à la table?
7819	corpus-6-train	FR	Où l'avez-vous vu pour la dernière fois?
7820	corpus-6-train	FR	Donnez-moi une clé à tuyau, s'il vous plaît.
7821	corpus-6-train	FR	J'ai oublié ma montre dans le train.
7823	corpus-6-train	FR	Oui, Monsieur. Juste un instant. Tenez.
7824	corpus-6-train	FR	Il n'est pas encore arrivé?
7826	corpus-6-train	FR	Quand dois-je partir d'ici pour un vol de midi?
7827	corpus-6-train	FR	Il fait chaud ce matin, n'est-ce pas?
7828	corpus-6-train	FR	Ouais, en effet. Je ne comprends rien de ce qui disent les gens autour de nous.
7829	corpus-6-train	FR	Envoyez-moi une ambulance, s'il vous plaît.
7830	corpus-6-train	FR	Y a-t-il des sites connus?
7831	corpus-6-test-corpus-26-train	FR	Je veux faire refaire ma carte.
7832	corpus-6-train	FR	Pourriez-vous me montrer où je me trouve sur ce plan, s'il vous plaît?
7833	corpus-6-train	FR	Oui. Mais je n'aime pas les sucrés.
7834	corpus-6-test-corpus-26-train	FR	Le gouvernement a soutenu la promotion des industries.
7835	corpus-6-train	FR	Bien, laissez-moi réfléchir. C'est trop pour mon budget.
7837	corpus-6-train	FR	Quel genre de cuisine allons-nous avoir au déjeuner aujourd'hui?
7838	corpus-6-test-corpus-26-train	FR	Il a plus de cinquante ans, je pense.
7839	corpus-6-train	FR	La télévision est là-bas et voici la télécommande.
7841	corpus-6-train	FR	Je suis désolé, mais j'ai bien peur que vous deviez le garder vous-même.
7843	corpus-6-train	FR	Continuez tout droit jusqu'à ce que vous arriviez à Hope Street.
7844	corpus-6-train	FR	Je veux acheter celui-là.
7845	corpus-6-train	FR	Voici la clé et voici le contrat.
7846	corpus-6-train	FR	Puis-je changer pour aller dans la zone fumeur?
7847	corpus-6-train	FR	Pourriez-vous envoyer un taxi au vingt-trois, Brown Street.
7849	corpus-6-train	FR	Nous n'avons pas commandé ceci.
7851	corpus-6-train	FR	Un verre de champagne, s'il vous plaît.
7852	corpus-6-train	FR	Et bien, il faut quinze minutes à pied d'ici.
7854	corpus-6-train	FR	Une autre tasse, s'il vous plaît.
7858	corpus-6-test-corpus-26-dev	FR	Quel est l'âge minimum pour le faire?
7859	corpus-6-train	FR	Je voudrais réserver des chambres.
7860	corpus-6-test-corpus-26-train	FR	Avez-vous des plans simples de la ville?
7861	corpus-6-train	FR	Que diriez-vous d'un beau bracelet pour aller avec?
7862	corpus-6-train	FR	Dans quelle allée se trouvent les cosmétiques?
7863	corpus-6-train	FR	Pourriez-vous me mettre en relation avec le service d'exportation, s'il vous plaît?
7866	corpus-6-train	FR	Je crois que vous ne m'avez pas rendu le bon montant, pourriez-vous vérifier?
7867	corpus-6-test-corpus-26-test	FR	Si possible, je préférerais qu'on n'enlève pas la dent.
7868	corpus-6-train	FR	Qui est sur la butte pour les Cincinnati Reds?
7870	corpus-6-train	FR	Une latte courte, s'il vous plaît.
7871	corpus-6-test-corpus-26-dev	FR	On en est à une balle, deux prises.
7873	corpus-6-train	FR	Le Club Subtropicana est bien. Il reste ouvert jusqu'à deux heures du matin. L'équipe vous appellera un taxi quand vous serez prêt à partir.
7874	corpus-6-train	FR	Les adolescents japonais s'intéressent à la mode.
7876	corpus-6-train	FR	Je n'utiliserai pas le flash.
7877	corpus-6-train	FR	Pouvez-vous vérifier les pneus.
7879	corpus-6-train	FR	J'ai tout juste commencé à prendre des leçons. C'est tellement difficile.
7882	corpus-6-dev	FR	Où se trouve la porte d'embarquement pour le vol Japan Air Lines deux cent quatorze.
7883	corpus-6-test-corpus-26-train	FR	A quelle heure le train arrivera-t-il à San Diego, s'il vous plaît?
7884	corpus-6-train	FR	Avant, je fumais tous les jours.
7887	corpus-6-train	FR	Je suis monté dans le mauvais train.
7890	corpus-6-train	FR	Puis-je avoir des vignettes pour le courrier par avion?
7891	corpus-6-train	FR	Combien accepteriez-vous de payer pour ceci?
7892	corpus-6-train	FR	Je ne le veux pas trop épicé.
7893	corpus-6-train	FR	Quand votre vol part-il pour San Francisco?
7896	corpus-6-train	FR	Je ne trouve pas cette sortie.
7898	corpus-6-train	FR	Je voudrais cinquante grammes de cette viande en tranches, s'il vous plaît.
7899	corpus-6-train	FR	Avez-vous un billet retour pour le Japon?
7901	corpus-6-train	FR	Pourriez-vous me dire comment passer un coup de fil?
7903	corpus-6-train	FR	Je voudrais une autre couleur, s'il vous plaît.
7907	corpus-6-train	FR	Il ne faut pas courir deux lièvres à la fois.
7908	corpus-6-train	FR	Je suis d'accord avec votre idée, à condition que la date d'achèvement de l'usine puisse être garantie.
7909	corpus-6-train	FR	Pourriez-vous me prendre un billet, s'il vous plaît?
7911	corpus-6-train	FR	Dites-le lentement.
7912	corpus-6-train	FR	Ce n'est pas propre.
7913	corpus-6-test-corpus-26-train	FR	Je voudrais jeter un œil à votre loge.
7917	corpus-6-train	FR	Je voudrais réserver une partie de golf pour demain matin.
7922	corpus-6-train	FR	Servez-vous du gâteau. Il est fait maison.
7924	corpus-6-train	FR	Allez-vous fouiller ce sac aussi?
7925	corpus-6-test-corpus-26-train	FR	Je voudrais du shampoing.
7927	corpus-6-train	FR	Exact. Dans notre langue, sakana, qui signifie poisson, vient de la combinaison de saka, ou saké, et na, du poisson mangé spécialement quand on boit du saké.
7928	corpus-6-train	FR	Express, s'il vous plaît.
7929	corpus-6-train	FR	Pouvez-vous passer me prendre à l'hôtel?
7930	corpus-6-train	FR	Il aura lieu le vendredi vingt-trois.
7931	corpus-6-train	FR	Depuis quand avez-vous ces maux de tête?
7934	corpus-6-train	FR	Je voudrais une place à l'orchestre.
7935	corpus-6-train	FR	Je ne sais pas comment remplir ce formulaire.
7936	corpus-6-train	FR	Vous devriez l'essayer dans une couleur plus claire, je pense.
7937	corpus-6-train	FR	A quel étage se trouve le rayon chaussures pour dames?
7938	corpus-6-dev	FR	Sous le siège, en face de vous.
7941	corpus-6-train	FR	Jusqu'à quelle heure le grand magasin reste-t-il ouvert?
7942	corpus-6-train	FR	Vous n'avez pas à me remercier.
7947	corpus-6-test-corpus-26-train	FR	Je suis descendu à l'hôtel Hilton.
7948	corpus-6-test-corpus-26-train	FR	Je ne me sens pas bien et j'ai des nausées.
7950	corpus-6-train	FR	C'est plus que je ne m'attendais à payer.
7951	corpus-6-train	FR	Je voudrais prendre rendez-vous pour dix-sept heures aujourd'hui.
7952	corpus-6-train	FR	Y a-t-il un barbier dans l'hôtel?
7953	corpus-6-train	FR	A partir de quelle heure prenez-vous le linge demain matin?
7954	corpus-6-train	FR	C'est un saphir. Nous n'avons qu'une broche de ce genre et c'est l'un de mes pendentifs préférés. Voulez-vous l'essayer?
7955	corpus-6-train	FR	Faites-moi savoir les frais plus tard, s'il vous plaît.
7956	corpus-6-train	FR	Quelle direction indique-t-il?
7957	corpus-6-test-corpus-26-train	FR	Mais j'ai un rendez-vous avec elle à quatorze heures.
7961	corpus-6-train	FR	Je suis ici pour m'enregistrer.
7962	corpus-6-train	FR	Veuillez reprendre un peu les jambes du pantalon, sans les revers, s'il vous plaît.
7965	corpus-6-train	FR	Je voudrais voir vos modèles les plus demandés.
7970	corpus-6-train	FR	Je n'ai pas mangé ça.
7972	corpus-6-test-corpus-26-train	FR	Ce wagon va-t-il à Edimbourg?
7974	corpus-6-train	FR	Harry, y a-t-il quelque chose que je puisse faire?
7975	corpus-6-train	FR	A trois heures.
7976	corpus-6-test-corpus-26-train	FR	Oui, veuillez remplir ce formulaire.
7977	corpus-6-train	FR	Pourriez-vous faire repasser ce pantalon, s'il vous plaît?
7978	corpus-6-dev	FR	Le zoo est à trois pâtés de maisons d'ici.
7982	corpus-6-train	FR	Est-ce de la pure laine?
7983	corpus-6-test-corpus-26-train	FR	Quel est le supplément pour l'excédent de bagage?
7984	corpus-6-train	FR	Qu'est-ce que c'est que ça?
7985	corpus-6-train	FR	Je suis très content que nous ayons pu discuter de tous les points importants et trouver des solutions. Je vous suis très reconnaissant de votre aimable collaboration.
7987	corpus-6-train	FR	Je voudrais un guide touristique.
7988	corpus-6-train	FR	A quel hôpital va-t-il être emmené?
7989	corpus-6-train	FR	Si vous me faites une réduction, j'achèterai aussi celui-ci.
7991	corpus-6-test-corpus-26-dev	FR	Mon nom est Kimura. Je voudrais annuler ma réservation pour vendredi.
7993	corpus-6-dev	FR	Prenez place.
7994	corpus-6-dev	FR	Où puis-je acheter un billet pour un match de base-ball?
7996	corpus-6-test-corpus-26-test	FR	Oh, je suis désolé. Il y a eu un problème et nous l'avons résolu. Voulez-vous bien patienter une trentaine de minutes?
7998	corpus-6-train	FR	Excusez-moi. Comment puis-je aller d'ici à la banque?
8001	corpus-6-train	FR	Faites-moi voir vos papiers.
8002	corpus-6-train	FR	Veuillez me montrer comment me servir du téléphone, s'il vous plaît.
8004	corpus-6-train	FR	Regardez ceci. C'est un immense magasin. J'espère que vous avez apporté beaucoup d'argent.
8014	corpus-6-dev	FR	Je voudrais une place dans une loge.
8015	corpus-6-train	FR	Il me plaît. Je le prends.
8017	corpus-6-train	FR	Où sont les murs de la ville?
8018	corpus-6-train	FR	Je suis de retour.
8020	corpus-6-train	FR	Je voudrais quelque chose de plus épais, s'il vous plaît.
8021	corpus-6-train	FR	Il n'y a pas de savon.
8023	corpus-6-dev	FR	Et ensuite?
8024	corpus-6-train	FR	A San Francisco, s'il vous plaît.
8025	corpus-6-train	FR	Qu'est-ce que c'est?
8027	corpus-6-train	FR	Où se trouve le siège soixante A?
8028	corpus-6-train	FR	C'est à quelle distance de la gare?
8029	corpus-6-train	FR	Oui. Il vit au mille deux cent trente-quatre, GEOS Avenue.
8031	corpus-6-train	FR	Mon enfant a fait une chute.
8036	corpus-6-train	FR	Oui, nous avons un court libre à quatorze heures et un autre à seize heures.
8039	corpus-6-test-corpus-26-train	FR	A quelle heure puis-je régler ma note?
8040	corpus-6-train	FR	Y a-t-il une ligne de métro qui va au Civic Center?
8041	corpus-6-train	FR	Dans quel rayon?
8042	corpus-6-train	FR	Voici vos cacahuètes.
8043	corpus-6-train	FR	En fait, j'aime bien les deux.
8044	corpus-6-dev	FR	Certainement. Ça fait deux valises et un sac, veuillez conserver ce ticket, s'il vous plaît.
8047	corpus-6-train	FR	Du vin blanc, s'il vous plaît.
8050	corpus-6-test-corpus-26-train	FR	J'ai compris.
8052	corpus-6-train	FR	"Parce que nous sommes dans la saison du ""O-Bon"" en ce moment."
8054	corpus-6-dev	FR	Est-il possible d'aller plonger cet après-midi?
8055	corpus-6-train	FR	Avez-vous des informations sur les spectacles en ville cette semaine?
8058	corpus-6-test-corpus-26-train	FR	Je vais appeler quelqu'un.
8059	corpus-6-train	FR	Mon ami a l'estomac dérangé. Pourriez-vous me recommander quelque chose de léger pour son estomac?
8060	corpus-6-train	FR	Deux cent douze trente-quatre quatre-vingt-trois trente zéro zéro.
8062	corpus-6-train	FR	Deux places du côté de la première base, s'il vous plaît.
8063	corpus-6-train	FR	Voulez-vous que je le remplisse?
8064	corpus-6-train	FR	Le vol numéro sept a un retard de deux heures.
8066	corpus-6-train	FR	Je veux voir des bâtiments historiques.
8067	corpus-6-test-corpus-26-test	FR	Voulez-vous régler la note maintenant?
8068	corpus-6-test-corpus-26-train	FR	La voiture m'est rentré sur le côté au carrefour.
8069	corpus-6-train	FR	Nous allons envoyer quelqu'un de la sécurité.
8071	corpus-6-train	FR	C'est assez chaud.
8075	corpus-6-train	FR	Je viens du Portugal.
8076	corpus-6-train	FR	Après avoir bu le jus qu'on m'a servi, j'ai perdu connaissance. Quand je me suis réveillé, mon portefeuille et mes sacs avaient disparu.
8077	corpus-6-dev	FR	Si vous le désirez, vous pouvez commander un petit déjeuner à l'anglaise en supplément.
8078	corpus-6-train	FR	J'ai perdu mon portefeuille.
8079	corpus-6-train	FR	Je voudrais louer une planche à voile.
8081	corpus-6-train	FR	Pourriez-vous y mettre de la petite monnaie, s'il vous plaît?
8082	corpus-6-train	FR	Des spaghettis bolognaises, s'il vous plaît.
8084	corpus-6-train	FR	Je voudrais une bière, s'il vous plaît.
8086	corpus-6-train	FR	Je veux aller à Paris. Dois-je changer de train?
8090	corpus-6-train	FR	Quelle heure vous conviendrait?
8092	corpus-6-train	FR	Pourrais-je avoir une ordonnance?
8094	corpus-6-test-corpus-26-train	FR	C'est une boîte à musique.
8095	corpus-6-test-corpus-26-train	FR	Où est la banlieue?
8097	corpus-6-train	FR	J'en veux un autre.
8098	corpus-6-test-corpus-26-train	FR	Y a-t-il une visite de la ville en car?
8099	corpus-6-train	FR	Notre réseau de recherche étendu est également disponible pour répondre à vos besoins.
8107	corpus-6-dev	FR	C'est le premier but de la saison.
8108	corpus-6-test-corpus-26-train	FR	A quelle heure commençons-nous?
8109	corpus-6-train	FR	Rien pour moi. Merci.
8112	corpus-6-dev	FR	Allons faire du lèche-vitrine.
8113	corpus-6-train	FR	Je me souviens maintenant. Nous sommes sortis dîner ensemble.
8114	corpus-6-test-corpus-26-train	FR	D'accord, Monsieur. En taille moyenne, nous pouvons vous proposer une Mercury Sable, ça vous irait?
8115	corpus-6-train	FR	Quelle voie est la voie express?
8116	corpus-6-test-corpus-26-train	FR	Vous vous êtes froissé un muscle.
8117	corpus-6-train	FR	Nous survolons actuellement le Parc National de Yosemite.
8119	corpus-6-train	FR	Y a-t-il quelque chose pour les enfants?
8120	corpus-6-train	FR	Je l'ai trouvé dans un marché aux puces.
8123	corpus-6-train	FR	Je suis en voyage.
8124	corpus-6-train	FR	J'ai terminé mon repas, veuillez enlever mon plateau, s'il vous plaît.
8126	corpus-6-dev	FR	Je louerai celle-ci, assurance comprise.
8127	corpus-6-train	FR	Est-ce pour Sydney?
8131	corpus-6-train	FR	Puis-je y aller en jeans et en chaussures de sport?
8132	corpus-6-train	FR	Oui. Selon le bulletin météo de la semaine, il va continuer à faire beau cette semaine.
8133	corpus-6-train	FR	Veuillez me montrer des gants, s'il vous plaît.
8134	corpus-6-train	FR	Un appel réveil, s'il vous plaît.
8135	corpus-6-train	FR	Tournez à droite dans la rue.
8136	corpus-6-train	FR	Parlez plus fort, s'il vous plaît.
8137	corpus-6-train	FR	Pourriez-vous m'apporter des écouteurs.
8140	corpus-6-train	FR	C'est fendu.
8141	corpus-6-test-corpus-26-train	FR	Mais tu dois me promettre de frapper la balle, pas moi, d'accord?
8142	corpus-6-train	FR	Un petit hot dog et un grand coca, s'il vous plaît.
8143	corpus-6-test-corpus-26-train	FR	C'est à quelle distance?
8144	corpus-6-train	FR	De Tiffany. Bon, nous pourrions au moins aller faire du lèche-vitrine.
8148	corpus-6-train	FR	Veuillez développer et faire un tirage de cette pellicule, s'il vous plaît.
8149	corpus-6-test-corpus-26-train	FR	Puis-je emprunter du linge?
8151	corpus-6-train	FR	Je pense que nous le ferons. Merci beaucoup.
8152	corpus-6-train	FR	C'est ma faute. Nous nous voyons rarement.
8156	corpus-6-test-corpus-26-train	FR	De quel type de cuir est faite cette valise?
8159	corpus-6-train	FR	Combien ça coûte par avion?
8161	corpus-6-test-corpus-26-train	FR	Je ne pense pas que ce couteau soit propre. Pourriez-vous m'en donner un autre?
8163	corpus-6-train	FR	Je voudrais un chapeau.
8164	corpus-6-test-corpus-26-train	FR	J'ai acheté ceci il y a un moment, mais est-ce vous pourriez l'échanger contre ça?
8165	corpus-6-train	FR	C'est peut-être vrai, mais je ne peux pas le garantir.
8168	corpus-6-train	FR	Je séjournerai à l'hôtel.
8171	corpus-6-train	FR	Je suis désolé que vous ne le puissiez pas.
8173	corpus-6-test-corpus-26-train	FR	Pour être tout à fait franc, je ne suis pas d'accord avec ça.
8174	corpus-6-train	FR	Pourriez-vous ouvrir une bouteille de vin?
8176	corpus-6-train	FR	Puis-je rester trois nuits?
8177	corpus-6-test-corpus-26-train	FR	Est-ce le bon chemin pour la Gare Centrale?
8178	corpus-6-train	FR	Oui. Je veux essayer le vivaneau, mais est-ce que c'est très épicé?
8180	corpus-6-train	FR	Je voudrais des patins à roulettes.
8181	corpus-6-train	FR	Est-ce qu'il contient un écran solaire? Quel est le facteur de protection?
8182	corpus-6-train	FR	Pourriez-vous reconsidérer les conditions de paiement?
8183	corpus-6-test-corpus-26-train	FR	Un bateau avec un guide, s'il vous plaît.
8185	corpus-6-dev	FR	Je suis tellement désolé.
8186	corpus-6-train	FR	Est-ce que c'est un train pour Chicago?
8187	corpus-6-train	FR	Comment puis-je trouver un bus limousine pour aller d'ici à là-bas?
8188	corpus-6-train	FR	Non, je suis désolé. J'ai regardé mais ils ne sont pas là.
8189	corpus-6-train	FR	Une pellicule couleur à vingt-quatre poses, s'il vous plaît.
8193	corpus-6-test-corpus-26-train	FR	Je voudrais commander un costume de couleur foncée pour moi-même.
8194	corpus-6-test-corpus-26-train	FR	Ce parapluie fera l'affaire comme canne.
8195	corpus-6-train	FR	Combien coûte cette excursion?
8197	corpus-6-train	FR	Puis-je acheter un billet ici?
8200	corpus-6-train	FR	Je suis d'accord, mais à certaines conditions.
8202	corpus-6-test-corpus-26-test	FR	Dois-je laisser tous mes bagages à la consigne?
8205	corpus-6-train	FR	Puis-je emprunter un fer?
8206	corpus-6-train	FR	Je voudrais prendre part à une excursion de nuit.
8207	corpus-6-train	FR	Je voudrais des diapositives couleurs pour cet appareil photo, s'il vous plaît.
8208	corpus-6-dev	FR	Combien est-ce que ça coûte pour Seattle?
8209	corpus-6-train	FR	A quelle heure arrivons-nous à Seattle?
8210	corpus-6-test-corpus-26-train	FR	Veuillez me montrer votre passeport, s'il vous plaît.
8213	corpus-6-train	FR	Changez-moi de chambre, s'il vous plaît. Ça sent bizarre.
8215	corpus-6-train	FR	Dans quelle direction se trouve le musée?
8216	corpus-6-dev	FR	En tarif plein, s'il vous plaît.
8217	corpus-6-train	FR	D'accord. Nous vous réserverons une excellente table. Votre nom?
8223	corpus-6-dev	FR	Ma chambre donne sur une rue bruyante.
8224	corpus-6-train	FR	Une chambre avec douche, s'il vous plaît.
8227	corpus-6-test-corpus-26-train	FR	Y a-t-il un endroit qui accepte de laver le linge le dimanche?
8228	corpus-6-train	FR	Hum, tu as de la température. Tu as mal à l'estomac?
8229	corpus-6-train	FR	Magnifique. Il y a un trop grand choix.
8233	corpus-6-test-corpus-26-train	FR	Deux cheeseburgers, s'il vous plaît.
8234	corpus-6-test-corpus-26-train	FR	Quel bus va à Miami?
8236	corpus-6-test-corpus-26-train	FR	Mais aucun pourboire n'est nécessaire.
8239	corpus-6-train	FR	Donnez-moi un timbre à vingt centimes de dollars, s'il vous plaît.
8240	corpus-6-train	FR	Vaut-il mieux avertir la police?
8243	corpus-6-train	FR	Je voudrais de la confiture.
8244	corpus-6-train	FR	Je pense que j'irai en limousine.
8246	corpus-6-train	FR	Je voudrais de la salade verte.
8248	corpus-6-test-corpus-26-train	FR	Vous pouvez en voir un au Carnegie Hall.
8250	corpus-6-test-corpus-26-train	FR	Je ne suis pas agréé.
8251	corpus-6-train	FR	A quelle heure vous levez-vous demain?
8252	corpus-6-train	FR	Je veux aller voir un opéra, où est-ce?
8253	corpus-6-train	FR	Pourriez-vous m'indiquer le chemin vers la pharmacie la plus proche, s'il vous plaît?
8254	corpus-6-train	FR	Dois-je changer de chambre si je prolonge mon séjour?
8255	corpus-6-train	FR	Une réservation pour demain, s'il vous plaît.
8256	corpus-6-train	FR	Elle n'aime pas faire la vaisselle.
8257	corpus-6-dev	FR	Il devrait être de retour à seize heures cet après-midi.
8258	corpus-6-train	FR	A quelle fréquence ont lieu les excursions?
8261	corpus-6-train	FR	Apportez-moi du ketchup.
8262	corpus-6-train	FR	Avec le service normal, quand est-ce que je pourrais les avoir?
8263	corpus-6-dev	FR	Veuillez rédiger une déclaration de perte pour mes bagages, s'il vous plaît.
8264	corpus-6-train	FR	Je voudrais réserver trois places pour La Chatte sur un Toit Brûlant pour demain soir.
8265	corpus-6-train	FR	Je voudrais séjourner dans votre hôtel demain soir. Est-ce que vous pouvez me réserver une chambre simple?
8266	corpus-6-train	FR	Est-ce que c'est loin à pied?
8267	corpus-6-train	FR	Pourriez-vous l'échanger contre une taille plus grande?
8268	corpus-6-train	FR	Trois billets de cent, deux de cinquante et cinq de vingt, s'il vous plaît.
8271	corpus-6-test-corpus-26-train	FR	Quelle est la spécialité de la maison?
8273	corpus-6-train	FR	Non, pas du tout.
8274	corpus-6-train	FR	Je voudrais laisser mes bagages.
8277	corpus-6-train	FR	Est-ce que vous pouvez signer la note et le reçu de carte de crédit, s'il vous plaît?
8278	corpus-6-train	FR	Veuillez convertir ces dollars en livres.
8279	corpus-6-train	FR	Combien de temps faut-il pour aller au Park Hotel en taxi?
8280	corpus-6-test-corpus-26-train	FR	Je voudrais prendre rendez-vous chez un médecin.
8283	corpus-6-train	FR	On m'a volé mon porte-monnaie pendant que je passais un coup de fil.
8284	corpus-6-train	FR	C'est intéressant. Ce serait utile à de nombreuses sociétés.
8285	corpus-6-train	FR	Mon nom est Sato. J'ai appelé il y a un petit instant. Je voudrais m'enregistrer, s'il vous plaît.
8286	corpus-6-train	FR	Je voudrais un masque de beauté.
8288	corpus-6-train	FR	Puis-je laisser la voiture à l'aéroport La Guardia?
8289	corpus-6-train	FR	Bien sûr que non. Je vous écrirai dès que je serai rentré chez moi. Au revoir, M. Nagano.
8290	corpus-6-train	FR	Je suis pris dans des embouteillages et je ne pense pas que j'arriverai à rentrer à temps.
8291	corpus-6-test-corpus-26-dev	FR	Auriez-vous une table près de la fenêtre pour dix-neuf heures ce soir?
8294	corpus-6-train	FR	Avez-vous des disponibilités?
8295	corpus-6-test-corpus-26-train	FR	Ça vous dérange que je vienne chez vous?
8296	corpus-6-train	FR	J'en ai eu des tas.
8297	corpus-6-dev	FR	Je ne pense pas que ça m'aille.
8299	corpus-6-train	FR	Je voudrais envoyer ce petit paquet au Japon par voie de surface.
8301	corpus-6-train	FR	Une place en terrasse, s'il vous plaît.
8302	corpus-6-train	FR	Je veux une place sur la gauche.
8303	corpus-6-train	FR	Cette ville a beaucoup de verdure.
8304	corpus-6-train	FR	Zéro trois trois huit un quatre quatre trois quatre cinq.
8305	corpus-6-test-corpus-26-train	FR	On dirait qu'il y a du progrès à faire.
8308	corpus-6-train	FR	Dois-je m'habiller?
8309	corpus-6-dev	FR	Le Chianti, s'il vous plaît.
8311	corpus-6-train	FR	Elle roulait très vite.
8313	corpus-6-dev	FR	Je voudrais du jus de raisin.
8316	corpus-6-test-corpus-26-train	FR	Où se trouve le métro?
8321	corpus-6-train	FR	Pourriez-vous me faire un ourlet au pantalon, s'il vous plaît?
8326	corpus-6-train	FR	Combien coûte une chambre triple sans douche?
8328	corpus-6-train	FR	C'est M. Tanaka de la chambre mille deux cent neuf. Je voudrais des serviettes propres.
8334	corpus-6-test-corpus-26-train	FR	L'avez-vous une taille plus petite?
8336	corpus-6-train	FR	Serrez doucement les dents, s'il vous plaît.
8338	corpus-6-test-corpus-26-train	FR	Où puis-je trouver de l'aspirine?
8339	corpus-6-train	FR	Nous facturons des frais d'annulation.
8341	corpus-6-train	FR	Pourriez-vous nous prendre deux billets?
8342	corpus-6-test-corpus-26-train	FR	Est-ce au prix le plus bas?
8343	corpus-6-train	FR	Ça fait six dollars quarante centimes.
8347	corpus-6-train	FR	Pourrais-je voir la liste, s'il vous plaît?
8349	corpus-6-test-corpus-26-train	FR	Veuillez me donner une carte d'une semaine.
8351	corpus-6-train	FR	Quel poids font ces bagages?
8352	corpus-6-train	FR	Ce n'est pas ce que vous avez dit avant.
8353	corpus-6-train	FR	Où puis-je trouver une cabine téléphonique?
8354	corpus-6-train	FR	Une excursion de plongée libre, s'il vous plaît.
8355	corpus-6-test-corpus-26-train	FR	Voici mon collègue.
8357	corpus-6-train	FR	Oui, nous sommes ouverts toute la nuit.
8358	corpus-6-test-corpus-26-train	FR	Quel type d'essence y a-t-il? Super, normale, sans plomb?
8360	corpus-6-train	FR	Je voudrais vous souhaiter la bienvenue à tous ici, à l'occasion de la troisième réunion annuelle de mille neuf cent quatre-vingt-onze.
8361	corpus-6-train	FR	Qui sont les acteurs?
8362	corpus-6-train	FR	Combien ça va coûter en tout?
8363	corpus-6-train	FR	Je m'appelle Elizabeth.
8364	corpus-6-dev	FR	Y a-t-il un bon endroit à visiter en trois heures?
8365	corpus-6-dev	FR	Où est le bureau de réclamation des bagages pour le vol UA huit cent un.
8366	corpus-6-train	FR	Pourriez-vous rédiger une déclaration de vol?
8367	corpus-6-train	FR	Quand voulez-vous qu'on se rencontre?
8368	corpus-6-test-corpus-26-train	FR	En voici un.
8369	corpus-6-train	FR	L'évier est bouché.
8370	corpus-6-train	FR	Nous ne sommes arrivés du Japon aux Etats-Unis qu'hier.
8371	corpus-6-test-corpus-26-train	FR	J'ai attrapé un rhume.
8372	corpus-6-train	FR	Où se trouve ce numéro de siège?
8374	corpus-6-train	FR	Au fait, avez-vous une assurance pour ce voyage?
8376	corpus-6-train	FR	Je compte rester cinq jours.
8377	corpus-6-train	FR	Où y a-t-il une boutique hors taxe?
8381	corpus-6-train	FR	J'avais un billet d'avion dans mon sac.
8383	corpus-6-train	FR	Je pense que je vais aller dormir.
8384	corpus-6-train	FR	C'est un peu trop lâche ici.
8385	corpus-6-dev	FR	Veuillez me laisser réfléchir un instant.
8386	corpus-6-train	FR	Y a-t-il un bar tout près où je pourrais aller boire un verre?
8388	corpus-6-train	FR	J'arriverai dans cinq minutes.
8389	corpus-6-train	FR	Combien de temps est-elle restée aux Etats-Unis?
8390	corpus-6-train	FR	Je voudrais un bouton-pression.
8391	corpus-6-dev	FR	Y a-t-il un couvre-feu?
8392	corpus-6-train	FR	La couleur est très bien, mais ce n'est pas la bonne taille.
8393	corpus-6-train	FR	Des biscuits salés japonais.
8395	corpus-6-dev	FR	Puis-je avoir des places au premier rang maintenant, ou dois-je attendre le prochain spectacle?
8397	corpus-6-train	FR	Bien, dans ce cas je pense que je ferais mieux d'essayer une autre agence.
8401	corpus-6-dev	FR	Cette dent me fait mal.
8403	corpus-6-train	FR	Un autre, s'il vous plaît.
8404	corpus-6-train	FR	Comment vous habillez-vous pour assister à un enterrement?
8406	corpus-6-train	FR	Quand la lumière rouge s'allume, appuyez sur le bouton.
8407	corpus-6-train	FR	Zéro zéro trois, JAL.
8408	corpus-6-train	FR	Combien est-ce pour une heure?
8409	corpus-6-test-corpus-26-test	FR	C'est fermé le lundi, mais un autre jour ne devrait pas poser de problème. Je pense que c'est ouvert de neuf heures à dix-sept heures.
8414	corpus-6-train	FR	Vous avez de la chance, M. Suzuki.
8415	corpus-6-train	FR	J'ai une forte douleur au dos.
8418	corpus-6-test-corpus-26-train	FR	C'est de l'anguille grillée avec une sauce spéciale sur un lit de riz.
8419	corpus-6-train	FR	Pourriez-vous me recommander une boisson sans alcool?
8420	corpus-6-train	FR	J'ai égaré mon passeport quelque part.
8421	corpus-6-train	FR	Nous vous préparerons une table alors, M. Kimura.
8423	corpus-6-train	FR	Je voudrais une voiture jouet.
8424	corpus-6-train	FR	C'est très sympa.
8425	corpus-6-train	FR	Combien de temps faudra-t-il en tout?
8426	corpus-6-train	FR	Dois-je faire la queue là-bas?
8428	corpus-6-train	FR	Le passe-partout, s'il vous plaît.
8429	corpus-6-train	FR	J'ai vraiment apprécié avoir pu discuter avec vous.
8432	corpus-6-train	FR	Puis-je acheter un billet à l'entrée?
8435	corpus-6-test-corpus-26-train	FR	Fêtons ça m'a-t-il dit et il m'a emmené dans un bar. Il a dit qu'il allait passer un coup de fil et est parti sans jamais revenir et je me suis retrouvé coincé avec une énorme facture.
8438	corpus-6-train	FR	Je me sens comme ça depuis la nuit dernière.
8439	corpus-6-train	FR	Il est juste un peu plus de quatre heures.
8440	corpus-6-train	FR	Tout va vite au Japon.
8443	corpus-6-train	FR	Veuillez patienter pendant que nous le cherchons.
8446	corpus-6-train	FR	Je prends ça.
8447	corpus-6-dev	FR	J'ai des rougeurs. Quelle crème est la plus efficace?
8448	corpus-6-train	FR	Pensez-vous que le pique-nique de demain aura lieu à l'intérieur?
8449	corpus-6-train	FR	Oui, j'en connais. Vous êtes en voyage?
8450	corpus-6-train	FR	Mon nom est Yuko Yamaoka. Pourriez-vous modifier la réservation de mon vol, s'il vous plaît?
8451	corpus-6-train	FR	Je voudrais voir une comédie sur la vie de famille.
8452	corpus-6-train	FR	Vous préférez du thé ou du café?
8453	corpus-6-train	FR	Je travaille sur ma licence, mais seulement à temps partiel.
8454	corpus-6-test-corpus-26-train	FR	Combien est-ce par gallon?
8456	corpus-6-test-corpus-26-train	FR	J'avais mon passeport et ma carte de crédit dans mon sac.
8457	corpus-6-train	FR	Quelle est la spécialité de ce restaurant?
8460	corpus-6-dev	FR	Faites de beaux rêves.
8463	corpus-6-train	FR	Je suis né dans une ville à environ cent kilomètres d'ici.
8465	corpus-6-train	FR	Vous feriez mieux de rester dans votre chambre d'hôtel pendant quelques jours.
8468	corpus-6-dev	FR	Je veux quelque chose contre les maux de tête.
8471	corpus-6-train	FR	C'est juste ma taille.
8472	corpus-6-train	FR	Il fait trop chaud dans cette chambre.
8474	corpus-6-train	FR	Vous êtes sûr?
8475	corpus-6-train	FR	Oui, celui-ci est de qualité supérieure. Il est en cachemire.
8478	corpus-6-train	FR	Des objets de première nécessité.
8479	corpus-6-train	FR	J'ai laissé tomber mon appareil photo sur une surface dure.
8480	corpus-6-train	FR	Pourriez-vous me montrer autre chose?
8482	corpus-6-dev	FR	Je n'ai que cinquante dollars sur moi.
8483	corpus-6-train	FR	Est-ce qu'il y a quelque chose que vous ne pouvez pas manger?
8484	corpus-6-train	FR	J'ai laissé tomber une cuillère.
8485	corpus-6-test-corpus-26-train	FR	Réservation pour sept heures au nom de Manou.
8486	corpus-6-dev	FR	Merci. J'en serais enchanté.
8487	corpus-6-train	FR	N'importe quoi, ça ira.
8488	corpus-6-dev	FR	Je voudrais des places bon marché, si possible.
8489	corpus-6-dev	FR	Un menu, s'il vous plaît.
8490	corpus-6-train	FR	Où est le métro?
8492	corpus-6-train	FR	J'ai compris. Et où puis-je prendre un bus?
8493	corpus-6-train	FR	Attendons de l'aide.
8494	corpus-6-train	FR	Son nom est Mme Gregson, n'est-ce pas?
8495	corpus-6-test-corpus-26-train	FR	Vous ne voudriez pas une tasse de thé?
8496	corpus-6-train	FR	Où puis-je jouer au tennis?
8497	corpus-6-test-corpus-26-dev	FR	Pourriez-vous me dire où trouver le Consulat du Japon?
8498	corpus-6-train	FR	Pourriez-vous bien me montrer cette pendule, s'il vous plaît?
8499	corpus-6-train	FR	Je suis en train de cuisiner.
8501	corpus-6-train	FR	Quelle surprise de vous rencontrer à la librairie.
8502	corpus-6-train	FR	Avez-vous des raquettes à louer?
8505	corpus-6-train	FR	Tout dépend d'où vous êtes diplômé.
8508	corpus-6-dev	FR	Oh, je vois. C'est de ma faute. Désolé.
8509	corpus-6-test-corpus-26-train	FR	Y a-t-il un médecin dans l'hôtel ou de permanence?
8510	corpus-6-train	FR	Je voudrais quelque chose de léger.
8511	corpus-6-train	FR	Deux allers simples en deuxième classe pour Edimbourg, s'il vous plaît.
8512	corpus-6-dev	FR	Oui, ça viendra.
8513	corpus-6-train	FR	Je voudrais un plan des lignes de métro, s'il vous plaît.
8514	corpus-6-dev	FR	Je fais la grasse matinée le dimanche.
8516	corpus-6-test-corpus-26-train	FR	Il fait toujours ses courses dans Bond Street.
8520	corpus-6-train	FR	Je pars souvent en randonnée avec ma famille le week-end.
8521	corpus-6-train	FR	Très bien, Monsieur. Pas de danger pour ce film?
8522	corpus-6-train	FR	Maintenant, tu peux prendre l'un des miens.
8523	corpus-6-dev	FR	Combien de jours pour Tokyo?
8527	corpus-6-test-corpus-26-train	FR	Un journal anglais, s'il vous plaît.
8528	corpus-6-train	FR	Veuillez vérifier la destination du bus avant d'y monter.
8530	corpus-6-train	FR	Deux pour le buffet.
8531	corpus-6-train	FR	Venez ici dans une heure, s'il vous plaît.
8533	corpus-6-train	FR	Je suis désolé, mais tout est réservé pour alors.
8535	corpus-6-test-corpus-26-train	FR	Y a-t-il un endroit où l'on joue de la musique country?
8539	corpus-6-test-corpus-26-test	FR	Je voudrais déposer mes effets de valeur.
8540	corpus-6-train	FR	J'aurais dû les envoyer par avion.
8541	corpus-6-train	FR	Oui, nous en avons une avec vue sur l'océan.
8543	corpus-6-test-corpus-26-train	FR	Y en a-t-il d'autres en laine?
8544	corpus-6-train	FR	La voiture était de couleur jaune.
8546	corpus-6-dev	FR	Quels films sont à l'affiche en ce moment?
8547	corpus-6-train	FR	Ce qui me manque le plus, ce sont les printemps chauds.
8549	corpus-6-train	FR	Bien. Merci.
8551	corpus-6-test-corpus-26-train	FR	Combien est-ce par feuille?
8552	corpus-6-dev	FR	Oui, c'est bon. Nous vous verrons à six heures trente.
8553	corpus-6-train	FR	Bien sûr qu'il y en a, Monsieur. Désirez-vous jeter un œil à cette brochure?
8554	corpus-6-dev	FR	Oui. C'est la chambre deux cent trente-quatre. Ma femme est très malade.
8555	corpus-6-dev	FR	Avez-vous une ceinture assortie?
8558	corpus-6-train	FR	Combien de fois par mois jouez-vous au base-ball?
8561	corpus-6-train	FR	Je suis désolé, mais tant que nos avis diffèrent, je ne peux pas accepter de renouveler le contrat.
8562	corpus-6-train	FR	Bonjour M. Cameron. Comment allez-vous?
8565	corpus-6-train	FR	Mon nom est Akio Yamada et le numéro de vol est JAL zéro vingt-six à destination de Tokyo.
8566	corpus-6-train	FR	Veuillez me donner une bouteille d'eau de Cologne, s'il vous plaît.
8572	corpus-6-train	FR	Pourrais-je avoir le formulaire de remboursement fiscal?
8573	corpus-6-train	FR	Pouvez-vous tourner à droite?
8574	corpus-6-test-corpus-26-train	FR	Bon, faites le neuf zéro un un, puis l'indicatif du pays et le numéro de téléphone.
8575	corpus-6-train	FR	Veuillez me montrer sur ce plan.
8576	corpus-6-train	FR	Avez-vous une chambre pour quatre?
8577	corpus-6-test-corpus-26-train	FR	Pourrais-je avoir un Coca-Cola light?
8578	corpus-6-dev	FR	Pas de sucre, juste de la crème.
8580	corpus-6-train	FR	Ce matin, M. Kawakami rend visite à un client.
8581	corpus-6-train	FR	Comment vais-je là-bas? Pouvez-vous me l'indiquer sur cette carte?
8583	corpus-6-train	FR	Mais vous faites pousser des légumes ici.
8584	corpus-6-test-corpus-26-train	FR	Pourrais-je passer une commande?
8585	corpus-6-train	FR	L'Arizona est un vrai bain de vapeur.
8589	corpus-6-train	FR	Veuillez me donner un verre d'eau.
8590	corpus-6-train	FR	Bien sûr que vous pouvez. Mais il y aura des frais de retour de cinquante dollars.
8591	corpus-6-train	FR	C'est près d'ici?
8593	corpus-6-train	FR	Pourrais-je avoir des hors d'œuvres, s'il vous plaît?
8595	corpus-6-test-corpus-26-train	FR	Nous avons fait bonne route. Merci.
8598	corpus-6-train	FR	Pourriez-vous changer le pneu, s'il vous plaît?
8599	corpus-6-train	FR	Il coûte cent vingt dollars? Je trouve que c'est trop cher. Vous faites des réductions?
8600	corpus-6-train	FR	Vous avez du Sauternes?
8601	corpus-6-train	FR	Je voudrais aussi deux timbres pour des cartes postales destinées au Japon.
8603	corpus-6-train	FR	Veuillez me montrer votre passeport et votre formulaire d'immigration.
8604	corpus-6-test-corpus-26-test	FR	Excusez-moi. Puis-je passer?
8606	corpus-6-train	FR	Que vendez-vous au deuxième étage?
8607	corpus-6-train	FR	Ma voiture n'est pas disponible demain.
8609	corpus-6-train	FR	Est-ce que l'eau est chaude?
8610	corpus-6-test-corpus-26-train	FR	La population totale du Japon est d'environ cent trente millions.
8611	corpus-6-train	FR	Pourrais-je avoir l'addition?
8612	corpus-6-train	FR	Oui. Le plus tôt possible. Ç'est pour une affaire importante.
8613	corpus-6-train	FR	Pouvez-vous garantir la qualité?
8615	corpus-6-train	FR	Je suis enfermé dehors. Pourrais-je emprunter un double de la clé, s'il vous plaît?
8618	corpus-6-test-corpus-26-train	FR	Je voudrais louer un parasol.
8623	corpus-6-train	FR	Où est l'office du tourisme?
8624	corpus-6-train	FR	Comment puis-je passer un coup de fil au Japon?
8625	corpus-6-test-corpus-26-train	FR	Oui, et je voudrais appeler en PCV.
8626	corpus-6-train	FR	J'ai deux bagages à enregistrer.
8629	corpus-6-train	FR	Il est déjà en ligne.
8631	corpus-6-train	FR	Il fait trop chaud ici, et trop sombre.
8633	corpus-6-train	FR	Qui était l'artiste?
8634	corpus-6-train	FR	Laissez-moi me présenter. Je m'appelle Goro Yamada.
8635	corpus-6-train	FR	Excusez-moi. J'ai laissé tomber mon couteau. Pourriez-vous m'en apporter un autre?
8636	corpus-6-test-corpus-26-train	FR	Un portefeuille avec cent dollars et deux cartes de crédit.
8637	corpus-6-test-corpus-26-train	FR	L'eau est trop chaude.
8638	corpus-6-train	FR	Où est le soda?
8639	corpus-6-train	FR	Combien d'onces?
8643	corpus-6-train	FR	Oh, non. Nous aurions dû nous mettre sur notre trente et un pour le théâtre.
8644	corpus-6-train	FR	Y a-t-il un bus?
8646	corpus-6-train	FR	Quel est le taux de change?
8647	corpus-6-train	FR	J'ai deux valises et un sac.
8652	corpus-6-train	FR	Les draps sont sales.
8654	corpus-6-train	FR	Hourra. Je peux oublier le travail pour un moment.
8655	corpus-6-train	FR	Combien de sacs voulez-vous enregistrer?
8657	corpus-6-train	FR	Et bien, tout peut être cher dans le Japon d'aujourd'hui, mais les plats de tofu ne dépassent pas trop la norme. Par contre, si vous choisissez un restaurant de style japonais de plus grand standing pour goûter à la cuisine de Kyoto, préparez-vous à payer deux cents dollars par tête.
8659	corpus-6-train	FR	Un ton plus haut, s'il vous plaît.
8660	corpus-6-train	FR	Et maintenant, où est ma valise? Oh, elle arrive.
8662	corpus-6-train	FR	Combien d'argent aviez-vous dans votre porte-monnaie?
8663	corpus-6-train	FR	Je ne sais vraiment pas. Pourriez-vous me mesurer, s'il vous plaît?
8664	corpus-6-train	FR	N'oubliez pas de prendre votre passeport avec vous.
8665	corpus-6-train	FR	C'est tout ce que vous avez?
8668	corpus-6-train	FR	Bien sûr. Je m'arrangerai pour vous faire appeler à cinq heures précises demain matin.
8671	corpus-6-train	FR	Puis-je voir la disposition des places dans le théâtre?
8673	corpus-6-train	FR	Je suis désolé, le règlement doit être effectué quatre-vingt-dix-neuf jours à l'avance.
8674	corpus-6-train	FR	Avez-vous un calendrier des événements?
8675	corpus-6-test-corpus-26-train	FR	Vous êtes ici.
8678	corpus-6-train	FR	Donnez-moi un film de seize millimètres avec capacité sonore.
8680	corpus-6-train	FR	Il m'a mal compris.
8683	corpus-6-train	FR	Il a été très occupé ces derniers temps. Ça lui est probablement sorti de la tête.
8684	corpus-6-dev	FR	Oui, je le ferai. Mais combien est-ce que ça coûte?
8687	corpus-6-train	FR	Pourriez-vous patienter ici un instant? Je vais vérifier pour vous.
8688	corpus-6-test-corpus-26-dev	FR	Du café, je vous prie.
8689	corpus-6-train	FR	C'est la première fois que ça vous arrive?
8690	corpus-6-test-corpus-26-train	FR	Très improbable.
8691	corpus-6-train	FR	Nous vous appellerons quand votre hamburger au barbecue sera prêt.
8693	corpus-6-train	FR	Pouvez-vous envoyer ce paquet au tarif livres?
8696	corpus-6-test-corpus-26-train	FR	J'ai mal à l'estomac après les repas.
8697	corpus-6-train	FR	Mettez-moi de la lotion sur les cheveux, s'il vous plaît.
8698	corpus-6-train	FR	Où sont les courts de tennis?
8699	corpus-6-train	FR	Ouvrez un cran de plus, s'il vous plaît.
8700	corpus-6-train	FR	Sauriez-vous quelque chose à propos de ma valise par hasard?
8702	corpus-6-dev	FR	Je viens des Etats-Unis.
8703	corpus-6-train	FR	Est-ce ma taille?
8707	corpus-6-train	FR	Je souffre d'asthme.
8709	corpus-6-train	FR	Je n'ai pas de réservation, mais avez-vous une table?
8716	corpus-6-train	FR	Non, Monsieur. Désolé. Nous sommes complets.
8718	corpus-6-train	FR	Bonne question. J'étais sur le point de l'expliquer.
8719	corpus-6-train	FR	J'ai une douleur lancinante dans l'oreille.
8720	corpus-6-train	FR	Je voudrais le prendre.
8721	corpus-6-train	FR	Nous faisons une petite fête chez moi la semaine prochaine. Je me demandais si vous pourriez venir avec votre femme.
8722	corpus-6-train	FR	Passagers en transit, veuillez vous munir d'une carte de transit. Notre heure de départ est prévue à dix-sept heures vingt. Soignez attentifs aux annonces.
8724	corpus-6-train	FR	Je voudrais réserver l'heure de départ pour dix heures demain.
8725	corpus-6-train	FR	Pouvez-vous me recommander un tel endroit?
8726	corpus-6-train	FR	Oh, quelques bretzels. Et puis-je démarrer une ardoise?
8728	corpus-6-train	FR	Quelle heure est-il à Londres actuellement?
8729	corpus-6-train	FR	Comment ça se fait?
8731	corpus-6-train	FR	Je ne dois rien manger qui contienne du sucre.
8733	corpus-6-train	FR	Alors je pense qu'il est dans votre passeport. Veuillez vérifier, s'il vous plaît.
8734	corpus-6-test-corpus-26-train	FR	Ouah, quel bel endroit.
8737	corpus-6-train	FR	Combien a-t-il demandé?
8739	corpus-6-train	FR	Tout ceci est nouveau pour moi. Je ne sais pas comment m'enregistrer. Pourriez-vous m'aider?
8741	corpus-6-test-corpus-26-train	FR	Il se pourrait qu'il ait une embolie gazeuse.
8742	corpus-6-train	FR	Je me demande s'il y a des billets en vente le jour du spectacle.
8744	corpus-6-train	FR	Je vais vous mettre en contact avec quelqu'un qui parle anglais.
8745	corpus-6-train	FR	Vraiment?
8746	corpus-6-train	FR	Je suis désolé de vous déranger, mais j'ai besoin d'aide, s'il vous plaît.
8748	corpus-6-train	FR	Je voudrais retourner au Grand Hôtel.
8749	corpus-6-test-corpus-26-train	FR	Vous avez décidé?
8750	corpus-6-train	FR	Je voudrais une correspondance avec le BA trois cent quatre-vingt-dix-neuf.
8753	corpus-6-train	FR	Vous souvenez-vous des caractéristiques du voleur?
8754	corpus-6-train	FR	A quel hôtel séjournez-vous?
8756	corpus-6-train	FR	A quelle heure commence-t-il?
8758	corpus-6-train	FR	Mon portefeuille a été volé par un pickpocket.
8759	corpus-6-train	FR	J'espère vous revoir l'année prochaine à la même époque.
8760	corpus-6-train	FR	Une personne est blessée. Venez tout de suite, s'il vous plaît.
8762	corpus-6-train	FR	Je dois descendre. Ce n'est pas le bon avion.
8763	corpus-6-train	FR	Quand est-ce que ça pourrait être fait au plus tôt?
8764	corpus-6-train	FR	Je suis Leroi.
8765	corpus-6-train	FR	Bonjour. C'est Yamashita au téléphone. Je voudrais parler à M. Smith.
8766	corpus-6-train	FR	Avez-vous un wagon-restaurant dans le train?
8767	corpus-6-train	FR	Mon sac à main a été volé.
8768	corpus-6-train	FR	Avez-vous une chambre disponible pour les deux prochaines nuits?
8771	corpus-6-train	FR	Voulez-vous une assurance?
8773	corpus-6-train	FR	Pouvez-vous le composer pour moi?
8775	corpus-6-train	FR	Avez-vous un magazine japonais?
8776	corpus-6-train	FR	En avez-vous des propres?
8777	corpus-6-train	FR	Où pouvons-nous aller surfer?
8778	corpus-6-train	FR	C'est d'accord.
8780	corpus-6-train	FR	A quelle heure devrais-je vous rappeler?
8781	corpus-6-train	FR	Est-ce qu'on peut manger ici?
8782	corpus-6-train	FR	Du thon avec du wasabi, s'il vous plaît.
8785	corpus-6-train	FR	D'accord. Je le prends. Pourriez-vous me faire un emballage-cadeau, s'il vous plaît?
8786	corpus-6-train	FR	Où se trouvent les toilettes pour hommes?
8787	corpus-6-train	FR	Je voudrais un filtre.
8788	corpus-6-test-corpus-26-train	FR	Si vous préférez, nous pouvons nous reposer ici.
8789	corpus-6-train	FR	Vous n'allez pas vous en tirer comme ça.
8790	corpus-6-train	FR	Pourrions-nous avoir une table en terrasse?
8791	corpus-6-test-corpus-26-test	FR	J'ai perdu trace d'un courrier recommandé.
8792	corpus-6-train	FR	Pouvez-vous prendre soin de mes objets de valeur ici?
8797	corpus-6-train	FR	Veuillez me signaler quand nous arriverons à Hudson Street.
8798	corpus-6-dev	FR	Quel est votre magasin préféré?
8799	corpus-6-train	FR	Veuillez m'appeler à l'hôtel dès que vous l'aurez trouvé.
8802	corpus-6-train	FR	Avez-vous des montres de poche?
8803	corpus-6-test-corpus-26-train	FR	Il n'est pas facile de changer de travail.
8804	corpus-6-train	FR	Ça se mange avec de la sauce?
8805	corpus-6-test-corpus-26-train	FR	Quelle est la prochaine gare?
8808	corpus-6-train	FR	Aurai-je besoin d'une protection contre le rhume au sommet de la montagne?
8809	corpus-6-train	FR	Qui va prendre la décision finale?
8810	corpus-6-dev	FR	Je pensais à la première semaine de février. Je dois encore m'occuper de faire les réservations.
8811	corpus-6-test-corpus-26-train	FR	Très bien, mais pas les gradins extérieurs, il fait trop chaud aujourd'hui.
8812	corpus-6-train	FR	Il y avait également mes cartes de crédit dans le portefeuille.
8813	corpus-6-train	FR	Il a une arme.
8815	corpus-6-dev	FR	Il y a de nombreuses races de chiens, n'est-ce pas?
8816	corpus-6-train	FR	Je voudrais voir un tout nouveau film.
8817	corpus-6-train	FR	Je voudrais des boucles d'oreilles.
8818	corpus-6-train	FR	Je ne dois rien manger qui contienne du sel.
8822	corpus-6-train	FR	A quelle heure vient le suivant?
8823	corpus-6-test-corpus-26-dev	FR	Descendez ici et prenez le bus numéro six en correspondance.
8824	corpus-6-test-corpus-26-dev	FR	Je dois attraper le vol de dix heures.
8826	corpus-6-train	FR	J'ai des projets.
8827	corpus-6-test-corpus-26-train	FR	Je sens que je vais encore vomir.
8829	corpus-6-train	FR	Pouvez-vous me mettre en contact avec une personne qui parle japonais?
8830	corpus-6-train	FR	Je voudrais un jeu d'échecs.
8833	corpus-6-test-corpus-26-train	FR	Je ne veux rien de trop volumineux.
8834	corpus-6-train	FR	Au Continental Hotel, s'il vous plaît.
8835	corpus-6-train	FR	Avec juste un peu de moutarde, s'il vous plaît.
8838	corpus-6-train	FR	Y aura-t-il un tableau à feuilles dans la salle de réunion?
8839	corpus-6-train	FR	J'aurais préféré une chambre à l'arrière. Elles sont généralement plus calmes.
8840	corpus-6-test-corpus-26-train	FR	Vérifiez, s'il vous plaît.
8843	corpus-6-dev	FR	Je voudrais la chambre la plus calme que vous ayez.
8844	corpus-6-test-corpus-26-test	FR	Combien coûtent les champignons frais?
8847	corpus-6-train	FR	Est-ce que vous vendez des articles hors taxe sur le vol?
8849	corpus-6-train	FR	Je voudrais sortir mon passeport du coffre-fort.
8850	corpus-6-test-corpus-26-train	FR	La note, s'il vous plaît. Vous prenez les cartes VISA?
8851	corpus-6-test-corpus-26-train	FR	Aujourd'hui, je vais aller voir à quoi ressemble Chinatown.
8854	corpus-6-train	FR	Au cinq cent cinq.
8857	corpus-6-train	FR	Vous pouvez acheter des billets à la caisse du théâtre.
8859	corpus-6-train	FR	Excusez-moi, mais où sont les toilettes, s'il vous plaît?
8860	corpus-6-train	FR	Dans quelle direction est le Nord?
8862	corpus-6-train	FR	La clé de la mille cent quarante-cinq, s'il vous plaît.
8866	corpus-6-train	FR	Voyez-vous la statue dans ce bâtiment?
8867	corpus-6-train	FR	Puis-je avoir de l'eau?
8868	corpus-6-train	FR	Oui, j'en suis sûr. C'est si délicieux que j'ai trop mangé. J'ai énormément apprécié le dîner.
8869	corpus-6-train	FR	Merci. Ensuite, pouvez-vous me montrer des sandales en pointure six et demi D?
8871	corpus-6-train	FR	Veuillez lui administrer les premiers soins.
8872	corpus-6-train	FR	Y a-t-il un miroir?
8874	corpus-6-train	FR	Où est la porte vingt-quatre?
8875	corpus-6-train	FR	Prenez deux gélules deux fois par jour.
8877	corpus-6-train	FR	Je n'ai pas assez de liquide, je vais donc payer par carte de crédit.
8879	corpus-6-train	FR	Restez en ligne.
8880	corpus-6-test-corpus-26-train	FR	Deux zéro deux neuf trois neuf six sept zéro zéro.
8881	corpus-6-train	FR	Je voudrais emmener ce sac avec moi dans l'avion, s'il vous plaît.
8884	corpus-6-train	FR	Puis-je mettre mes bagages à l'arrière?
8887	corpus-6-train	FR	Où puis-je acheter un ticket pour le bus?
8888	corpus-6-train	FR	Vous voulez vous joindre à nous?
8889	corpus-6-dev	FR	Pourriez-vous ajouter du cheddar?
8890	corpus-6-train	FR	Alors, veuillez remplir le formulaire d'inscription et le signer.
8891	corpus-6-train	FR	Je voudrais cinq timbres à quinze centimes de dollars et vingt cartes postales, s'il vous plaît.
8892	corpus-6-train	FR	Combien de temps faudra-t-il jusqu'à l'hôtel Hilton?
8893	corpus-6-train	FR	Un peu.
8894	corpus-6-train	FR	J'envisage de visiter la ville pendant une demi-journée cet après-midi.
8895	corpus-6-train	FR	Combien en tout?
8896	corpus-6-train	FR	Une chambre calme, s'il vous plaît.
8898	corpus-6-dev	FR	J'appelle simplement pour vous remercier pour votre aide pendant mon séjour aux Etats-Unis.
8900	corpus-6-test-corpus-26-train	FR	Je voudrais me faire arracher les dents.
8901	corpus-6-train	FR	Nous avons quinze jours fériés.
8905	corpus-6-test-corpus-26-train	FR	Je voudrais une trousse de maquillage.
8906	corpus-6-train	FR	Je suis certain de l'avoir déposé à la réception.
8907	corpus-6-test-corpus-26-dev	FR	Je me demande combien je devrais laisser comme pourboire.
8911	corpus-6-train	FR	C'est la femme de chambre. Avez-vous besoin de quelque chose?
8913	corpus-6-train	FR	Quelle est le prix de cet étui à cigarettes?
8914	corpus-6-test-corpus-26-train	FR	"Où puis-je voir ""Le Fantôme de l'Opéra""?"
8915	corpus-6-test-corpus-26-train	FR	Je veux acheter des souvenirs pour mes amis. Pouvez-vous m'en recommander?
8916	corpus-6-train	FR	Vous aimez travailler ici?
8917	corpus-6-train	FR	Non, c'est le trente-sept quatre-vingt-treize quatre-vingt-quatre soixante-douze. J'ai bien peur que vous n'ayez pas le bon numéro.
8918	corpus-6-test-corpus-26-train	FR	Plus lentement, s'il vous plaît.
8919	corpus-6-test-corpus-26-dev	FR	Quels sont vos frais mensuels moyens de fax à l'international?
8921	corpus-6-train	FR	La clé de ma chambre, s'il vous plaît?
8928	corpus-6-train	FR	Excusez-moi. Pourriez-vous me dire quel train va à Wheeler Avenue?
8929	corpus-6-train	FR	Pourriez-vous me recommander un hôtel propre et pas cher?
8930	corpus-6-train	FR	C'est peut-être un peu trop épais. En avez-vous un plus fin?
8931	corpus-6-train	FR	Puis-je le ramener s'il ne me va pas?
8934	corpus-6-dev	FR	Voulez-vous les envoyer par courrier maritime ou de surface?
8935	corpus-6-train	FR	Emmenez-moi à King Street.
8938	corpus-6-train	FR	Avez-vous des places libres ce soir?
8941	corpus-6-train	FR	Je crois que l'arrêt de bus est près d'ici, non?
8943	corpus-6-train	FR	J'ai bien peur que non, Monsieur.
8944	corpus-6-train	FR	Veuillez parler doucement. Je ne comprends pas très bien.
8945	corpus-6-train	FR	Puis-je l'essayer?
8947	corpus-6-test-corpus-26-train	FR	Frit des deux côtés, s'il vous plaît.
8952	corpus-6-train	FR	Que diriez-vous de prendre un café avec moi?
8955	corpus-6-train	FR	Je voudrais prendre une bière. Quels types de bières avez-vous?
8958	corpus-6-train	FR	Quoi? Ils ne fournissent pas de brosse à dents gratuite?
8959	corpus-6-train	FR	Je voudrais trois pellicules couleurs de trente-six poses.
8960	corpus-6-train	FR	Y a-t-il des bus en circulation?
8962	corpus-6-train	FR	Oh, c'est un peu élevé. Avez-vous quelque chose de moins cher?
8963	corpus-6-train	FR	Excusez-moi. Nous avons demandé trois fois nos boissons.
8964	corpus-6-train	FR	Combien jusqu'à la Tour de Londres?
8966	corpus-6-test-corpus-26-dev	FR	OK, ça semble assez clair. Donnez-moi tous les deux votre permis de conduire et votre immatriculation. Et pour toi mon gars, c'est l'alcootest.
8967	corpus-6-dev	FR	Pourriez-vous me recommander des endroits où je pourrais me rendre et revenir en une journée?
8968	corpus-6-train	FR	C'est lourd.
8969	corpus-6-dev	FR	La rue est différente de celle que nous avons prise hier. C'est un raccourci?
8970	corpus-6-train	FR	Comment l'écrivez-vous?
8973	corpus-6-dev	FR	Pas nécessairement. Je pense qu'ils ont appris à coexister après de nombreuses années de concurrence.
8976	corpus-6-train	FR	Au fait, les grands magasins acceptent-ils les chèques-voyages?
8978	corpus-6-train	FR	Oui, bien sûr. Quel est votre numéro de carte et la date d'expiration?
8979	corpus-6-train	FR	Je voudrais un pot de confiture.
8981	corpus-6-train	FR	Puis-je louer un équipement de plongée libre dans ce magasin?
8983	corpus-6-train	FR	Voulez-vous prendre soin de mes bagages?
8984	corpus-6-train	FR	Vous pourriez essayer l'hôtel B ou l'hôtel C.
8985	corpus-6-train	FR	Quand le rideau se lève-t-il?
8987	corpus-6-dev	FR	Comment voulez-vous vos cheveux?
8989	corpus-6-train	FR	On commence avec les Rolling Stones.
8990	corpus-6-train	FR	Oui, une salade de crevettes pour commencer.
8991	corpus-6-train	FR	Mon passeport a été volé, ainsi que soixante-dix dollars.
8993	corpus-6-train	FR	Quel est ce curieux bâtiment?
8994	corpus-6-train	FR	Avez-vous une piscine dans cet hôtel?
8995	corpus-6-train	FR	Veuillez m'appeler à six heures demain matin. Chambre numéro quatre cent vingt.
8996	corpus-6-train	FR	Puis-je payer en yens?
8998	corpus-6-train	FR	Je crains qu'il n'y ait pas de remboursements. Vous pouvez seulement l'échanger contre autre chose.
8999	corpus-6-train	FR	Où se trouve l'université?
9000	corpus-6-train	FR	Elle portait un t-shirt et une longue jupe.
9001	corpus-6-dev	FR	Je viens des Etats-Unis.
9002	corpus-6-train	FR	C'est le restaurant Dallas.
9003	corpus-6-train	FR	N'hésitez pas à nous contacter à tout moment.
9004	corpus-6-train	FR	Pourriez-vous l'expédier au Japon si je le commande maintenant?
9005	corpus-6-dev	FR	Puis-je avoir un sandwich dinde-pain de seigle? Je voudrais de la mayonnaise en plus, s'il vous plaît.
9007	corpus-6-train	FR	Ces billets sont valables pour combien de jours?
9008	corpus-6-train	FR	Voulez-vous venir manger un morceau avec moi?
9009	corpus-6-train	FR	On m'a volé mon portefeuille avec mon passeport.
9011	corpus-6-test-corpus-26-train	FR	Il sera prêt après-demain dans la soirée.
9012	corpus-6-train	FR	Avez-vous des projets?
9016	corpus-6-train	FR	Y a-t-il du chauffage?
9017	corpus-6-dev	FR	Où se trouve le théâtre?
9019	corpus-6-dev	FR	Je me suis coupé le doigt.
9021	corpus-6-train	FR	Accepteriez-vous cent dollars pour ça?
9022	corpus-6-test-corpus-26-train	FR	Est-ce fabriqué en coton?
9023	corpus-6-train	FR	Ça alors. Je ne savais pas qu'il faut au moins un mois pour obtenir une carte de crédit.
9024	corpus-6-train	FR	Pourrais-je récupérer mes affaires dans mon coffre-fort?
9025	corpus-6-train	FR	Je veux modifier mon programme.
9026	corpus-6-train	FR	Non, ce n'est pas nécessaire. Appuyez seulement sur l'obturateur, s'il vous plaît.
9027	corpus-6-train	FR	On m'a frappé.
9028	corpus-6-train	FR	Quand finit l'excursion?
9029	corpus-6-test-corpus-26-dev	FR	J'ai mes propres médicaments.
9030	corpus-6-train	FR	Miami.
9032	corpus-6-dev	FR	Mon tour?
9034	corpus-6-test-corpus-26-train	FR	Que puis-je voir pendant cette excursion?
9038	corpus-6-train	FR	Où puis-je acheter des objets artisanaux?
9040	corpus-6-train	FR	Il coûte six dollars. Vous le prenez?
9041	corpus-6-test-corpus-26-train	FR	Oui, il y a au minimum une boisson.
9042	corpus-6-train	FR	Où se trouvent les toilettes les plus proches d'ici, s'il vous plaît?
9047	corpus-6-train	FR	En voici différentes sortes.
9048	corpus-6-train	FR	Faites-moi un meilleur prix.
9050	corpus-6-train	FR	Au revoir.
9051	corpus-6-test-corpus-26-train	FR	Combien est-ce pour une journée?
9052	corpus-6-train	FR	Je voudrais régler ma note, s'il vous plaît.
9053	corpus-6-train	FR	Je me demande si je peux me faire monter le petit déjeuner?
9055	corpus-6-dev	FR	Est-il possible de gravir une montagne avec un matériel si léger?
9056	corpus-6-train	FR	Pourrais-je avoir de l'eau?
9057	corpus-6-train	FR	Nous ferons de notre mieux pour trouver une conclusion à ce sujet avant la prochaine réunion.
9058	corpus-6-train	FR	Les produits cosmétiques sont-ils au rez-de-chaussée?
9061	corpus-6-test-corpus-26-dev	FR	Ce bus s'arrête près de l'hôtel?
9062	corpus-6-train	FR	Plus d'un paquet par jour.
9063	corpus-6-train	FR	Je ne peux pas me le permettre.
9065	corpus-6-train	FR	Pourrais-je avoir des cigarettes?
9066	corpus-6-train	FR	Faites venir un médecin dans ma chambre, s'il vous plaît.
9071	corpus-6-train	FR	Excusez-moi si je me trompe, mais ne seriez-vous pas Rebecca Anderson?
9073	corpus-6-test-corpus-26-train	FR	Je voudrais un CD.
9074	corpus-6-train	FR	Je suis descendu au Hyatt. Veuillez envoyer mes bagages à l'hôtel aussi tôt que possible.
9077	corpus-6-test-corpus-26-train	FR	Il y a des vols JAL et ANA qui partent à dix heures cinquante-cinq. Mais les deux vols sont malheureusement complets.
9079	corpus-6-train	FR	Un billet aller-retour, s'il vous plaît.
9081	corpus-6-train	FR	Quai numéro cinq, juste là.
9082	corpus-6-train	FR	Je voudrais un pull-over à manches longues.
9085	corpus-6-train	FR	Il y a une banque à deux pâtés de maisons tout droit.
9089	corpus-6-train	FR	Nous aurons une heure de retard.
9091	corpus-6-dev	FR	Où puis-je vérifier l'huile?
9092	corpus-6-train	FR	Veuillez l'envoyer en express.
9093	corpus-6-dev	FR	C'est la chambre trois cent quarante-cinq. Je voudrais le service d'étage, s'il vous plaît.
9094	corpus-6-test-corpus-26-train	FR	Ça me va bien.
9097	corpus-6-train	FR	Puis-je prendre ça dans l'avion?
9098	corpus-6-test-corpus-26-train	FR	Pourrions-nous avoir une table pour cinq?
9099	corpus-6-train	FR	Avez-vous des places libres en classe économique sur le vol à destination de Tokyo le treize octobre, s'il vous plaît?
9100	corpus-6-test-corpus-26-train	FR	Elle ne comprend pas du tout l'anglais.
9103	corpus-6-train	FR	Un aller simple ou un aller-retour?
9105	corpus-6-train	FR	Je voudrais un entrecôte avec des pommes de terre sautées.
9106	corpus-6-train	FR	C'est du veau haché au poivre.
9107	corpus-6-train	FR	Ce modèle est très populaire cette année.
9108	corpus-6-train	FR	Je suis au régime.
9109	corpus-6-train	FR	Y a-t-il une discothèque dans cette ville?
9114	corpus-6-train	FR	Où se trouve le comptoir d'enregistrement d'ABC Airlines?
9116	corpus-6-train	FR	C'est juste là.
9119	corpus-6-train	FR	Bonjour, Monsieur. Puis-je vous aider?
9120	corpus-6-train	FR	Ça me démange ici.
9121	corpus-6-train	FR	Veuillez me donner le reste en petite monnaie.
9122	corpus-6-train	FR	Nous pouvons vous proposer une place le vingt-quatre mars.
9123	corpus-6-train	FR	Je vois. Combien d'arrêts y a-t-il d'ici à la gare du Midi?
9124	corpus-6-train	FR	Je voudrais modifier ma réservation pour le vol JL zéro zéro un le trois janvier.
9126	corpus-6-test-corpus-26-dev	FR	Veuillez encaisser un chèque-voyage.
9127	corpus-6-train	FR	Un sandwich au jambon dans du pain de seigle et un grand jus d'orange, s'il vous plaît.
9129	corpus-6-train	FR	Puis-je rendre celui-ci?
9131	corpus-6-train	FR	Allô. C'est Tsuneo Suzuki. Pourrais-je parler à John Anderson, s'il vous plaît?
9134	corpus-6-train	FR	M. Tsuneo Suzuki? Pourriez-vous remplir cette fiche d'enregistrement? Quel type de chambre désirez-vous?
9135	corpus-6-train	FR	C'est exact. Veuillez également indiquer votre numéro de téléphone.
9137	corpus-6-train	FR	Mon passeport expire dans deux semaines.
9139	corpus-6-train	FR	Ce cuir est très délicat et se déchire facilement, faites attention.
9141	corpus-6-train	FR	Félicitations, j'ai entendu dire que vous allez avoir un bébé.
9143	corpus-6-train	FR	Quel est le numéro du service d'entretien?
9145	corpus-6-train	FR	Les feux de stop ne marchent pas.
9147	corpus-6-train	FR	Mesdames et messieurs, nous faisons les derniers préparatifs pour notre départ et partirons dans quelques minutes, à l'heure prévue.
9148	corpus-6-train	FR	Y a-t-il une voie express?
9150	corpus-6-test-corpus-26-train	FR	Pouvez-vous vous occuper d'elle de neuf heures du matin à quinze heures environ?
9151	corpus-6-train	FR	Vous êtes irlandais?
9154	corpus-6-train	FR	Je vous suggère un collier.
9156	corpus-6-train	FR	Veuillez produire un certificat médical et une facture pour l'assurance, s'il vous plaît.
9157	corpus-6-train	FR	Pouvez-vous l'apporter à neuf heures?
9158	corpus-6-train	FR	Est-ce que c'est en vente en ce moment?
9159	corpus-6-train	FR	Pourquoi ne pouvons-nous pas aller à Buckingham Palace aujourd'hui?
9160	corpus-6-test-corpus-26-train	FR	Combien coûte un courrier par avion pour le Japon?
9161	corpus-6-train	FR	Veuillez répéter.
9163	corpus-6-train	FR	Si seulement je pouvais être avec vous.
9164	corpus-6-train	FR	J'aime beaucoup les fruits, sauf les figues.
9165	corpus-6-train	FR	Puis-je aller à l'intérieur?
9166	corpus-6-train	FR	Ce n'est pas loin?
9167	corpus-6-train	FR	Et bien, j'espère retourner au Japon et obtenir un bon poste dans l'une des plus grandes banques.
9168	corpus-6-train	FR	Veuillez ouvrir ceci.
9169	corpus-6-train	FR	Où se trouve le magasin de sports le plus proche?
9171	corpus-6-train	FR	Je voudrais que le directeur remplisse ce formulaire, s'il vous plaît.
9172	corpus-6-train	FR	Je veux arriver à Los Angeles entre midi et deux heures environ.
9173	corpus-6-dev	FR	Puis-je voir un dépliant des excursions touristiques?
9174	corpus-6-train	FR	Cent soixante-dix livres par personne en tout.
9175	corpus-6-dev	FR	Emmenez-moi à l'hôtel Four Seasons, s'il vous plaît.
9176	corpus-6-test-corpus-26-train	FR	Je suis enfermé dehors. Pouvez-vous déverrouiller ma porte, s'il vous plaît?
9178	corpus-6-train	FR	Puis-je venir à dix heures mercredi?
9180	corpus-6-train	FR	Puis-je avoir la même chose dans une autre couleur?
9181	corpus-6-train	FR	Où avez-vous été dévalisé? Vous savez, si une fille tente de résister, ça peut être plus dangereux.
9182	corpus-6-train	FR	Veuillez m'administrer les premiers soins.
9184	corpus-6-train	FR	Vous ne pouvez pas prendre ce bagage avec vous.
9185	corpus-6-train	FR	Et bien, ça dépend du trafic, vous savez. Il est assez dense cet après-midi.
9191	corpus-6-train	FR	Je voudrais vous inviter chez moi samedi prochain.
9193	corpus-6-train	FR	Puis-je obtenir mes médicaments ici?
9194	corpus-6-train	FR	Je ne parle que japonais.
9198	corpus-6-train	FR	Nous ouvrons à dix heures et fermons à dix-huit heures.
9200	corpus-6-dev	FR	Ma femme et moi voudrions ouvrir un compte d'épargne commun.
9203	corpus-6-train	FR	Nous vous demandons de bien vouloir porter une cravate.
9206	corpus-6-train	FR	Coupe d'entretien et shampoing, s'il vous plaît.
9207	corpus-6-train	FR	Je n'arrive pas à croire que vous avez réellement quarante ans.
9209	corpus-6-train	FR	Dois-je changer de bus pour aller là-bas?
9210	corpus-6-train	FR	Qui est le dernier en ligne?
9211	corpus-6-test-corpus-26-train	FR	Quelle excursion est la meilleure pour voir les endroits les plus connus?
9212	corpus-6-train	FR	Je suis désolé, M. Shimada. M. Russell est sorti.
9216	corpus-6-train	FR	Où se trouve l'issue de secours?
9217	corpus-6-train	FR	Pourriez-vous répéter cela, s'il vous plaît?
9218	corpus-6-train	FR	Il sera prêt après-demain matin.
9219	corpus-6-train	FR	Le bus pour Boston part-il à neuf heures trente?
9222	corpus-6-train	FR	Laissez-moi m'occuper de vos bagages.
9223	corpus-6-train	FR	Avez-vous de la soupe à l'oignon?
9224	corpus-6-train	FR	Je sais exactement ce que vous ressentez.
9225	corpus-6-train	FR	A quelle heure ferme ce musée?
9226	corpus-6-train	FR	Le chauffeur m'a fait payer trop cher. Que me conseillez-vous de faire?
9227	corpus-6-dev	FR	Cette zone est-elle sûre pour les femmes?
9228	corpus-6-train	FR	Parlons des problèmes spécifiques.
9229	corpus-6-test-corpus-26-test	FR	Y a-t-il une hôtesse qui parle japonais?
9231	corpus-6-train	FR	Tous les billets étaient vendus.
9235	corpus-6-train	FR	Tout le monde sourit dans la même langue.
9239	corpus-6-train	FR	J'ai fait une réservation à l'agence de voyage ABC.
9240	corpus-6-train	FR	Nous voudrions réserver une heure à partir de dix heures demain matin.
9241	corpus-6-train	FR	Pourriez-vous attendre ici un instant?
9242	corpus-6-test-corpus-26-test	FR	Combien de sacs puis-je emporter dans l'avion?
9243	corpus-6-train	FR	Nous ne manquons pas de neige ici.
9244	corpus-6-train	FR	Il y a également de nombreuses variétés de ramen instantanés. Une tasse de ramen se prépare en trois minutes après avoir ajouté de l'eau bouillante.
9245	corpus-6-train	FR	Veuillez laver ceci.
9246	corpus-6-train	FR	A combien s'élèveraient les frais du porteur?
9248	corpus-6-train	FR	Quel produit a le plus contribué à l'augmentation de vos ventes l'an dernier?
9249	corpus-6-dev	FR	Deux adultes et un enfant, s'il vous plaît. Au fait, que signifie ce PG quinze?
9250	corpus-6-train	FR	Il a maquillé sa courte approche.
9251	corpus-6-train	FR	J'apprécierais que vous m'indiquiez quand descendre.
9256	corpus-6-train	FR	Puis-je acheter des pilules contre les maux d'estomac sans ordonnance ici?
9258	corpus-6-train	FR	Il semble que quelqu'un ait pris mes bagages.
9261	corpus-6-dev	FR	J'ai rempli un réservoir.
9263	corpus-6-test-corpus-26-train	FR	Non, Monsieur. Cet après-midi est complètement réservé. Mais demain, c'est bon.
9266	corpus-6-train	FR	Mettez les bagages dans le coffre, s'il vous plaît.
9267	corpus-6-test-corpus-26-train	FR	Je vais demander le prix exact de la course au portier.
9268	corpus-6-train	FR	Oui, il y aura un guide anglophone.
9269	corpus-6-train	FR	Où dois-je quitter l'autoroute pour aller à Laguna Beach?
9270	corpus-6-train	FR	Depuis combien de temps apprenez-vous l'anglais?
9271	corpus-6-train	FR	Comment fait-on pour ajuster ce flash?
9272	corpus-6-train	FR	Ravi de vous revoir. Merci de nous avoir invités.
9273	corpus-6-train	FR	Génial. Saute dans ma voiture. Je vais t'emmener chez le meilleur gynécologue de la ville.
9274	corpus-6-train	FR	Je vais porter celui-ci, donc veuillez emballer celui-là.
9275	corpus-6-train	FR	Excusez-moi, puis-je changer de place?
9276	corpus-6-train	FR	J'ai besoin de médicaments pour le rhume, s'il vous plaît.
9278	corpus-6-train	FR	Où se trouve le comptoir des correspondances?
9279	corpus-6-train	FR	Avez-vous une plus grande taille?
9286	corpus-6-train	FR	Je voudrais une carafe de vin blanc.
9288	corpus-6-train	FR	Où puis-je l'acheter?
9289	corpus-6-train	FR	Je vais en prendre trois de ceux-là.
9292	corpus-6-train	FR	Pourriez-vous m'examiner avant que nous ne plongions en mer?
9293	corpus-6-train	FR	Est-ce un vol direct?
9296	corpus-6-train	FR	Qui a dit ça?
9299	corpus-6-train	FR	Je veux engager un guide qui parle japonais.
9301	corpus-6-dev	FR	Prenez-vous les cartes ABC?
9302	corpus-6-dev	FR	Je ne me rappelle pas où je l'ai laissé.
9303	corpus-6-test-corpus-26-train	FR	Je suis vraiment désolé.
9306	corpus-6-train	FR	J'ai une toux grasse.
9307	corpus-6-train	FR	Les écrits en japonais me manquent.
9308	corpus-6-test-corpus-26-train	FR	Nous faisons une fête vendredi soir. Vous voulez vous joindre à nous?
9311	corpus-6-train	FR	Il nous faudra attendre au moins une demi-heure.
9312	corpus-6-test-corpus-26-train	FR	Bien, votre chambre est la neuf cent huit, mademoiselle. Voici votre clé.
9313	corpus-6-train	FR	Je voudrais un stroboscope, s'il vous plaît.
9315	corpus-6-train	FR	J'ai trouvé un défaut ici à la maison. Pourriez-vous l'échanger?
9316	corpus-6-test-corpus-26-dev	FR	Il est très important que nous ayons accès au matériel de base nécessaire au projet.
9317	corpus-6-train	FR	Je ne me souviens pas où.
9319	corpus-6-train	FR	J'ai une douleur intense.
9320	corpus-6-train	FR	Combien de temps ce visa est-il valable?
9321	corpus-6-dev	FR	Je dois envoyer ce costume au nettoyage.
9322	corpus-6-train	FR	Je n'aime pas cette chambre.
9323	corpus-6-dev	FR	Oui. C'est la clé de ma chambre.
9324	corpus-6-test-corpus-26-train	FR	Excusez-moi, Monsieur l'agent?
9325	corpus-6-test-corpus-26-train	FR	Ce train va-t-il directement à Edimbourg?
9326	corpus-6-train	FR	Deux billets aller-retour pour Boston, s'il vous plaît.
9329	corpus-6-test-corpus-26-train	FR	Est-ce que c'est dans les limites hors taxe?
9331	corpus-6-train	FR	Puis-je avoir un autre oreiller?
9332	corpus-6-train	FR	Si possible, une table près de la fenêtre, s'il vous plaît.
9334	corpus-6-train	FR	Apprenez-moi les règles.
9335	corpus-6-train	FR	J'en préférerais un rouge.
9336	corpus-6-train	FR	La zone est-elle sûre?
9337	corpus-6-test-corpus-26-train	FR	Sortez mes effets de valeur, s'il vous plaît.
9339	corpus-6-train	FR	Pourriez-vous me rédiger le diagnostic?
9341	corpus-6-train	FR	On m'a volé mon sac à main en face de l'hôtel près d'ici.
9343	corpus-6-train	FR	C'est moi qui invite.
9344	corpus-6-train	FR	Etes-vous sûr que ce calcul est correct? Veuillez vérifier à nouveau.
9345	corpus-6-train	FR	Il y a de grosses vagues aujourd'hui.
9347	corpus-6-train	FR	Je ne sens aucun goût.
9348	corpus-6-train	FR	Je voudrais faire une visite d'une semaine au Mexique.
9349	corpus-6-train	FR	Il n'a pas encore été transmis.
9350	corpus-6-train	FR	Est-il possible de se faire servir le repas après avoir dormi un peu?
9351	corpus-6-train	FR	A quelle heure est le petit déjeuner?
9352	corpus-6-dev	FR	Est-ce qu'il y a une notice d'utilisation?
9353	corpus-6-train	FR	Veuillez l'écrire là-dessus.
9354	corpus-6-train	FR	Vous pouvez obtenir un ticket dans cette machine avec un billet de mille yens.
9355	corpus-6-train	FR	Excusez-moi. Y a-t-il une cabine téléphonique près d'ici?
9356	corpus-6-train	FR	Puis-je m'asseoir près de vous?
9357	corpus-6-train	FR	Je n'en suis pas sûr. Peut-être ce soir.
9358	corpus-6-test-corpus-26-train	FR	Y a-t-il beaucoup de monde dans les excursions?
9362	corpus-6-train	FR	Je ne me sens pas bien. Pourriez-vous me donner quelque chose, s'il vous plaît?
9364	corpus-6-dev	FR	Combien coûte l'affranchissement de cette carte postale?
9365	corpus-6-train	FR	Affaires.
9367	corpus-6-test-corpus-26-train	FR	Je voudrais acheter des souvenirs. Y a-t-il un magasin de ce type près d'ici?
9368	corpus-6-train	FR	J'ai été renversé par un étranger.
9370	corpus-6-train	FR	Nous aidons les utilisateurs à tirer le maximum des produits qu'ils achètent.
9371	corpus-6-train	FR	Puis-je avoir deux hamburgers?
9372	corpus-6-test-corpus-26-train	FR	Il reste ouvert jusqu'à quand?
9374	corpus-6-train	FR	Où puis-je trouver une brochure?
9375	corpus-6-train	FR	Pourrais-je encaisser ces chèques-voyages d'une valeur de trois cent dollars, s'il vous plaît?
9378	corpus-6-train	FR	Comment puis-je trouver le bâtiment où se situe votre bureau?
9379	corpus-6-train	FR	Avez-vous des voitures qui se conduisent à droite?
9380	corpus-6-train	FR	J'ai besoin d'un cadeau pour un enfant.
9382	corpus-6-train	FR	Je vais l'assurer pour cinquante livres, s'il vous plaît.
9384	corpus-6-test-corpus-26-train	FR	Il est sorti pour le moment.
9385	corpus-6-test-corpus-26-train	FR	Mayumi, pourriez-vous compléter ce papier avec votre signature?
9386	corpus-6-train	FR	Vous le trouverez au bout du lobby.
9387	corpus-6-train	FR	J'ai participé au développement de nouveaux produits.
9389	corpus-6-train	FR	Vous devez me mettre sur un autre vol.
9390	corpus-6-train	FR	C'est combien avec les taxes?
9392	corpus-6-train	FR	Quelle est son apparence?
9397	corpus-6-train	FR	Merci. Je vous suis reconnaissant pour ça. Vous voyez, je m'intéresse aux feuilletons australiens.
9398	corpus-6-train	FR	Il me harcèle.
9401	corpus-6-train	FR	"Vraiment? Et bien, vous devriez prendre un taxi et dire simplement au chauffeur ""terminal de Grey Line City"". Ça prend bien plus de quarante minutes à pied."
9403	corpus-6-train	FR	Je vais au salon de beauté une fois tous les trois mois.
9405	corpus-6-train	FR	Je voudrais une autre chambre.
9406	corpus-6-train	FR	Dans combien de temps est servi le dîner?
9408	corpus-6-train	FR	Je ne suis pas au neuf cent huit dix-sept vingt-six? Désolé, j'ai dû faire un mauvais numéro.
9409	corpus-6-train	FR	Avez-vous quelque chose à manger?
9412	corpus-6-train	FR	En général, je quitte la maison pour aller à l'école à huit heures.
9413	corpus-6-train	FR	Ah, je commence à comprendre.
9414	corpus-6-dev	FR	Quelle est la spécialité de la saison?
9415	corpus-6-train	FR	A quelle distance se trouve Fishermen's wharf?
9417	corpus-6-train	FR	Je voudrais vraiment rentrer à la maison maintenant et faire une bonne sieste.
9419	corpus-6-train	FR	Où est le supermarché le plus proche?
9420	corpus-6-train	FR	Imaginons que je roule avec la Benz sur encore dix mille milles et que j'essaie de vous la revendre. Combien de dollars en obtiendrais-je?
9422	corpus-6-train	FR	"Je mets un autocollant ""réservé"" sur votre billet."
9423	corpus-6-train	FR	Y a-t-il une piste pour les débutants?
9424	corpus-6-train	FR	Je fais ma raie ici.
9425	corpus-6-train	FR	Pourriez-vous suggérer un meilleur plan?
9427	corpus-6-train	FR	Du courrier pour moi?
9428	corpus-6-train	FR	Ce vol partira-t-il à l'heure?
9429	corpus-6-train	FR	J'ai commandé deux Coca-Cola il y a cinquante minutes. Quant vont-ils arriver?
9430	corpus-6-dev	FR	Puis-je être remboursé de ceci?
9431	corpus-6-test-corpus-26-train	FR	En voici un pour vous, Monsieur.
9432	corpus-6-test-corpus-26-train	FR	Je n'ai aucun bagage à enregistrer.
9434	corpus-6-train	FR	Je pense que vous allez dans la mauvaise direction.
9435	corpus-6-train	FR	Excusez-moi, pouvez-vous me recommander un autre hôtel?
9436	corpus-6-train	FR	Vous voyez ce restaurant là-bas?
9437	corpus-6-train	FR	J'aimerais bien, mais je suis très occupé pour l'instant.
9440	corpus-6-train	FR	Je vous le laisse tout spécialement à deux cent trente dollars alors.
9441	corpus-6-train	FR	Je veux que ce costume soit repassé.
9442	corpus-6-train	FR	A combien s'élèveront les frais pour ça?
9443	corpus-6-train	FR	Pouvez-vous faire des retouches?
9444	corpus-6-train	FR	Quelle belle journée. C'est habituel d'avoir une si belle température à cette époque de l'année?
9445	corpus-6-train	FR	Je voudrais louer des skis.
9446	corpus-6-test-corpus-26-test	FR	Bien sûr, prenez votre temps.
9447	corpus-6-train	FR	Comme c'est gentil. J'ai entendu dire que c'est un beau pays.
9448	corpus-6-train	FR	Quel est le tarif?
9450	corpus-6-test-corpus-26-train	FR	Je suis là en mission médiatique.
9453	corpus-6-train	FR	Où devons-nous apporter vos bagages une fois qu'ils auront été retrouvés?
9454	corpus-6-train	FR	C'est une question de coutume. Au Japon, il y avait un code moral disant qu'un garçon ne pouvait même pas s'asseoir avec une fille après avoir atteint l'âge de sept ans.
9456	corpus-6-train	FR	Treize dollars et quarante-six centimes, taxes comprises. En liquide ou par carte?
9457	corpus-6-train	FR	Veuillez réessayer plus tard.
9458	corpus-6-train	FR	Prévoyez-vous des annulations?
9461	corpus-6-dev	FR	Veuillez me dire où se trouve mon siège.
9463	corpus-6-test-corpus-26-train	FR	Avez-vous des films d'été?
9465	corpus-6-train	FR	Excusez-moi. Pourriez-vous prendre une photo de nous, s'il vous plaît?
9466	corpus-6-train	FR	Oui. Veuillez me montrer des chemises.
9467	corpus-6-train	FR	Oui. Ce que je préfère, c'est la natation.
9468	corpus-6-train	FR	Qui est le sculpteur?
9471	corpus-6-train	FR	Comment me va cette robe?
9473	corpus-6-train	FR	Combien de temps faut-il pour aller là-bas en limousine?
9474	corpus-6-train	FR	Il faut vingt minutes pour aller à la gare.
9475	corpus-6-train	FR	J'ai passé un bon séjour. Merci.
9479	corpus-6-train	FR	Montrez-moi la chemise en vitrine.
9481	corpus-6-test-corpus-26-train	FR	Quand est le prochain train pour Washington D.C.?
9483	corpus-6-train	FR	Nous avons connu une expérience semblable par le passé.
9484	corpus-6-train	FR	Voici mon billet.
9485	corpus-6-train	FR	Bonjour, que puis-je faire pour vous?
9486	corpus-6-train	FR	Combien de temps lui faudra-t-il pour arriver au Japon par courrier aérien?
9487	corpus-6-train	FR	Pouvez-vous le vérifier pour moi?
9488	corpus-6-train	FR	C'est trop étroit.
9489	corpus-6-train	FR	Pourrais-je avoir un reçu?
9491	corpus-6-dev	FR	Je veux rester en-dessous de cent dollars.
9492	corpus-6-train	FR	Pouvons-nous chercher des magasins de détaxe?
9494	corpus-6-test-corpus-26-test	FR	Les plus longs qui sont en vogue actuellement.
9498	corpus-6-train	FR	Je voudrais que l'on garde mes sacs jusqu'à trois heures.
9499	corpus-6-train	FR	A quelle distance est la plage?
9500	corpus-6-train	FR	Je voudrais un kit de premier secours.
9501	corpus-6-train	FR	Veuillez me donner le numéro à appeler en cas d'urgence.
9502	corpus-6-train	FR	Y a-t-il des bus pour Guild Hall?
9505	corpus-6-train	FR	Comment allez-vous? Je suis Hiroko Suzuki. Puis-je demander votre nom?
9512	corpus-6-train	FR	Votre cuisine préférée est aussi la cuisine japonaise?
9513	corpus-6-train	FR	Veuillez envoyer cette lettre en recommandé.
9515	corpus-6-train	FR	Où se trouve le magasin de légumes le plus proche?
9516	corpus-6-test-corpus-26-train	FR	Je retournerai au Japon lundi prochain.
9520	corpus-6-train	FR	Oui. Quatre-vingt livres par nuit, plus les taxes.
9522	corpus-6-train	FR	Voici votre menu. Votre serveuse sera là bientôt. Bon appétit.
9524	corpus-6-train	FR	Je voudrais parler à M. Gojo, chambre trois cent six.
9525	corpus-6-train	FR	Où est l'entrée du métro?
9526	corpus-6-test-corpus-26-train	FR	Pourrais-je avoir un plan du métro?
9528	corpus-6-train	FR	C'était flou.
9529	corpus-6-train	FR	Y a-t-il une banque à l'intérieur de cette gare?
9532	corpus-6-train	FR	Ça ne me convient pas.
9533	corpus-6-train	FR	Je voudrais une vodka.
9534	corpus-6-train	FR	Je voudrais rendre la voiture à San Francisco.
9539	corpus-6-train	FR	Pouvez-vous lui demander de m'appeler en PCV à son retour?
9540	corpus-6-train	FR	Je plaisantais. En fait, je veux juste acheter une nouvelle paire de chaussures. Excusez-moi, où sont les chaussures pour dames?
9541	corpus-6-train	FR	Vous n'avez pas apporté ma salade, je le crains.
9542	corpus-6-test-corpus-26-train	FR	Est-ce que le trajet est long?
9543	corpus-6-train	FR	J'en ai besoin avant vendredi.
9544	corpus-6-train	FR	Oui. Un instant, s'il vous plaît.
9545	corpus-6-dev	FR	En vacances.
9547	corpus-6-train	FR	Votre montre est-elle à l'heure?
9550	corpus-6-train	FR	Qui est le directeur?
9551	corpus-6-train	FR	C'est épicé?
9552	corpus-6-train	FR	Combien ai-je dépensé en tout?
9553	corpus-6-train	FR	Pourriez-vous m'expliquer ces interrupteurs, s'il vous plaît?
9554	corpus-6-train	FR	C'est merveilleux. Parlerez-vous en anglais ou en japonais?
9555	corpus-6-train	FR	Est-ce qu'il n'y a pas de danger pour ce film?
9556	corpus-6-train	FR	J'ai cinq cartouches de cigarettes.
9558	corpus-6-train	FR	Veuillez me dire quelle taille m'irait le mieux.
9560	corpus-6-test-corpus-26-train	FR	Pouvez-vous échanger ceci contre un nouveau?
9562	corpus-6-train	FR	Excusez-moi. J'ai peur de m'être perdu. Pouvez-vous me montrer le chemin de la gare?
9563	corpus-6-train	FR	Quelle est la superficie du Japon?
9564	corpus-6-dev	FR	Non, je n'ai pas beaucoup de temps, juste une mise en plis.
9568	corpus-6-train	FR	De San Francisco à Narita.
9569	corpus-6-train	FR	A y a-t-il un médecin qui parle japonais?
9571	corpus-6-train	FR	Puis-je avoir une théière, s'il vous plaît?
9572	corpus-6-train	FR	Puis-je aller là-bas en taxi?
9576	corpus-6-test-corpus-26-train	FR	Deux personnes.
9577	corpus-6-train	FR	Ce fleuve fait plus de cent mètres de large.
9578	corpus-6-train	FR	Ce n'est pas tout à fait ma taille.
9579	corpus-6-test-corpus-26-test	FR	Où puis-je récupérer mes bagages?
9581	corpus-6-test-corpus-26-train	FR	Je ne me sens pas bien. Pourrais-je incliner mon siège?
9582	corpus-6-train	FR	C'est agréable de jouer au tennis dans un si bel endroit.
9583	corpus-6-train	FR	Je voudrais réserver une chambre d'hôtel pour ce soir.
9585	corpus-6-train	FR	Vous voyez le panneau indiquant le métro là-bas?
9586	corpus-6-train	FR	Vous êtes ouvert le dimanche?
9588	corpus-6-train	FR	Pourriez-vous produire une carte de remplacement.
9589	corpus-6-train	FR	Je suis vraiment désolé.
9590	corpus-6-train	FR	Quand ce film sera prêt?
9591	corpus-6-train	FR	Y a-t-il une bonne discothèque dans les environs?
9594	corpus-6-train	FR	Je vais en prendre un rouge et un blanc.
9595	corpus-6-train	FR	Je voudrais un objectif grand angle.
9598	corpus-6-train	FR	Oh, juste quelques jours. Il y a tant de choses à voir que je ne pense pas avoir le temps de tout faire.
9599	corpus-6-train	FR	Quelle ligne pour Manhattan?
9600	corpus-6-train	FR	Combien de temps dure le premier entracte?
9602	corpus-6-train	FR	Vous avez grillé un feu rouge.
9603	corpus-6-train	FR	Ce garçon a déboulé devant ma voiture.
9604	corpus-6-test-corpus-26-train	FR	Onze heures quarante-cinq.
9605	corpus-6-test-corpus-26-train	FR	Pourriez-vous m'indiquer un restaurant particulièrement apprécié des jeunes?
9606	corpus-6-test-corpus-26-train	FR	Sa voiture fonçait à toute vitesse.
9607	corpus-6-train	FR	Montrez-moi un porte-documents pour homme.
9608	corpus-6-train	FR	Pourriez-vous le lire pour en être sûr?
9611	corpus-6-test-corpus-26-dev	FR	Puis-je laisser un message? J'appelle pour confirmer mon rendez-vous avec M. Ebert mercredi prochain à onze heures.
9612	corpus-6-train	FR	Je voudrais un après-shampooing.
9613	corpus-6-train	FR	J'en ai besoin demain.
9614	corpus-6-train	FR	J'en ai besoin avant dix-sept heures.
9617	corpus-6-train	FR	Mais ils ne peuvent être utilisés que pour se défendre.
9620	corpus-6-train	FR	J'ai besoin d'un médecin. Pouvez-vous m'en présenter un?
9622	corpus-6-train	FR	Les galettes de riz sont un met traditionnel japonais.
9623	corpus-6-train	FR	Merci pour votre assistance.
9624	corpus-6-train	FR	Avez-vous quelque chose de plus décontracté?
9625	corpus-6-train	FR	Je dois être à l'aéroport pour dix heures trente.
9626	corpus-6-train	FR	Je voudrais dîner.
9628	corpus-6-test-corpus-26-dev	FR	Pouvez-vous décrire votre maladie en anglais?
9629	corpus-6-train	FR	J'ai un élancement dans l'oreille et dans le cou.
9630	corpus-6-train	FR	Je ne pourrai jamais assez m'excuser.
9631	corpus-6-dev	FR	J'ai demandé un repas végétarien.
9633	corpus-6-train	FR	Y a-t-il un restaurant chinois près d'ici?
9634	corpus-6-test-corpus-26-test	FR	Pourriez-vous envoyer un taxi à l'entrée principale de Westminster Mall?
9635	corpus-6-train	FR	Vous allez séjourner longtemps à New York?
9636	corpus-6-train	FR	Je voudrais un formulaire pour un télégramme, s'il vous plaît.
9637	corpus-6-train	FR	Pourrais-je avoir des timbres pour sept cartes postales à destination du Japon?
9639	corpus-6-train	FR	Ce bus va-t-il à Disneyland?
9643	corpus-6-train	FR	Bien sûr. Montez.
9644	corpus-6-train	FR	Nous avons des billets pour des voitures normales et des voitures vertes. Qu'est-ce que vous préférez?
9645	corpus-6-train	FR	J'ai perdu ma montre.
9646	corpus-6-train	FR	Avec qui envisagez-vous de partir?
9649	corpus-6-train	FR	Où allez-vous?
9650	corpus-6-train	FR	L'usage du flash est interdit.
9651	corpus-6-test-corpus-26-train	FR	Combien de fois dois-je changer de train pour aller là-bas?
9653	corpus-6-train	FR	Je voudrais louer ce type de voiture pour trois heures.
9654	corpus-6-train	FR	J'ai passé un formidable moment ce soir, merci.
9655	corpus-6-train	FR	Comment se sert-on de ça en cuisine?
9656	corpus-6-train	FR	Combien coûte celui-là, taxes comprises?
9657	corpus-6-test-corpus-26-train	FR	C'est vrai? Laissez-moi vérifier. Oh, je suis terriblement désolé, M. Takano. C'est une erreur de notre part. Voici votre nouvelle note, pourriez-vous signer ici, s'il vous plaît?
9659	corpus-6-train	FR	J'ai besoin d'une déclaration d'accident.
9661	corpus-6-train	FR	Je ne veux pas de laque sur les cheveux.
9662	corpus-6-train	FR	Certainement. Je vais les mettre dans le coffre.
9664	corpus-6-train	FR	A combien s'élèvent les frais de retouche?
9666	corpus-6-train	FR	Oui, certainement. Vous allez séjourner trois nuits?
9669	corpus-6-train	FR	Pourriez-vous prendre mes mesures?
9672	corpus-6-train	FR	Pourriez-vous me l'emballer, s'il vous plaît?
9673	corpus-6-test-corpus-26-train	FR	Rendez-moi cinq dollars, s'il vous plaît.
9674	corpus-6-train	FR	Combien ça coûte?
9676	corpus-6-dev	FR	Je ne connais pas les tailles britanniques.
9677	corpus-6-train	FR	Il vous plaît vraiment?
9679	corpus-6-train	FR	Veuillez me montrer votre contrat. Les frais s'élèveront à deux cents dollars au total.
9680	corpus-6-train	FR	Puis-je voir votre carte d'embarquement?
9681	corpus-6-train	FR	Je veux une chambre simple.
9683	corpus-6-test-corpus-26-train	FR	Le bouchon de la baignoire ne s'ajuste pas complètement.
9684	corpus-6-train	FR	Mettez vos sacs ici. Un seul sac à enregistrer?
9685	corpus-6-train	FR	J'ai envie de dormir un moment.
9687	corpus-6-test-corpus-26-train	FR	C'est un geste modeste pour exprimer ma gratitude.
9688	corpus-6-test-corpus-26-train	FR	Pourriez-vous remplir ce formulaire?
9691	corpus-6-train	FR	De quel quai part-il?
9693	corpus-6-train	FR	Puis-je avoir deux places au dernier balcon pour ce soir?
9695	corpus-6-test-corpus-26-test	FR	Que diriez-vous de ces maquettes en plastique?
9698	corpus-6-train	FR	Près de la scène?
9700	corpus-6-train	FR	Le prix sur le ticket de caisse est le même que sur l'étiquette.
9701	corpus-6-test-corpus-26-train	FR	Quelles marques avez-vous?
9702	corpus-6-test-corpus-26-train	FR	Les talons sont trop hauts pour moi.
9703	corpus-6-train	FR	Contactez une compagnie d'assurance, s'il vous plaît.
9707	corpus-6-train	FR	Que diriez-vous de cinq? Je n'en ai pas besoin d'autant.
9709	corpus-6-train	FR	J'ai laissé mon manteau ici.
9710	corpus-6-test-corpus-26-test	FR	Je suis enfermé hors de ma chambre.
9712	corpus-6-train	FR	Coupez les pointes après la permanente, s'il vous plaît.
9713	corpus-6-train	FR	Le siège est cassé.
9714	corpus-6-dev	FR	Je veux un film inversible Kodak de trente-six poses.
9715	corpus-6-train	FR	Où se trouve le plus grand magasin des environs?
9717	corpus-6-train	FR	Votre nom, s'il vous plaît.
9719	corpus-6-train	FR	Je voudrais du poulet, s'il vous plaît.
9720	corpus-6-train	FR	J'ai un problème. Mon portefeuille a été volé alors que je me promenais dans la rue. Où est le commissariat?
9722	corpus-6-train	FR	Veuillez vous abstenir de fumer pour le moment.
9723	corpus-6-train	FR	Nous sommes maintenant près de Sydney, route trente-deux.
9724	corpus-6-dev	FR	Je veux rester plus longtemps.
9726	corpus-6-train	FR	Est-ce que c'est un self-service?
9727	corpus-6-train	FR	Bien sûr. Qu'est-ce que c'est?
9730	corpus-6-test-corpus-26-train	FR	Depuis combien êtes-vous à Paris?
9731	corpus-6-train	FR	Je suis arrivé ici par le vol British Airways numéro cent cinquante-deux.
9732	corpus-6-test-corpus-26-train	FR	Pourrais-je avoir des timbres-poste pour trois cartes postales à destination du Japon par courrier aérien?
9734	corpus-6-train	FR	Il fut fondé en mille sept cent cinquante trois mais la façade et ses colonnes de marbre datent de mille huit cent cinquante-deux.
9735	corpus-6-train	FR	Puis-je prendre votre commande?
9736	corpus-6-train	FR	Pour être précis, des centaines de milliers d'entre eux, M. Kurio. Rien que dans cette cave, nous conservons environ huit cent mille bouteilles.
9738	corpus-6-train	FR	C'est vrai. J'aimerais vraiment le revoir.
9739	corpus-6-train	FR	Oui, mais vous devrez payer un supplément.
9740	corpus-6-train	FR	Depuis combien de temps faites-vous ça?
9744	corpus-6-train	FR	Je voudrais prendre le même vol le premier juillet.
9746	corpus-6-test-corpus-26-train	FR	Ça s'écrit G-O-R-O-H.
9747	corpus-6-test-corpus-26-train	FR	Désirez-vous quelque chose à boire?
9748	corpus-6-test-corpus-26-train	FR	Allongez-vous ici.
9752	corpus-6-test-corpus-26-train	FR	Envoyez le télégramme en urgent, s'il vous plaît.
9756	corpus-6-train	FR	Est-ce que c'est un train express?
9757	corpus-6-dev	FR	Quel est le tarif approximatif pour aller au Washington Square Park?
9758	corpus-6-train	FR	Je n'arrive pas à atteindre la fermeture éclair à l'arrière.
9759	corpus-6-train	FR	Le vol PAA deux cent cinq est-il à l'heure?
9760	corpus-6-train	FR	Pourriez-vous me recommander un bon livre pour un jeune de quinze ans.
9762	corpus-6-train	FR	C'est bon?
9763	corpus-6-train	FR	Comment dois-je faire pour retourner à la gare Grand central?
9765	corpus-6-train	FR	Ce petit rouge à lèvres est si mignon. Je vais le prendre, s'il vous plaît.
9766	corpus-6-train	FR	Est-ce le retrait des bagages de United Airlines?
9768	corpus-6-train	FR	Le numéro est trois quatre cinq six sept huit neuf zéro un deux.
9770	corpus-6-train	FR	Je voudrais un lit de camp.
9772	corpus-6-train	FR	C'est le mauvais journal.
9776	corpus-6-train	FR	J'ai huit ans.
9777	corpus-6-train	FR	Désirez-vous laisser un message?
9778	corpus-6-dev	FR	J'ai une infection vaginale.
9779	corpus-6-train	FR	Je cherche des kits de maquillage.
9782	corpus-6-train	FR	La note inclut-elle le service?
9784	corpus-6-train	FR	En avez-vous d'autres en coton?
9787	corpus-6-train	FR	Je voudrais du poivre, s'il vous plaît.
9788	corpus-6-test-corpus-26-train	FR	Selon le bulletin météo, il va neiger demain.
9789	corpus-6-train	FR	Si mes bagages n'arrivent pas demain, je changerai d'hôtel dans deux jours.
9790	corpus-6-train	FR	Avez-vous du vin californien?
9791	corpus-6-train	FR	Si vous avez des yens japonais, je voudrais avoir le reste en yens.
9792	corpus-6-test-corpus-26-train	FR	Je voudrais un ballon.
9793	corpus-6-train	FR	Je vous suis très reconnaissant.
9795	corpus-6-train	FR	Veuillez rester dans un rayon de plongée de trente pieds.
9796	corpus-6-train	FR	Non. Quelque chose à appliquer sur le corps.
9797	corpus-6-dev	FR	Je voudrais un guide privé.
9798	corpus-6-train	FR	Tirez un penalty.
9799	corpus-6-train	FR	Allô, pourrais-je parler à Jane? C'est Mayumi Yamaguchi à l'appareil.
9801	corpus-6-train	FR	Bonjour, vous êtes en relation avec GW Industries. Nos bureaux sont ouverts de neuf heures à dix-sept heures. Si vous connaissez le numéro du poste demandé, veuillez le composer maintenant. Si vous appelez depuis un téléphone à clavier, veuillez composer le nom du groupe auquel vous désirez parler.
9802	corpus-6-train	FR	Quelle est la spécialité de la maison?
9803	corpus-6-train	FR	Avez-vous des chaussures avec un bout pointu?
9804	corpus-6-train	FR	J'ai laissé mon sac dans le train.
9807	corpus-6-train	FR	Mes yeux s'affaiblissent.
9809	corpus-6-train	FR	Pourrais-je y joindre une lettre?
9810	corpus-6-train	FR	Il semble qu'une personne était impliquée.
9812	corpus-6-train	FR	Je voudrais des rubans élastiques.
9813	corpus-6-train	FR	Ce n'est pas de ma faute, c'est de la vôtre.
9815	corpus-6-train	FR	Veuillez vous arrêter à l'entrée principale de l'hôtel.
9818	corpus-6-dev	FR	Pourriez-vous échanger ceci, s'il vous plaît?
9821	corpus-6-train	FR	La vue était vraiment belle.
9822	corpus-6-test-corpus-26-train	FR	Certainement. Nous serons ravis de le faire.
9824	corpus-6-train	FR	Avez-vous des nouveautés en matière de montres?
9825	corpus-6-train	FR	Ses cheveux étaient noirs et bouclés.
9827	corpus-6-train	FR	Pourrais-je avoir du feu, s'il vous plaît?
9829	corpus-6-test-corpus-26-train	FR	Eh, une bande dessinée de Malaisie. Je vais en acheter une pour la rapporter à la maison. Ça fera un excellent sujet de conversation.
9831	corpus-6-train	FR	Je me suis éveillé avec un mal de tête ce matin.
9832	corpus-6-train	FR	Pourriez-vous suggérer un autre endroit intéressant à visiter.
9833	corpus-6-train	FR	M. Thomas, laissez-moi vous présenter mon amie, Mary Jones.
9834	corpus-6-train	FR	Moi aussi j'ai faim. Et si nous allions manger quelque part?
9835	corpus-6-dev	FR	Je voudrais vous poser une question sur le point numéro trois. Ai-je raison de croire que je dois payer par virement bancaire?
9836	corpus-6-train	FR	Merci. Oh, c'est joli. Qu'est-ce que c'est?
9837	corpus-6-train	FR	Je voudrais un appel-réveil.
9838	corpus-6-train	FR	Je voudrais annuler mon rendez-vous avec M. A.
9840	corpus-6-train	FR	Mon petit déjeuner n'est pas encore arrivé. Pourriez-vous vous dépêcher, s'il vous plaît?
9841	corpus-6-train	FR	Voyons. Donnez-moi un journal anglais.
9844	corpus-6-train	FR	C'est très beau ici, n'est-ce pas?
9845	corpus-6-dev	FR	J'ai entendu dire que le bateau a été détruit par le typhon.
9847	corpus-6-train	FR	Oui. Mon nom est Sato.
9848	corpus-6-dev	FR	Quel genre d'articles voulez-vous?
9850	corpus-6-train	FR	Je l'aime beaucoup. Mais je crains de ne pas en aimer la ligne. Et les autres?
9852	corpus-6-train	FR	Je suis vraiment désolé. Je vais l'échanger. Lequel vouliez-vous?
9856	corpus-6-train	FR	Quel est le tarif à l'heure?
9857	corpus-6-train	FR	Oui, j'ai beaucoup aimé.
9858	corpus-6-train	FR	Je voudrais un formulaire TVA, s'il vous plaît.
9859	corpus-6-train	FR	Prenons un raccourci.
9860	corpus-6-train	FR	Cinquante centimes par bagage, Monsieur.
9861	corpus-6-train	FR	Quelqu'un m'a arraché mon porte-monnaie.
9862	corpus-6-test-corpus-26-train	FR	"Le chemin du succès est ""Jinmyaku"", c'est ça?"
9863	corpus-6-train	FR	Pourriez-vous me recommander un hôtel pas trop cher?
9865	corpus-6-train	FR	Taisez-vous ou je tire.
9866	corpus-6-test-corpus-26-dev	FR	J'arriverai à votre hôtel vers vingt et une heure.
9867	corpus-6-train	FR	Pas encore. Je prendrai un cheeseburger et un thé glacé moyen.
9868	corpus-6-dev	FR	Merci beaucoup. Vous avez été très serviable.
9870	corpus-6-train	FR	Vous ne m'avez pas rendu le bon montant.
9871	corpus-6-train	FR	A combien s'élèvent-ils en tout?
9872	corpus-6-train	FR	Je voudrais déclarer cette bouteille de vin.
9876	corpus-6-dev	FR	La note, s'il vous plaît.
9877	corpus-6-train	FR	Mon appareil photo ne fonctionne pas bien, veuillez le vérifier.
9878	corpus-6-train	FR	C'est l'anniversaire de ma petite amie. Avez-vous quelque chose de spécial?
9881	corpus-6-train	FR	Avez-vous été pris dans les embouteillages?
9885	corpus-6-test-corpus-26-train	FR	J'ai environ deux mille cinq cents dollars en yens japonais.
9886	corpus-6-train	FR	Devrais-je appeler le chef pour vous l'expliquer?
9890	corpus-6-train	FR	C'est probablement au moins trente-cinq dollars.
9891	corpus-6-dev	FR	Pourriez-vous me donner un anesthétique?
9893	corpus-6-train	FR	Quelqu'un est-il assis ici?
9894	corpus-6-train	FR	Je voudrais une place sur le vol de vingt heures pour Los Angeles.
9897	corpus-6-train	FR	Ceux-ci semblent un peu trop grands. Pourrais-je essayer la taille juste en-dessous?
9899	corpus-6-train	FR	Et voilà. Vous donnez ceci à l'hôtel à votre arrivée. Et voici un plan de la ville. Passez un bon séjour.
9903	corpus-6-test-corpus-26-train	FR	Oui. Je vais vous en montrer.
9905	corpus-6-train	FR	Veuillez rédiger le rapport afin que je puisse préparer une déclaration d'accident à ma compagnie d'assurance.
9906	corpus-6-test-corpus-26-train	FR	Je voudrais des somnifères.
9907	corpus-6-train	FR	Pourriez-vous l'emballer?
9909	corpus-6-train	FR	J'ai finalement trouvé un boulot dans lequel je peux exercer mes talents.
9910	corpus-6-test-corpus-26-train	FR	Je suis ici jusqu'au neuf. J'espère que vous attraperez le criminel le plus vite possible.
9912	corpus-6-train	FR	Oui, je cherche un manteau.
9915	corpus-6-train	FR	Y a-t-il des frais supplémentaires?
9917	corpus-6-train	FR	Pourriez-vous l'échanger?
9919	corpus-6-train	FR	Non. Quand il s'agit de chauffeurs de taxis, ils sont plus ou moins honnêtes.
9920	corpus-6-train	FR	On y va maintenant?
9921	corpus-6-train	FR	Ma gencive est très douloureuse.
9923	corpus-6-train	FR	Puis-je fermer la fenêtre?
9924	corpus-6-train	FR	Mais tout s'accompagne d'une montagne de pommes de terre qui ont l'air gras. Le riz et le potage miso commencent à me manquer.
9925	corpus-6-train	FR	Pourriez-vous me passer quelqu'un qui parle japonais?
9926	corpus-6-train	FR	Les bagages d'une autre personne ont été livrés dans ma chambre.
9927	corpus-6-train	FR	Oui. Suivez deux pâtés de maisons et vous le trouverez sur votre droite.
9929	corpus-6-dev	FR	Je voudrais voir l'Eglise de la Trinité.
9930	corpus-6-train	FR	Tokyo est un centre de la mode.
9931	corpus-6-train	FR	Qu'est-ce qui se joue à l'opéra vendredi soir?
9932	corpus-6-train	FR	J'ai de l'asthme.
9933	corpus-6-train	FR	Elle a assaisonné le ragoût avec de l'ail.
9935	corpus-6-train	FR	Je préfère les films de science-fiction aux histoires d'amour.
9936	corpus-6-train	FR	Permettez-moi de vérifier le taux de change yen-dollar d'aujourd'hui. Juste un instant, s'il vous plaît.
9937	corpus-6-train	FR	C'est une cassette vidéo que j'ai enregistrée pour mon ami.
9939	corpus-6-train	FR	Cinq billets de dix, dix de cinq, et le reste en pièces de vingt-cinq cents, s'il vous plaît.
9940	corpus-6-train	FR	Je voudrais acheter des sacs.
9941	corpus-6-train	FR	Nous allons passer une semaine en camping et bien nous amuser cet été.
9944	corpus-6-train	FR	Je nage et je m'entraîne dans une salle de sport une fois par semaine.
9945	corpus-6-test-corpus-26-train	FR	Je suis sûr que le criminel n'est pas loin.
9946	corpus-6-dev	FR	Vol UA huit cent cinquante-trois.
9948	corpus-6-test-corpus-26-train	FR	Dix timbres, s'il vous plaît.
9949	corpus-6-test-corpus-26-train	FR	J'ai mal à la gorge.
9950	corpus-6-train	FR	Cela durera deux heures et le service coûtera quatre-vingt-dix-neuf dollars.
9951	corpus-6-train	FR	Quelle est la meilleure qualité de chaussure dont vous disposez?
9952	corpus-6-train	FR	Pourquoi êtes-vous allé à New York l'an dernier?
9955	corpus-6-test-corpus-26-train	FR	J'ai besoin de souvenirs de New York.
9956	corpus-6-train	FR	Je viens d'Allemagne. J'ai séjourné à Las Vegas pendant trois jours avant de venir ici.
9957	corpus-6-train	FR	Je veux y aller par bateau, mais à quoi ressemblent les cabines?
9959	corpus-6-train	FR	Eh, il me semble avoir déjà pris cette rue auparavant.
9960	corpus-6-dev	FR	Cela vous dérangerait de préparer mon petit déjeuner une heure plus tôt que ça?
9961	corpus-6-train	FR	Si je vous laisse la pellicule maintenant, quand est-ce que les photos seront prêtes?
9964	corpus-6-train	FR	Est-ce qu'une autre librairie le vend?
9965	corpus-6-train	FR	Juste des médicaments pour l'estomac.
9966	corpus-6-train	FR	Quel est le nom de la gare où je descends?
9967	corpus-6-train	FR	La scolarité obligatoire, c'est six ans d'école primaire et les trois premières années d'école secondaire.
9968	corpus-6-train	FR	Et pour deux?
9969	corpus-6-test-corpus-26-train	FR	Je vais partir. Pouvez-vous faire venir un chasseur?
9970	corpus-6-train	FR	Des missiles de croisière. A quoi servaient-ils?
9971	corpus-6-train	FR	Avez-vous du Jack Daniel's?
9974	corpus-6-dev	FR	Vendent-ils de l'alcool au magasin?
9975	corpus-6-train	FR	Puis-je retenir un instructeur pour une leçon de tennis?
9976	corpus-6-train	FR	Le bus pour El Paso partira-t-il à l'heure?
9977	corpus-6-train	FR	Y a-t-il un wagon-couchette?
9978	corpus-6-train	FR	Pourriez-vous débarrasser ma table, s'il vous plaît?
9979	corpus-6-test-corpus-26-train	FR	Ma montre s'est arrêtée.
9980	corpus-6-train	FR	Je parlais avec M. Douglas du Service commercial, et nous avons été coupés.
9981	corpus-6-train	FR	Non, nous n'avons pas reçu de messages, mais il y a une lettre pour vous.
9982	corpus-6-train	FR	Je l'ai adoré, merci.
9983	corpus-6-test-corpus-26-train	FR	Oh, vraiment? Comment l'aimez-vous?
9984	corpus-6-train	FR	C'est excellent, mais ça ne serait pas une mauvaise idée d'améliorer un peu la présentation.
9985	corpus-6-train	FR	Quand est la marée basse?
9986	corpus-6-train	FR	Ça me semble intéressant. J'aimerais bien me joindre à cette excursion. Combien ça coûte?
9987	corpus-6-train	FR	J'ai fait tomber cet appareil photo et j'ai cassé l'obturateur.
9988	corpus-6-train	FR	Est-ce que je peux continuer mon voyage?
9992	corpus-6-train	FR	Nous devrions aller sur le quai numéro un pour prendre la ligne Chuo.
9996	corpus-6-train	FR	Ce sera prêt pour vous dans environ cinq minutes. Pourriez-vous attendre ou est-ce que vous reviendrez plus tard?
9999	corpus-6-train	FR	A quelle heure arrivera le prochain bus?
10000	corpus-6-train	FR	Où est-ce que je peux commander?
10001	corpus-6-dev	FR	De quels documents ai-je besoin pour entrer aux Etats-Unis?
10003	corpus-6-train	FR	Au fait, le nouvel aéroport international de Kansai a également été terminé en mille neuf cent quatre-vingt quatorze.
10004	corpus-6-train	FR	Vendez-vous du pain?
10006	corpus-6-test-corpus-26-train	FR	Nous ouvrons à neuf heures du matin.
10008	corpus-6-dev	FR	C'est très bon, merci.
10010	corpus-6-train	FR	Est-ce que c'est du vrai?
10011	corpus-6-train	FR	Puis-je voir le menu?
10012	corpus-6-train	FR	Est-ce que vous avez faim?
10015	corpus-6-dev	FR	Je voudrais que vous me fassiez un nouveau chapeau.
10017	corpus-6-dev	FR	Je voudrais quelque chose contre les nausées.
10018	corpus-6-dev	FR	Ce billet est pour une place d'orchestre. Vous êtes au balcon.
10020	corpus-6-train	FR	Je m'appelle Tsunomu.
10021	corpus-6-train	FR	Est-ce que ce train va à New York?
10022	corpus-6-train	FR	Nous pouvons garantir que vous recevrez tous vos articles dans les deux semaines suivant la réception de votre commande.
10023	corpus-6-train	FR	OK. Allez-y.
10024	corpus-6-train	FR	Est-ce que c'est un églantier?
10025	corpus-6-train	FR	Est-ce que je le porte sur la gauche?
10028	corpus-6-train	FR	Est-ce trop loin pour y aller à pied?
10029	corpus-6-train	FR	Je voudrais une chambre avec douche.
10030	corpus-6-dev	FR	Combien facturez-vous pour déposer la voiture?
10031	corpus-6-train	FR	Voici des pièces anciennes, des pots en argile, des pichets en bronze issus de fouilles et un millier d'autres produits.
10032	corpus-6-test-corpus-26-train	FR	Je voudrais un livre de coloriage.
10034	corpus-6-train	FR	Puis-je avoir de l'eau minérale?
10035	corpus-6-train	FR	Nous voulons marquer.
10036	corpus-6-train	FR	Ma chambre est très bruyante.
10037	corpus-6-test-corpus-26-train	FR	Je crois que j'ai le mal de l'air.
10041	corpus-6-train	FR	Comment puis-je me rendre au comptoir des correspondances de la Delta Airlines?
10043	corpus-6-test-corpus-26-train	FR	Est-ce que je dois aller dans une banque japonaise?
10044	corpus-6-train	FR	Essayez une fois de plus je vous prie.
10045	corpus-6-test-corpus-26-train	FR	Vous devez changer votre argent dans une banque.
10046	corpus-6-dev	FR	Oh, vous n'auriez pas dû. Merci. C'est justement ce que je voulais.
10047	corpus-6-train	FR	Je t'offrirai une bague quand je serai libre.
10050	corpus-6-train	FR	Est-ce que ce train s'arrête dans toutes les stations?
10051	corpus-6-train	FR	Ces montres sont à porter tous les jours alors que celles-là sont plus chères.
10052	corpus-6-train	FR	Essayez cette taille, c'est un trente-huit normal.
10053	corpus-6-train	FR	Je me suis fait mal.
10055	corpus-6-train	FR	J'ai entendu dire que vous aviez un serveur qui parle japonais.
10056	corpus-6-train	FR	Quel est votre handicap?
10057	corpus-6-train	FR	Est-ce que je peux réserver?
10058	corpus-6-train	FR	Vous êtes sûr? Je pensais que la forme de cette bouteille de vin était pour le Bourgogne.
10059	corpus-6-train	FR	Voici mon mari.
10060	corpus-6-train	FR	Non, merci. Je ne fais que regarder.
10061	corpus-6-train	FR	Oui, c'était très bon. Merci.
10063	corpus-6-train	FR	Oui. Je vous passe Mme. Daudet.
10064	corpus-6-train	FR	Est-ce que je peux essayer celui-là?
10065	corpus-6-test-corpus-26-train	FR	Est-ce qu'il y a encore beaucoup de temps avant le départ?
10066	corpus-6-train	FR	Je suis allergique aux œufs.
10067	corpus-6-train	FR	J'aimerais attirer votre attention sur la partie supérieure droite du document que je viens de vous remettre.
10069	corpus-6-test-corpus-26-train	FR	Votre mari est l'un de nos meilleurs clients.
10070	corpus-6-train	FR	A l'hôtel Hilton. Mon numéro de chambre est le trois cent cinq.
10071	corpus-6-train	FR	Le coucher de soleil est magnifique d'ici.
10073	corpus-6-train	FR	J'imagine que vous êtes préoccupé par la date de livraison.
10074	corpus-6-train	FR	Je voudrais un taille-crayon, s'il vous plaît.
10075	corpus-6-train	FR	J'ai perdu l'une de mes lentilles de contact.
10078	corpus-6-test-corpus-26-train	FR	Connaissez-vous un bon dentiste?
10081	corpus-6-train	FR	Dis, Adrian, tu ne trouves pas que ce peignoir est trop grand, non?
10084	corpus-6-test-corpus-26-train	FR	Oh. Vous devriez en informer immédiatement le consulat.
10090	corpus-6-train	FR	C'est pour elle.
10091	corpus-6-test-corpus-26-train	FR	Au shaker, et pas à la cuillère.
10093	corpus-6-train	FR	Est-ce que c'est la bonne porte pour aller à Paris?
10095	corpus-6-train	FR	Montrez-le moi sur la carte.
10096	corpus-6-train	FR	J'ai entendu dire qu'il y avait de bons clubs de jazz.
10098	corpus-6-test-corpus-26-dev	FR	Voulez-vous une table dans le restaurant ou dans une salle privée, monsieur?
10099	corpus-6-train	FR	Quel est l'arrêt le plus proche de Lincoln Center?
10101	corpus-6-train	FR	Quelle est l'heure limite d'enregistrement de ce vol à l'aéroport?
10102	corpus-6-test-corpus-26-train	FR	Beaucoup de monde va à la plage pendant la saison.
10104	corpus-6-train	FR	Connaissez-vous le nom de la dame élégante qui danse avec M. Cole?
10105	corpus-6-train	FR	Je t'aime. Tu es à moi.
10107	corpus-6-test-corpus-26-train	FR	Je pèse environ cinquante livres.
10109	corpus-6-train	FR	Je voudrais avoir un plan du métro.
10110	corpus-6-train	FR	Je voudrais acheter six cravates. Pourriez-vous me faire un prix?
10111	corpus-6-test-corpus-26-train	FR	Où dois-je prendre ma correspondance?
10112	corpus-6-train	FR	Oh, je crois qu'ils vous appellent Cal.
10113	corpus-6-train	FR	Je vais prendre mon parapluie juste au cas où.
10114	corpus-6-test-corpus-26-train	FR	Où se trouve le bureau des objets trouvés?
10116	corpus-6-test-corpus-26-train	FR	Y a-t-il un bus qui y va directement?
10118	corpus-6-train	FR	De quel quai part l'express pour Washington?
10120	corpus-6-train	FR	Est-ce que c'est un fleuriste à côté de notre hôtel?
10121	corpus-6-train	FR	Je cherche des chaussures de sport.
10122	corpus-6-train	FR	Avez-vous des kits de maquillage?
10123	corpus-6-train	FR	De quelle voie part ce train?
10124	corpus-6-train	FR	Je n'ai pas besoin d'autant. Je n'en veux qu'un.
10125	corpus-6-test-corpus-26-train	FR	Est-ce que j'ai besoin d'un traitement particulier?
10129	corpus-6-test-corpus-26-train	FR	En espèces ou par carte de débit?
10130	corpus-6-train	FR	Est-ce que M. Jones était sérieux quand il a dit qu'il prendrait bientôt sa retraite?
10133	corpus-6-train	FR	J'ai un rhume.
10134	corpus-6-test-corpus-26-test	FR	Nous avons emménagé dans cette maison il y a un an.
10137	corpus-6-train	FR	"Connaissez-vous le restaurant chinois du coin qui s'appelle le ""Dragon""?"
10139	corpus-6-train	FR	Appelez vite une ambulance.
10140	corpus-6-train	FR	Voici un échantillon. Est-ce que cela vous convient?
10144	corpus-6-train	FR	Maintenant, j'aimerais faire une nouvelle réservation.
10145	corpus-6-train	FR	Tous ensemble. Une remise, s'il vous plaît.
10147	corpus-6-dev	FR	Veuillez changer l'ampoule.
10148	corpus-6-train	FR	C'est là-bas.
10149	corpus-6-train	FR	Y a-t-il des lettres dans le paquet? Qu'est-ce qu'il y a dedans?
10151	corpus-6-dev	FR	Oui, vous pouvez. La chambre est prête. Veuillez inscrire vos nom et prénom ici.
10152	corpus-6-train	FR	A quel endroit?
10154	corpus-6-train	FR	Quelle est ma pointure?
10155	corpus-6-test-corpus-26-train	FR	Combien de temps faudra-il pour me faire faire une nouvelle carte Visa?
10156	corpus-6-test-corpus-26-train	FR	Où sont les toilettes?
10158	corpus-6-dev	FR	Ce n'est pas grave.
10159	corpus-6-dev	FR	Est-ce que j'ai besoin d'un permis de pêche?
10160	corpus-6-test-corpus-26-train	FR	Le montant total est de deux cent quarante-trois livres, madame.
10161	corpus-6-train	FR	Si j'utilise ma carte de crédit, pouvez-vous me rembourser?
10164	corpus-6-test-corpus-26-train	FR	C'est un cadeau. Pouvez-vous me l'emballer dans du joli papier?
10166	corpus-6-train	FR	N'ouvrez pas mon courrier.
10167	corpus-6-train	FR	Le quatrième pâté de maisons après le café Starbucks.
10168	corpus-6-train	FR	Je recherche quelque chose d'habillé.
10169	corpus-6-train	FR	Est-ce qu'on peut changer la pile?
10172	corpus-6-train	FR	Est-ce que pouvez suspendre ma veste, s'il vous plaît?
10173	corpus-6-train	FR	Le menu de la table d'à côté à l'air appétissant.
10174	corpus-6-train	FR	Est-ce qu'elle a un grand coffre?
10180	corpus-6-train	FR	Est-ce que je peux m'occuper de lui?
10181	corpus-6-train	FR	C'est vraiment dommage. Prenez bien soin de vous, je vous en prie.
10182	corpus-6-test-corpus-26-train	FR	Quelle vue. Ce sont de merveilleux sentiers.
10185	corpus-6-train	FR	Voilà le vendeur de hot dogs.
10187	corpus-6-test-corpus-26-dev	FR	Il y a des blessés.
10191	corpus-6-test-corpus-26-dev	FR	Excusez-moi. Où est la gare?
10192	corpus-6-train	FR	Je voudrais un café bien serré.
10195	corpus-6-train	FR	J'ai une assurance santé.
10196	corpus-6-train	FR	Etes-vous marié ou célibataire?
10197	corpus-6-train	FR	Veuillez m'appeler un taxi. Je veux retourner à l'hôtel.
10201	corpus-6-dev	FR	Combien dois-je payer à l'heure?
10203	corpus-6-train	FR	L'avantage de la galerie, c'est que nous pouvons voir toute la scène.
10205	corpus-6-train	FR	Ce cuir?
10206	corpus-6-dev	FR	A quelle heure est l'enregistrement?
10207	corpus-6-train	FR	Il y a eu un gros tremblement de terre ce matin.
10212	corpus-6-train	FR	Donnez-moi la monnaie d'un dollar, s'il vous plaît.
10213	corpus-6-train	FR	Neuf trois neuf six sept zéro zéro.
10214	corpus-6-train	FR	C'était deux jeunes hommes.
10216	corpus-6-train	FR	C'est un vin que nous aimons beaucoup. J'espère que vous l'apprécierez.
10223	corpus-6-train	FR	Est-ce qu'il y a une excursion l'après-midi?
10224	corpus-6-test-corpus-26-train	FR	Oui, nous avons une réservation pour vous.
10226	corpus-6-train	FR	C'est de la viande d'alligator frite. C'est vraiment délicieux, un peu croustillant.
10227	corpus-6-dev	FR	Je voudrais manger une langouste crue.
10228	corpus-6-dev	FR	Apportez mon petit déjeuner à sept heures, voulez-vous?
10230	corpus-6-train	FR	Est-ce que je peux avoir des médicaments pour mon mal de tête?
10231	corpus-6-train	FR	Une personne vérifiera demain.
10232	corpus-6-train	FR	C'est quatre-vingt dix-neuf dollars la nuit, taxes comprises.
10235	corpus-6-train	FR	La valise porte une étiquette à mon nom.
10238	corpus-6-test-corpus-26-train	FR	Excusez-moi, je veux aller en bus à mon hôtel dans la ville. Où puis-je en prendre un?
10239	corpus-6-train	FR	Est-ce que ça marchera sur cent volts?
10243	corpus-6-test-corpus-26-test	FR	Du poulet, s'il vous plaît.
10244	corpus-6-train	FR	Savez-vous que cette ordonnance est pour vos lentilles?
10246	corpus-6-train	FR	Est-ce que je dois changer de bus pour aller au Lincoln Center?
10249	corpus-6-train	FR	Je voudrais des vitamines.
10250	corpus-6-train	FR	Attendez, s'il vous plaît. Je vais vérifier s'il y en a une de disponible.
10251	corpus-6-train	FR	Veuillez vérifier les pneus.
10254	corpus-6-train	FR	Est-ce que je peux incliner mon siège?
10255	corpus-6-train	FR	Au printemps, la floraison des cerisiers dans les enceintes des temples bouddhistes est magnifique, alors qu'en automne, les feuilles colorées d'Arashiyama offrent un spectacle fascinant allié à l'air pur et à l'eau claire de la rivière.
10256	corpus-6-train	FR	Où est-ce que ça se trouve?
10257	corpus-6-test-corpus-26-train	FR	C'est la chambre deux cent une. Je voudrais commander le petit déjeuner de demain.
10259	corpus-6-train	FR	Quelle sorte de vacances passez-vous au Japon?
10264	corpus-6-train	FR	Je ne me sens pas à l'aise. Veuillez l'ajuster aussi vite que possible.
10265	corpus-6-dev	FR	Je vais vous envoyer cette photo. Vos nom et adresse, s'il vous plaît?
10268	corpus-6-train	FR	Appelez-moi Midori, s'il vous plaît.
10271	corpus-6-dev	FR	Je vais étudier les sciences à l'université.
10272	corpus-6-test-corpus-26-test	FR	Que pensez-vous du harcèlement sexuel sur les lieux de travail?
10273	corpus-6-train	FR	Est-ce que tout ceci est sur la même note?
10277	corpus-6-train	FR	Voleur.
10278	corpus-6-train	FR	Quelle couleur voulez-vous?
10279	corpus-6-train	FR	Merci. Jusqu'à quelle heure le service d'étage est-il disponible?
10280	corpus-6-train	FR	J'ai besoin de cirage pour chaussures.
10281	corpus-6-train	FR	J'ai mal à la gorge.
10283	corpus-6-train	FR	Où puis-je trouver un guide sur la musique?
10284	corpus-6-dev	FR	Je suis désolé d'être en retard.
10285	corpus-6-train	FR	Veuillez couper ma frange d'un pouce au-dessus des sourcils.
10286	corpus-6-train	FR	Où est le service de réclamation des bagages?
10287	corpus-6-train	FR	Pouvez-vous me faire une ordonnance?
10288	corpus-6-train	FR	Je voudrais une place pour aujourd'hui.
10290	corpus-6-train	FR	Je voudrais du jus d'orange, s'il vous plaît.
10293	corpus-6-train	FR	Il faut que nous en tirions le meilleur parti.
10294	corpus-6-train	FR	Je voudrais réserver une place pour Boston. Est-ce que je peux en avoir une sur le vol de quinze heures trente aujourd'hui?
10295	corpus-6-train	FR	Je veux réserver une place pour Seattle.
10296	corpus-6-train	FR	Nous n'avons le même sens des valeurs.
10297	corpus-6-dev	FR	Pour commencer, je dois dire que je ne suis pas spécialiste en la matière et que je ne représente pas d'organisation gouvernementale. Ce que je vais vous faire partager, c'est mon point de vue personnel. Ceci dit, je suis prêt à vous faire connaître mon opinion.
10298	corpus-6-train	FR	On va vous faire une prise de sang.
10299	corpus-6-dev	FR	Je les ai perdus hier après-midi.
10301	corpus-6-train	FR	Prenons un simple déjeuner.
10303	corpus-6-train	FR	Quelle sorte de rouge à lèvres avez-vous?
10304	corpus-6-train	FR	A quelle heure partira le prochain train pour Philadelphie?
10305	corpus-6-train	FR	Pas trop court. Juste une bonne coupe d'entretien.
10306	corpus-6-dev	FR	Je voudrais effectuer un appel à l'étranger. Veuillez me mettre en relation avec le trente-quatre soixante-trois quatre-vingt-un trente-trois à Tokyo.
10307	corpus-6-train	FR	Ce poisson est un peu trop cuit.
10308	corpus-6-train	FR	Malheureusement, non. Cela demande quelque chose de plus énergique.
10309	corpus-6-train	FR	Changez ceci en dollars, s'il vous plaît.
10312	corpus-6-train	FR	Je ne suis pas d'ici.
10313	corpus-6-train	FR	Est-ce que vous voudriez jeter un coup d'œil à cette brochure?
10315	corpus-6-train	FR	Pierre qui roule n'amasse pas mousse.
10318	corpus-6-test-corpus-26-dev	FR	J'ai deux sœurs.
10319	corpus-6-train	FR	Vous m'avez dit à l'aéroport que le tarif était de dix dollars.
10321	corpus-6-train	FR	Emmenez-moi au théâtre, je vous prie.
10327	corpus-6-dev	FR	Un aller-retour, s'il vous plaît.
10329	corpus-6-train	FR	Ça ne devrait pas coûter autant.
10332	corpus-6-train	FR	Vous voulez voir un film ou autre chose?
10333	corpus-6-train	FR	Ce n'est pas de ma faute.
10335	corpus-6-train	FR	Non, pas du tout. Est-ce que je peux en voir un autre?
10336	corpus-6-test-corpus-26-dev	FR	Numéro de vol deux cent huit, pour Tokyo.
10337	corpus-6-train	FR	Je veux partir.
10339	corpus-6-train	FR	Combien de temps est-ce que ça va durer?
10341	corpus-6-dev	FR	Combien de temps faut-il pour aller à pied jusqu'à Soho?
10342	corpus-6-train	FR	Où devrons nous faire livrer vos bagages après les avoir retrouvés?
10346	corpus-6-train	FR	Il y en a un de l'autre côté de la rue.
10348	corpus-6-train	FR	Quinze dollars pour le diagnostic. Je vais vous donner une ordonnance.
10349	corpus-6-train	FR	Est-ce que vous avez un service de fax?
10350	corpus-6-dev	FR	Où fait-il le plus froid en hiver, au Japon ou en Australie?
10351	corpus-6-train	FR	Combien coûte celui-ci?
10352	corpus-6-train	FR	Une quatre portes me convient.
10354	corpus-6-test-corpus-26-train	FR	Alors, mettons un rembourrage à l'intérieur.
10355	corpus-6-train	FR	Non, merci. Je voudrais l'addition, s'il vous plaît.
10356	corpus-6-train	FR	Je suis stagiaire.
10357	corpus-6-train	FR	Seulement parce que c'est un billet à prix réduit? Ce n'est pas possible.
10358	corpus-6-train	FR	Je voudrais un roman en anglais, pas trop difficile à comprendre.
10359	corpus-6-train	FR	Ce serait un cauchemar d'attraper une maladie, donc je n'irai pas là-bas.
10361	corpus-6-train	FR	Avez-vous votre reçu?
10362	corpus-6-train	FR	Je crois qu'il y a une erreur dans cette facture.
10363	corpus-6-dev	FR	Il a été retenu par une affaire urgente de dernière minute.
10366	corpus-6-test-corpus-26-test	FR	Réunissons-nous pour approfondir la question.
10367	corpus-6-train	FR	Excusez-moi, est-ce que vous pourriez échanger cela?
10368	corpus-6-train	FR	Nous allons devoir vous mettre sur un autre vol.
10369	corpus-6-dev	FR	Est-ce que c'est du cent pour cent pur cuir?
10370	corpus-6-train	FR	J'étais impliqué dans un accident de voiture entre Ocean Boulevard et la Douzième Rue.
10372	corpus-6-test-corpus-26-train	FR	Comment voulez-vous que je vous coiffe aujourd'hui?
10373	corpus-6-train	FR	Quels sont les horaires pour le petit déjeuner?
10374	corpus-6-train	FR	Changez et prenez le train local à destination de Phoenix.
10375	corpus-6-train	FR	Est-ce que ce sera une belle journée?
10377	corpus-6-train	FR	Je voudrais envoyer cette carte postale. Puis-je avoir un timbre?
10380	corpus-6-train	FR	J'ai fait de la plongée au moins dix fois.
10384	corpus-6-train	FR	Nous voudrions une chambre côté piscine.
10386	corpus-6-train	FR	Pouvez-vous l'envoyer au Japon?
10390	corpus-6-train	FR	Vous avez l'air fatigué.
10392	corpus-6-train	FR	Il est né en mille neuf cent soixante.
10393	corpus-6-train	FR	Je crains que les manches ne soient trop longues.
10394	corpus-6-train	FR	Désolé, je ne peux pas.
10396	corpus-6-train	FR	Je veux aller à Boston.
10398	corpus-6-train	FR	Avez-vous de l'eau de Cologne Aramis pour peau sensible?
10401	corpus-6-train	FR	Donnez-moi un peu plus de pain, s'il vous plaît.
10403	corpus-6-test-corpus-26-train	FR	Pourriez-vous le reformuler en d'autres termes?
10407	corpus-6-train	FR	Donnez-moi du temps pour y réfléchir.
10408	corpus-6-test-corpus-26-train	FR	Ce que vous avez fera l'affaire.
10409	corpus-6-train	FR	Ils ne sont pas contresignés.
10411	corpus-6-test-corpus-26-train	FR	Nous voudrions une table près de la scène.
10412	corpus-6-train	FR	Est-ce que je peux avoir de la confiture?
10413	corpus-6-train	FR	Et celle-là? C'est seulement cent dollars. Ça vaut vraiment le coup.
10414	corpus-6-dev	FR	Pouvons-nous manger un morceau?
10416	corpus-6-test-corpus-26-train	FR	Je vais bien. Eh bien, vous allez quelque part?
10417	corpus-6-train	FR	Je voudrais une paire de chaussures en daim.
10419	corpus-6-train	FR	Le matin, oui, mais le temps va se couvrir dans l'après-midi.
10421	corpus-6-train	FR	Devons-nous réserver à l'avance?
10422	corpus-6-train	FR	Restez en ligne, s'il vous plaît.
10424	corpus-6-train	FR	Je n'y compterais pas trop.
10425	corpus-6-train	FR	Le dîner ne sera pas servi avant dix-neuf heures. En ce moment nous ne servons que des boissons.
10426	corpus-6-train	FR	Pouvez-vous répéter?
10427	corpus-6-train	FR	Je vais dormir. Est-ce que vous voulez bien m'apporter mon repas plus tard?
10431	corpus-6-train	FR	Nous célébrons la nouvelle année une fois l'ancienne bien terminée.
10433	corpus-6-test-corpus-26-train	FR	Nous sommes à deux mille quatre cents mètres d'altitude.
10434	corpus-6-train	FR	Est-ce qu'il y a un commissariat près d'ici?
10435	corpus-6-test-corpus-26-train	FR	Entrez. Veuillez le poser sur la table là.
10438	corpus-6-train	FR	Ma veste bleue a disparu.
10440	corpus-6-test-corpus-26-train	FR	Veuillez annuler mon numéro de carte.
10441	corpus-6-train	FR	Réglez-moi.
10442	corpus-6-dev	FR	Je vous y emmènerai.
10446	corpus-6-train	FR	Connaissez-vous une pharmacie fournissant des médicaments japonais?
10448	corpus-6-train	FR	Il y a un bon magasin de disques au coin de la rue.
10452	corpus-6-train	FR	Je suis ici en vacances.
10453	corpus-6-train	FR	Non. Je n'aime pas regarder les autres personnes jouer. Je préfère jouer moi-même.
10454	corpus-6-train	FR	Ce n'est pas possible.
10455	corpus-6-train	FR	Remontez votre manche, s'il vous plaît.
10456	corpus-6-train	FR	Nous ne pouvons pas le faire ici.
10457	corpus-6-train	FR	A quel coin devons-nous tourner?
10458	corpus-6-dev	FR	Je suis sûr de vous avoir donné un billet de cinquante dollars.
10459	corpus-6-train	FR	Nous n'échangeons pas les pièces.
10460	corpus-6-train	FR	Veuillez appeler le huit cent soixante-dix-sept soixante-cinq zéro sept à Chicago.
10463	corpus-6-train	FR	Tournez à gauche au feu clignotant.
10466	corpus-6-train	FR	Où est la couturière la plus proche?
10468	corpus-6-test-corpus-26-train	FR	Je suis désolé, ils sont tous vendus mais nous en aurons d'autres dans quelques jours.
10469	corpus-6-train	FR	Est-ce que je peux avoir du pop-corn, s'il vous plaît?
10472	corpus-6-train	FR	Deux billets en première classe, s'il vous plaît.
10473	corpus-6-test-corpus-26-test	FR	Pourrais-je avoir du café?
10474	corpus-6-train	FR	Le bus vous ramènera ici à dix-huit heures.
10475	corpus-6-train	FR	Où est-ce que c'est?
10477	corpus-6-test-corpus-26-train	FR	Je n'ai pas de rendez-vous, mais c'est urgent.
10479	corpus-6-test-corpus-26-train	FR	Ce n'est pas bien fait.
10480	corpus-6-test-corpus-26-train	FR	Où est l'escalier roulant?
10482	corpus-6-train	FR	J'aimerais bien un endroit sympathique.
10483	corpus-6-train	FR	Non, ne pourriez-vous pas le vendre à ce prix?
10484	corpus-6-train	FR	Est-ce que je pourrais le trouver facilement?
10485	corpus-6-train	FR	Nous avons plusieurs sortes de produits de marque importés.
10487	corpus-6-train	FR	Où puis-je jouer à la roulette?
10489	corpus-6-train	FR	Est-ce que vous avez un coffre-fort?
10490	corpus-6-dev	FR	Je suis content que vous l'ayez fait. Transmettez mes amitiés les plus chaleureuses à votre famille, s'il vous plaît.
10491	corpus-6-train	FR	Veuillez appeler un taxi à dix heures du matin, s'il vous plaît.
10492	corpus-6-dev	FR	J'aimerais bien mais je dois vraiment y aller. Je risque de rater mon train. J'ai beaucoup aimé discuter avec vous.
10493	corpus-6-train	FR	Je me demande comment ils font ça.
10495	corpus-6-train	FR	Des produits pour peau sèche, s'il vous plaît.
10496	corpus-6-train	FR	Veuillez insérer soixante-quinze centimes pour trois minutes de plus.
10497	corpus-6-test-corpus-26-train	FR	Avez-vous une brochure sur les événements?
10500	corpus-6-test-corpus-26-train	FR	Où est l'entrée du métro?
10502	corpus-6-train	FR	Vous me direz combien a coûté l'appel après la communication, s'il vous plaît.
10503	corpus-6-train	FR	Est-ce que j'ai besoin de vêtements habillés?
10504	corpus-6-test-corpus-26-train	FR	J'ai perdu mon billet d'avion.
10505	corpus-6-train	FR	Je jette seulement un coup d'œil. Merci.
10506	corpus-6-train	FR	A quelle heure ouvre le jardin botanique?
10508	corpus-6-dev	FR	Excusez-moi mais je suis perdu. Où est la sortie?
10516	corpus-6-train	FR	Est-ce que vous voulez que je vous le dise?
10518	corpus-6-train	FR	A votre santé.
10519	corpus-6-train	FR	Est-ce que vous êtes déjà allé à New York?
10520	corpus-6-train	FR	Ce sont des effets personnels.
10522	corpus-6-train	FR	Qu'est-ce que c'est comme tissu?
10523	corpus-6-train	FR	A quelle heure est l'embarquement?
10524	corpus-6-train	FR	Prenez la ligne express N pour Canal Street. Puis changez pour la ligne R.
10525	corpus-6-train	FR	Je suis professeur.
10527	corpus-6-train	FR	J'ai une maîtrise de l'Université de Tokyo.
10533	corpus-6-train	FR	Donnez-moi cinquante-sept litres d'essence ordinaire, s'il vous plaît.
10534	corpus-6-train	FR	J'étais entouré d'enfants et ils ont fait tomber de la glace sur mes vêtements. Après ça, mon portefeuille a disparu.
10535	corpus-6-train	FR	Cet acteur est vraiment fantastique.
10536	corpus-6-train	FR	Voici ma carte verte.
10537	corpus-6-train	FR	Où est le sauveteur?
10539	corpus-6-train	FR	Je vois. Merci beaucoup.
10540	corpus-6-dev	FR	Autrefois, c'était un jour où l'on célébrait la récolte du riz.
10543	corpus-6-train	FR	Eh bien, j'aimerais que vous tapiez ce rapport.
10550	corpus-6-train	FR	Est-ce que vous avez quelque chose de léger?
10551	corpus-6-train	FR	Je voudrais que ce soit repris de cinq centimètres ici.
10553	corpus-6-train	FR	Je voudrais réserver une couchette privée dans le wagon-lit.
10555	corpus-6-train	FR	Nous avons un grand choix de desserts, y compris des gâteaux et des glaces.
10556	corpus-6-train	FR	Non, merci. Dites-lui seulement que j'ai appelé et que je rappellerai plus tard dans l'après-midi.
10559	corpus-6-test-corpus-26-train	FR	Est-ce que vous ne pouvez pas rester ici pendant les vacances?
10560	corpus-6-train	FR	Est-ce que vous pourriez me donner une carte routière?
10562	corpus-6-test-corpus-26-train	FR	Oh, je suis vraiment désolé de vous avoir dérangé.
10563	corpus-6-test-corpus-26-dev	FR	Est-ce que vous pouvez faire des réservations aux différents événements?
10564	corpus-6-train	FR	Il fait chaud. Pouvez-vous faire quelque chose?
10565	corpus-6-test-corpus-26-train	FR	Y a-t-il des toilettes publiques dans le coin?
10566	corpus-6-train	FR	Quel est le nom de cette plante?
10567	corpus-6-train	FR	Merde.
10570	corpus-6-dev	FR	Ça me fait mal de marcher.
10571	corpus-6-dev	FR	Un baliste clown m'a poursuivi.
10572	corpus-6-train	FR	Allez-vous en s'il vous plaît.
10573	corpus-6-train	FR	Ne tirez pas.
10577	corpus-6-train	FR	Vous pouvez ranger vos bagages au sol sous votre siège.
10578	corpus-6-train	FR	Est-ce que le compteur tourne?
10579	corpus-6-train	FR	Nos places sont les G quinze et G seize. Pouvez-vous nous les montrer?
10580	corpus-6-train	FR	Est-ce que cette chambre est disponible pour ce soir?
10582	corpus-6-train	FR	Bon voyage.
10584	corpus-6-train	FR	Deux billets pour demain.
10585	corpus-6-train	FR	Pour où, monsieur?
10586	corpus-6-train	FR	Je voudrais l'emprunter, si vous le permettez.
10587	corpus-6-train	FR	Permettez-moi, s'il vous plaît.
10590	corpus-6-test-corpus-26-train	FR	Quel est le total?
10591	corpus-6-train	FR	Quelle est la soupe du jour?
10593	corpus-6-test-corpus-26-train	FR	C'est très bien. Maintenant les questions, s'il vous plaît.
10594	corpus-6-train	FR	Je veux quelque chose pour mon mari.
10595	corpus-6-dev	FR	Qu'est-ce qui est emballé dans le papier blanc?
10597	corpus-6-train	FR	Comment s'appelle ce fruit?
10599	corpus-6-test-corpus-26-train	FR	Avez-vous de la monnaie pour le parcmètre?
10600	corpus-6-train	FR	Je ne me rappelle plus où je les ai laissés.
10601	corpus-6-train	FR	Je vais lui rendre visite demain.
10602	corpus-6-train	FR	Je voudrais vérifier à quelle heure il part.
10604	corpus-6-train	FR	Je crois qu'il fera meilleur demain.
10608	corpus-6-train	FR	Vienne.
10609	corpus-6-train	FR	Il n'y a pas de place pour mettre les bagages.
10610	corpus-6-train	FR	Je voudrais réserver deux places pour New York le trois août.
10613	corpus-6-train	FR	Il y avait trop à manger.
10616	corpus-6-train	FR	Que disent les gens à propos de la réunion?
10617	corpus-6-test-corpus-26-test	FR	L'article que nous avons le plus vendu ces quatre dernières années est la photocopieuse AX-quatre cent cinquante.
10619	corpus-6-train	FR	Je veux réserver pour une demi-journée un guide qui parle japonais.
10629	corpus-6-train	FR	Il y en a un là-bas. Oh, le bus ne passe pas le dimanche.
10630	corpus-6-train	FR	Garçon, l'addition, s'il vous plaît.
10631	corpus-6-train	FR	Avez-vous le temps?
10632	corpus-6-train	FR	Certainement, monsieur. Mais que diriez-vous d'un décapsuleur?
10633	corpus-6-train	FR	J'ai perdu mon passeport quelque part.
10637	corpus-6-train	FR	Les taxes portuaires s'élèvent à neuf dollars cinquante centimes. Les onze dollars sont pour l'hôtel.
10638	corpus-6-train	FR	Où est la prise de courant?
10640	corpus-6-train	FR	C'est très gentil de votre part de me faire visiter la ville.
10642	corpus-6-train	FR	La chambre est très froide.
10644	corpus-6-train	FR	Est-ce que vous avez du thé vert?
10645	corpus-6-test-corpus-26-train	FR	Est-ce je dois tourner à gauche?
10647	corpus-6-train	FR	Je veux dépenser environ trente dollars par personne.
10649	corpus-6-train	FR	Oui, merci.
10651	corpus-6-train	FR	Ça te dirait d'aller à la plage avec moi dimanche?
10652	corpus-6-train	FR	Quelqu'un a heurté ma voiture pendant que je me garais.
10657	corpus-6-train	FR	L'enquête a démontré que quatorze pour cent des personnes interrogées achèteraient un produit comme le nôtre s'il coûtait moins de cinquante mille yens.
10659	corpus-6-train	FR	Est-ce qu'il y a un institut de beauté ici?
10660	corpus-6-train	FR	L'heure exacte est maintenant sept heures vingt-huit.
10662	corpus-6-test-corpus-26-test	FR	Y a-t-il des hôtesses qui parlent japonais?
10663	corpus-6-dev	FR	Combien d'arrêts jusqu'à l'aquarium?
10666	corpus-6-train	FR	Je voudrais un restaurant tranquille.
10667	corpus-6-train	FR	Qui était l'architecte?
10669	corpus-6-train	FR	Au guichet à l'entrée du théâtre.
10670	corpus-6-test-corpus-26-train	FR	Très bon prix, n'est-ce pas?
10671	corpus-6-train	FR	Est-ce que je peux incliner mon siège?
10672	corpus-6-train	FR	Combien de temps ça prend pour aller à Boston?
10674	corpus-6-train	FR	Quel est le taux de change du mark?
10675	corpus-6-train	FR	Bonjour. C'est l'opératrice pour l'international. Quel numéro désirez-vous appeler?
10678	corpus-6-train	FR	J'ai percuté quelqu'un.
10679	corpus-6-train	FR	Combien de jours ça prend par avion?
10680	corpus-6-test-corpus-26-train	FR	Vous devez le prendre quatre-vingt dix-neuf fois par jour, avant le repas.
10684	corpus-6-train	FR	OK, nous l'avons eu, alors dépêche-toi et vas-y.
10688	corpus-6-train	FR	Allons au restaurant en taxi.
10689	corpus-6-train	FR	Je suis blessé.
10691	corpus-6-train	FR	Veuillez prendre mon sac.
10694	corpus-6-train	FR	Je veux faire une réservation pour le vol JAL un de Tokyo le dix.
10696	corpus-6-train	FR	Le coût du traitement peut varier.
10698	corpus-6-train	FR	La pluie m'a mouillé.
10702	corpus-6-train	FR	Ce relevé de compte est erroné.
10707	corpus-6-test-corpus-26-train	FR	Je l'aime vraiment.
10708	corpus-6-dev	FR	Regarde les marques de rouge à lèvres, pff?
10715	corpus-6-train	FR	Vous pouvez essayer Hertz à l'autre comptoir.
10716	corpus-6-train	FR	OK, bien.
10717	corpus-6-dev	FR	Depuis combien de temps est-ce que c'est comme ça?
10719	corpus-6-train	FR	Est-ce qu'il y a un restaurant chinois près d'ici?
10721	corpus-6-train	FR	Oui, c'est Sugako Miyanishi de la chambre trois cent trois.
10722	corpus-6-train	FR	A qui dois-je adresser le reçu?
10725	corpus-6-train	FR	Qu'est-ce qui passe au théâtre?
10729	corpus-6-train	FR	Cette taille ici, sur le schéma.
10733	corpus-6-test-corpus-26-train	FR	Je voudrais un trépied.
10735	corpus-6-train	FR	Zut. J'aurais dû l'acheter quand j'en ai eu l'occasion.
10736	corpus-6-test-corpus-26-dev	FR	Je voudrais une veste de sport.
10737	corpus-6-train	FR	Qu'est-ce que je vais voir en suivant cette route?
10738	corpus-6-dev	FR	Je suis désolé. Je n'ai pas réalisé que vous veniez aujourd'hui.
10739	corpus-6-train	FR	Je ne vous en veux pas d'être en colère.
10740	corpus-6-train	FR	Je suis d'accord. J'aimerais aller chercher des accessoires demain.
10742	corpus-6-dev	FR	"J'entends que le mot ""Ringisho"" est très souvent utilisé au Japon. Qu'est-ce que ça veut dire?"
10745	corpus-6-train	FR	Des chaussures et des skis de location, s'il vous plaît.
10746	corpus-6-train	FR	Vous avez un stylo?
10749	corpus-6-test-corpus-26-dev	FR	Vous pouvez rester chez moi.
10751	corpus-6-dev	FR	Pourriez-vous livrer cette robe à mon hôtel après l'avoir raccourcie?
10752	corpus-6-train	FR	Je cherche des robes.
10753	corpus-6-test-corpus-26-test	FR	Est-ce je peux incliner mon siège, s'il vous plaît?
10755	corpus-6-train	FR	Je voudrais un filtre UV.
10756	corpus-6-test-corpus-26-train	FR	Génial. Je cherchais un taxi, mais c'est mieux.
10757	corpus-6-train	FR	Bonne année.
10760	corpus-6-test-corpus-26-train	FR	Très beau manteau. Est-ce qu'il est confectionné en Angleterre?
10764	corpus-6-train	FR	Est-ce que je dois payer un acompte?
10770	corpus-6-train	FR	Mettez-le sur la balance, s'il vous plaît. Ca fera trois dollars et trente-cinq centimes.
10771	corpus-6-train	FR	Emballez-les individuellement et ajoutez un ruban sur chacun d'entre eux, voulez-vous?
10772	corpus-6-train	FR	Pas de mini bar?
10773	corpus-6-train	FR	Où est le magasin de vêtements le plus proche?
10775	corpus-6-train	FR	Est-ce que vous avez d'autres produits typiques de votre pays?
10776	corpus-6-train	FR	Est-ce que vous prenez de la crème?
10778	corpus-6-test-corpus-26-train	FR	Je veux aller à Harvard Center. Pouvez-vous me dire quand nous y arriverons?
10780	corpus-6-dev	FR	Est-ce que ce bus va à Green Park?
10782	corpus-6-train	FR	Où allons-nous nous retrouver?
10783	corpus-6-train	FR	Je ne peux pas tourner la clé dans la serrure de ma porte.
10785	corpus-6-train	FR	Veuillez me donner trois bouteilles de Scotch.
10787	corpus-6-train	FR	Pouvez-vous faire un emballage-cadeau?
10788	corpus-6-train	FR	Ce numéro n'est plus en service.
10790	corpus-6-test-corpus-26-train	FR	Deux adultes et deux enfants, s'il vous plaît.
10791	corpus-6-train	FR	N'oubliez pas de faire le plein avant de la ramener.
10793	corpus-6-train	FR	A combien est le litre?
10794	corpus-6-train	FR	Pourriez-vous m'apporter du café?
10796	corpus-6-train	FR	Est-ce que je peux rester et profiter des installations plus longtemps?
10797	corpus-6-train	FR	Je suis perdu. Savez-vous où se trouve l'Hôtel ABC?
10798	corpus-6-train	FR	Espace non-fumeur, s'il vous plaît.
10801	corpus-6-train	FR	La clef de la chambre neuf cent deux, s'il vous plaît.
10807	corpus-6-train	FR	Est-ce que vous prenez cette carte?
10808	corpus-6-train	FR	J'ai mis de la monnaie dans l'appareil mais rien n'est sorti.
10810	corpus-6-train	FR	Nous voudrions des places près de la fenêtre.
10811	corpus-6-train	FR	C'est très gentil de votre part d'y consacrer du temps.
10812	corpus-6-train	FR	Avez-vous une carte de visite de l'hôtel?
10814	corpus-6-dev	FR	Je voudrais commander pour le petit déjeuner.
10815	corpus-6-train	FR	Vous n'avez pas une couleur différente dans ce modèle?
10816	corpus-6-train	FR	Il y en a de deux sortes, celle-ci et celle-là.
10817	corpus-6-test-corpus-26-train	FR	Quel est le prix?
10818	corpus-6-train	FR	Non, j'ai bien peur que non.
10820	corpus-6-train	FR	Je voudrais le service d'étage.
10822	corpus-6-train	FR	Où puis-je m'enregistrer pour les vols internationaux?
10824	corpus-6-test-corpus-26-train	FR	La Guerre des Etoiles fut le plus grand succès de l'année dix-neuf cent quatre-vingt quatre.
10825	corpus-6-train	FR	Est-ce que je peux déposer mes bagages ici?
10826	corpus-6-train	FR	Excusez-moi, mais votre braguette est ouverte.
10827	corpus-6-train	FR	Est-ce que vous pouvez me prêter des outils, s'il vous plaît?
10830	corpus-6-test-corpus-26-train	FR	Où est l'espace non fumeur?
10831	corpus-6-test-corpus-26-train	FR	"C'est un ""T"" comme Tango, oui je l'ai ici, Taro."
10835	corpus-6-train	FR	Pas tout à fait. Est-ce que vous pourriez nous accorder encore quelques minutes?
10836	corpus-6-train	FR	Pouvez-vous m'expliquer le système de transport? Je voudrais voyager dans le pays.
10838	corpus-6-train	FR	Combien de temps encore avant d'arriver à Sydney?
10840	corpus-6-train	FR	Où puis-je prendre un bus pour me rendre à Boston?
10842	corpus-6-train	FR	Avez-vous les mêmes boucles d'oreilles dans des couleurs différentes?
10845	corpus-6-train	FR	Je voudrais du shampooing.
10846	corpus-6-train	FR	Une place en classe économique pour Los Angeles, s'il vous plaît.
10847	corpus-6-train	FR	Quelle est la hauteur de cette montagne?
10848	corpus-6-test-corpus-26-test	FR	Je crois que c'est pittoresque.
10849	corpus-6-train	FR	Il est trop grand pour moi. Est-ce que je peux essayer celui-là?
10851	corpus-6-test-corpus-26-test	FR	Je voudrais des pommes, s'il vous plaît.
10852	corpus-6-train	FR	Excusez-moi, est-ce que vous travaillez ici depuis longtemps?
10854	corpus-6-train	FR	Ça coûtera environ trois cents dollars pour le réparer.
10855	corpus-6-train	FR	Porteur.
10856	corpus-6-train	FR	C'est pour quoi cette file?
10857	corpus-6-train	FR	Est-ce je dois réserver?
10860	corpus-6-train	FR	J'ai réservé le vol cent trente cinq de la compagnie BA pour Paris le trois juillet.
10861	corpus-6-train	FR	Est-ce qu'il y a un endroit où les restaurants sont regroupés?
10862	corpus-6-train	FR	C'est combien par avion?
10863	corpus-6-train	FR	Je suis pressé de partir.
10865	corpus-6-train	FR	Quel est votre métier?
10866	corpus-6-train	FR	Pouvez-vous les refaire?
10867	corpus-6-train	FR	OK. Je vais en prendre mais une petite portion, s'il vous plaît.
10869	corpus-6-test-corpus-26-train	FR	A quoi ça sert?
10870	corpus-6-train	FR	Si je dors lorsque vous servirez le repas, ne me dérangez pas.
10871	corpus-6-train	FR	Est-ce que je peux envoyer de l'argent à New York?
10872	corpus-6-train	FR	Où est le comptoir de l'AL Airlines?
10873	corpus-6-train	FR	J'ai commandé une autre tasse de café par erreur.
10874	corpus-6-train	FR	Est-ce que je peux l'envoyer en recommandé?
10876	corpus-6-train	FR	Eh bien, dites à votre fils qu'il y a du jazz dans Bourbon Street ainsi que dans tous les clubs d'ici. Pour vous, que diriez-vous de l'une de ces croisières?
10877	corpus-6-train	FR	Ce pont est presque deux fois plus grand que celui-là.
10878	corpus-6-train	FR	Est-ce que je peux l'envoyer d'ici au Japon en détaxé?
10880	corpus-6-train	FR	Est-ce que je peux parler à Mary?
10882	corpus-6-test-corpus-26-train	FR	Quelles cartes de crédit acceptez-vous?
10884	corpus-6-train	FR	Où est le bureau des objets trouvés?
10885	corpus-6-train	FR	Un peu plus de ketchup et beaucoup de condiments, s'il vous plaît.
10890	corpus-6-train	FR	Emmenez-moi chez le médecin.
10891	corpus-6-train	FR	Les toilettes sont bouchées.
10893	corpus-6-train	FR	Puis-je avoir les horaires?
10894	corpus-6-train	FR	Merci. Est-ce que je peux en acheter pour homme ici aussi?
10895	corpus-6-train	FR	Oui, il parle les deux langues, mais sa secrétaire ne parle pas japonais.
10896	corpus-6-dev	FR	Pourriez-vous s'il vous plaît me donner un passeport provisoire?
10897	corpus-6-train	FR	Deux parfaits à la fraise.
10900	corpus-6-train	FR	Je cherche de la colle.
10901	corpus-6-train	FR	Voulez-vous enregistrer vos bagages directement jusqu'à Las Vegas?
10904	corpus-6-train	FR	Est-ce que vous pouvez m'apporter une plus grande taille?
10905	corpus-6-train	FR	Ce n'est pas cher. Voilà cinq dollars.
10906	corpus-6-train	FR	Du calme. Essaie de t'en souvenir.
10908	corpus-6-train	FR	Je vais prendre un bon petit déjeuner apporté par le service d'étage.
10913	corpus-6-train	FR	Le serrure ne marche pas.
10914	corpus-6-train	FR	Voici vingt et un dollars. Gardez la monnaie.
10915	corpus-6-train	FR	Ça vous prendra quinze minutes.
10918	corpus-6-train	FR	Nous vous ferons un passeport provisoire.
10919	corpus-6-train	FR	Un grand coca.
10920	corpus-6-train	FR	Bonne chance pour votre promotion.
10921	corpus-6-train	FR	Non, c'est disponible.
10922	corpus-6-test-corpus-26-train	FR	J'ai tout mon temps.
10924	corpus-6-train	FR	Excusez-moi, je crois qu'il y a une erreur dans ma note. Pouvez-vous vérifier, s'il vous plaît?
10925	corpus-6-train	FR	Est-ce que les repas sont compris dans les excursions?
10926	corpus-6-train	FR	Oh non, tous les magasins ne ferment pas le dimanche.
10927	corpus-6-train	FR	Est-ce que cette piste est pour les débutants?
10928	corpus-6-train	FR	Le plein, s'il vous plaît.
10929	corpus-6-dev	FR	Est-ce vous connaissez un gynécologue par ici?
10930	corpus-6-test-corpus-26-train	FR	Eh bien, c'est l'heure du déjeuner. Voulez-vous en discuter en déjeunant?
10931	corpus-6-train	FR	Pouvez-vous le livrer d'ici demain?
10934	corpus-6-train	FR	Elle est plus belle que sa sœur.
10937	corpus-6-test-corpus-26-dev	FR	On a volé le magnétoscope dans ma chambre.
10938	corpus-6-train	FR	Nous ne faisons pas de remboursement en liquide dans cet aéroport. Mettez cette photocopie dans une enveloppe et postez-la.
10943	corpus-6-train	FR	Je n'ai eu que des B. Et toi?
10945	corpus-6-train	FR	Combien de temps durent les contractions maintenant?
10948	corpus-6-train	FR	Du thé japonais, s'il vous plaît.
10949	corpus-6-dev	FR	Où puis-je acheter des articles en cuir à des prix raisonnables?
10950	corpus-6-test-corpus-26-train	FR	Bonjour, je m'appelle Oda. J'ai une réservation pour ce soir mais je serai un peu en retard pour l'enregistrement. Veuillez me garder ma réservation.
10953	corpus-6-test-corpus-26-train	FR	Ces chaussures sont robustes?
10955	corpus-6-test-corpus-26-test	FR	Veuillez lui dire que j'attends son coup de téléphone.
10956	corpus-6-train	FR	Non, mais les écouteurs diffusent de l'anglais ou du japonais.
10957	corpus-6-train	FR	Est-ce que je peux annuler ma commande?
10958	corpus-6-train	FR	Je n'aime pas la forme.
10960	corpus-6-train	FR	Pourriez-vous faire venir un chasseur pour mes bagages, s'il vous plaît?
10961	corpus-6-train	FR	Vingt dollars l'heure, faites votre choix.
10962	corpus-6-train	FR	Qu'est-ce qui est le plus rapide, le métro ou le taxi?
10964	corpus-6-test-corpus-26-train	FR	Ils disent que la grippe est très répandue là-bas.
10967	corpus-6-train	FR	Pourriez-vous me faire deux photocopies ici?
10969	corpus-6-train	FR	Et bien, ce n'est pas facile de l'expliquer à quelqu'un qui n'y joue pas.
10970	corpus-6-dev	FR	Bien sûr. Il y en a une pile là-bas, vous voyez? Cette biographie se vend comme des petits pains.
10972	corpus-6-train	FR	Est-ce que j'aurai besoin d'un pull?
10973	corpus-6-test-corpus-26-train	FR	Entrez, je vous prie.
10974	corpus-6-train	FR	Pourriez-vous me conseiller un bon restaurant pas trop cher près de cet hôtel?
10975	corpus-6-test-corpus-26-train	FR	Je suis désolé. Nous sommes complets demain soir.
10976	corpus-6-test-corpus-26-train	FR	Je suis avec des amis.
10977	corpus-6-train	FR	Je désirerais un dessert, s'il vous plaît.
10979	corpus-6-train	FR	Faites-moi faire un petit tour de la ville, s'il vous plaît.
10981	corpus-6-train	FR	Est-il possible de me faire une remise?
10984	corpus-6-train	FR	Pourriez-vous vous passer à mon hôtel ce soir?
10985	corpus-6-test-corpus-26-train	FR	D'après Goro, M. Yamada a deux enfants.
10986	corpus-6-dev	FR	Non. Avec de la crème, s'il vous plaît.
10988	corpus-6-train	FR	Je pensais que c'était terminé. Que dois-je faire?
10989	corpus-6-train	FR	Est-ce que vous êtes en train de me dire que je ne peux pas avoir de carte d'embarquement parce que le vol est surréservé?
10991	corpus-6-train	FR	Veuillez me prêter des jumelles d'opéra. Les arrhes sont de combien?
10993	corpus-6-train	FR	J'espère que vous aimez ce style et cette couleur.
10994	corpus-6-test-corpus-26-dev	FR	Est-ce que vous pouvez répéter?
10996	corpus-6-train	FR	Je voudrais les horaires des trains.
10997	corpus-6-test-corpus-26-train	FR	J'aimerais bien faire un détour par la Tour de Londres.
10998	corpus-6-train	FR	Je vais prendre un Scotch avec de la glace.
11002	corpus-6-train	FR	Pourriez-vous nous donner votre avis sur ce point?
11004	corpus-6-train	FR	Est-ce que je dois apporter votre petit déjeuner?
11005	corpus-6-dev	FR	Je veux réserver une table pour le dîner ce soir.
11006	corpus-6-train	FR	Voilà. Gardez la monnaie.
11007	corpus-6-train	FR	Je vais descendre à l'hôtel Alfa.
11008	corpus-6-train	FR	Pourquoi les CD sont-ils tellement moins chers ici?
11009	corpus-6-train	FR	Le prix est de soixante-quinze centimes. Veuillez donner l'appoint, s'il vous plaît.
11011	corpus-6-train	FR	J'aime le jazz.
11013	corpus-6-train	FR	Est-ce que les bagages seront inspectés individuellement à la douane?
11016	corpus-6-train	FR	Je voudrais réserver une chambre simple dans votre hôtel pour trois nuits à partir du premier juillet.
11017	corpus-6-train	FR	Au Grand Hotel.
11018	corpus-6-train	FR	Mais il n'indique pas le Golden Gate Bridge. Nous devrions demander à quelqu'un. Excusez-moi, est-ce que c'est le bon arrêt de bus pour se rendre au Golden Gate Bridge?
11019	corpus-6-test-corpus-26-train	FR	Veuillez attacher vos ceintures.
11020	corpus-6-train	FR	Oui, le voilà.
11021	corpus-6-train	FR	Oui. Puis-je vous aider?
11022	corpus-6-train	FR	Appelez la serveuse qui s'occupe de cette table, s'il vous plaît.
11023	corpus-6-dev	FR	Je voudrais de l'alcool à brûler.
11025	corpus-6-train	FR	Est-ce que je peux continuer mon voyage?
11027	corpus-6-test-corpus-26-test	FR	L'indicatif régional est le trois. Le numéro de téléphone est le deux trois quatre trois quatre zéro zéro.
11030	corpus-6-test-corpus-26-test	FR	Excusez-moi. Y a-t-il un pont près d'ici?
11032	corpus-6-train	FR	Est-ce que quelqu'un peut s'occuper de lui?
11035	corpus-6-train	FR	Prenez soin de vous.
11036	corpus-6-train	FR	J'en ai assez, merci.
11037	corpus-6-train	FR	Est-ce qu'il faut porter une veste et une cravate?
11041	corpus-6-test-corpus-26-dev	FR	Excusez-moi, je voudrais aller aux toilettes.
11043	corpus-6-train	FR	Quelle est la plus belle saison dans ce pays?
11044	corpus-6-train	FR	Ça prendra environ vingt minutes.
11045	corpus-6-train	FR	Puis-je commander un verre de vin?
11046	corpus-6-test-corpus-26-train	FR	C'est occupé.
11047	corpus-6-test-corpus-26-test	FR	Ses vêtements sont toujours démodés.
11048	corpus-6-train	FR	Je vais vous conduire à votre chambre.
11049	corpus-6-dev	FR	Je voudrais confirmer ma réservation.
11050	corpus-6-train	FR	Vous feriez mieux de faire un bilan complet dans un hôpital général.
11051	corpus-6-train	FR	Bonjour. C'est l'opératrice pour l'international. Quel numéro souhaitez-vous composer?
11052	corpus-6-dev	FR	Près du comptoir de la Singapore Airlines là-bas.
11054	corpus-6-test-corpus-26-train	FR	Est-ce que vous avez des fruits de mer?
11055	corpus-6-train	FR	Ça ne marche pas bien.
11057	corpus-6-test-corpus-26-train	FR	C'est assez cher.
11058	corpus-6-test-corpus-26-train	FR	J'aimerais bien mais j'ai peur de ne pas y arriver cette fois-ci.
11060	corpus-6-train	FR	Pourrais-je avoir ma clef, s'il vous plaît? Le numéro de ma chambre est le cent quinze.
11064	corpus-6-test-corpus-26-train	FR	Eh bien, je ne sais pas encore, mais je vais sûrement essayer.
11067	corpus-6-train	FR	Portez cette ordonnance à la pharmacie.
11068	corpus-6-train	FR	Est-ce que je peux avoir une place côté couloir, s'il vous plaît? Nous voudrions des places non-fumeurs.
11069	corpus-6-test-corpus-26-dev	FR	Du sel, s'il vous plaît.
11071	corpus-6-train	FR	Mademoiselle Yoshie Sawa. Y o s h i e S a w a. Le numéro est le trente-quatre cinquante-six soixante-dix-huit quatre-vingt-dix.
11072	corpus-6-train	FR	Au nom de Yamato Kogyo, je tiens à vous remercier pour votre immense gentillesse et pour votre aide lors de la réunion qui s'est terminée avec de si bons résultats.
11074	corpus-6-train	FR	Je ne peux pas bouger.
11075	corpus-6-train	FR	Excusez-moi. Je cherche cette adresse.
11077	corpus-6-train	FR	Mes bagages sont sérieusement endommagés.
11082	corpus-6-test-corpus-26-train	FR	Veuillez utiliser la cabine d'essayage là-bas.
11083	corpus-6-train	FR	Quelle est l'entrée la plus proche?
11084	corpus-6-train	FR	Une chambre simple avec baignoire, s'il vous plaît.
11086	corpus-6-train	FR	Je dois éviter les aliments avec du sucre.
11088	corpus-6-train	FR	Une place près du hublot, s'il vous plaît.
11089	corpus-6-train	FR	Je désirerais réserver une table pour deux.
11090	corpus-6-train	FR	Ça a l'air amusant. Qu'est-ce que nous attendons?
11091	corpus-6-train	FR	Est-ce que c'est hors taxe?
11092	corpus-6-train	FR	Je veux faire réparer ma montre. Elle retarde d'au moins deux minutes par jour.
11094	corpus-6-train	FR	Le monde est petit.
11097	corpus-6-train	FR	Je voudrais louer des skis nautiques.
11100	corpus-6-test-corpus-26-train	FR	Quatre-vingt-dix dollars pour un aller. En liquide ou par carte?
11105	corpus-6-train	FR	Non, laissez-moi d'abord vérifier.
11109	corpus-6-test-corpus-26-dev	FR	Pouvez-vous me débarrasser la table, s'il vous plaît?
11110	corpus-6-train	FR	Est-ce qu'il y a d'autres frais?
11111	corpus-6-train	FR	Où est le centre commercial?
11113	corpus-6-train	FR	Merci. Nous vous réveillerons à huit heures.
11114	corpus-6-train	FR	Est-ce que je peux l'échanger contre un vol qui part plus tôt, le cinq?
11118	corpus-6-train	FR	"Bien que ""Ringi"" soit chargé d'écrire le plan original et le faire circuler parmi les personnes concernées afin d'obtenir leur approbation."
11119	corpus-6-train	FR	Je suis désolé mais c'est complet à cette époque.
11120	corpus-6-train	FR	Est-ce que vous avez des bagues en opaline?
11123	corpus-6-test-corpus-26-train	FR	Comment les japonais élèvent-ils leurs enfants? Sont-ils sévères avec eux?
11124	corpus-6-train	FR	Est-ce que tu veux jouer avec moi?
11125	corpus-6-train	FR	Faites-moi cette ordonnance, s'il vous plaît.
11126	corpus-6-test-corpus-26-train	FR	Pouvez-vous me donner les horaires d'ouverture?
11127	corpus-6-train	FR	N'hésitez pas à m'appeler si vous avez l'occasion de visiter Tokyo.
11128	corpus-6-train	FR	Ah, je préfère.
11129	corpus-6-train	FR	Avez-vous des visites guidées?
11130	corpus-6-dev	FR	Vous allez me livrer cet ordinateur personnel, n'est-ce pas?
11131	corpus-6-test-corpus-26-dev	FR	Veuillez les emballer séparément, je vous prie.
11132	corpus-6-train	FR	Je voudrais une cassette pour caméscope, s'il vous plaît.
11133	corpus-6-train	FR	J'ai bien peur de ne pas pouvoir payer plus de soixante dollars la nuit.
11134	corpus-6-train	FR	Je prendrais un café crème.
11135	corpus-6-train	FR	Bien sûr. Complétez ce formulaire et signez-le, s'il vous plaît.
11136	corpus-6-train	FR	Vous feriez mieux de ne pas rester debout toute la nuit.
11137	corpus-6-train	FR	A quelle heure dois-je être de retour au bus?
11140	corpus-6-train	FR	Je n'ai pas de fourchette.
11142	corpus-6-train	FR	Avez-vous une excursion pour Las vegas?
11143	corpus-6-train	FR	Je n'arrive pas à bouger ma jambe gauche parce qu'elle me fait trop mal.
11144	corpus-6-train	FR	Où est le bureau de réclamation pour les bagages?
11145	corpus-6-train	FR	Pouvez-vous verser un petit peu plus d'eau dans mon verre?
11147	corpus-6-train	FR	Je me souviens avoir pris une photo au restaurant où nous avons déjeuné.
11148	corpus-6-train	FR	Je suis arrivé ici dans le train qui a quitté Londres à douze heures cinquante.
11152	corpus-6-train	FR	Oui. Quand est-ce qu'ils pourront être prêts?
11155	corpus-6-train	FR	Est-ce que vous avez quelque chose de léger?
11156	corpus-6-train	FR	Bonsoir. Combien de personnes assisteront à votre fête?
11157	corpus-6-train	FR	Veuillez partir.
11158	corpus-6-train	FR	Je suis désolé monsieur mais nous sommes complets.
11159	corpus-6-train	FR	Pourriez-vous me l'écrire, s'il vous plaît?
11160	corpus-6-train	FR	Je dois aller aux toilettes.
11161	corpus-6-test-corpus-26-train	FR	J'ai l'estomac lourd.
11162	corpus-6-train	FR	Quel est le taux d'inflation?
11163	corpus-6-train	FR	Les Cincinnati Reds perdent de trois tours.
11164	corpus-6-train	FR	Où est l'espace snowboard?
11166	corpus-6-train	FR	Oui, pourriez-vous lui dire que Noriko Itoh a téléphoné?
11167	corpus-6-train	FR	Où puis-je payer le montant pour la distance supplémentaire?
11168	corpus-6-train	FR	Où est la navette?
11170	corpus-6-train	FR	Je voudrais de la sole.
11171	corpus-6-test-corpus-26-dev	FR	Ça a l'air parfait. Où pouvons-nous vous attendre?
11174	corpus-6-test-corpus-26-train	FR	Est-ce qu'on pourra commencer à jouer quand ils auront fini?
11177	corpus-6-train	FR	Tu veux que je te donne une raison de pleurer?
11179	corpus-6-train	FR	Je suis tombé dans les escaliers.
11182	corpus-6-train	FR	Que ce soit lavé pour demain matin, neuf heures.
11183	corpus-6-train	FR	Je veux aller pêcher.
11184	corpus-6-train	FR	Elle nous sert du café corsé.
11185	corpus-6-train	FR	Pouvez-vous me réparer les talons de ces chaussures?
11186	corpus-6-train	FR	Je veux connaître l'heure de départ de ma correspondance.
11188	corpus-6-train	FR	C'est juste là-bas. N'hésitez pas à en prendre un.
11189	corpus-6-train	FR	Pourrions-nous utiliser le court de tennis cet après-midi?
11190	corpus-6-test-corpus-26-train	FR	La population japonaise est d'environ cent vingt millions d'habitants.
11192	corpus-6-train	FR	Pourriez-vous m'apporter le petit déjeuner à huit heures demain matin?
11193	corpus-6-train	FR	Etes-vous d'ici?
11194	corpus-6-train	FR	En quel cuir est fait ce sac à main?
11197	corpus-6-test-corpus-26-train	FR	Ajoutez ces articles sur la carte d'enregistrement.
11198	corpus-6-train	FR	Où puis-je prendre le bus pour aller à la gare routière de la ville?
11199	corpus-6-test-corpus-26-train	FR	Est-ce que je peux récupérer mes affaires?
11201	corpus-6-dev	FR	Vous avez de beaux yeux.
11203	corpus-6-train	FR	Où est ma place, s'il vous plaît?
11211	corpus-6-train	FR	Je voudrais un filtre UV, s'il vous plaît.
11212	corpus-6-train	FR	Est-ce que je peux en voir des moins chers?
11213	corpus-6-train	FR	Je voudrais une table non-fumeur, s'il vous plaît.
11214	corpus-6-train	FR	Est-ce que c'est la meilleure qualité dont vous disposez?
11216	corpus-6-train	FR	Que voulez-vous boire, madame?
11217	corpus-6-dev	FR	Excusez-moi, est-ce que vous allez entre la Troisième et la Vingt-septième rue?
11218	corpus-6-train	FR	Excusez-moi. Où est le bar?
11221	corpus-6-train	FR	Merci. Gardez la monnaie.
11222	corpus-6-train	FR	Eh bien, je vous rappellerai plus tard alors. Merci.
11223	corpus-6-train	FR	Est-ce qu'il y a un terrain de jeux?
11225	corpus-6-train	FR	"Est-ce que vous avez deux billets pour ""La Belle et la Bête"" ce mercredi?"
11226	corpus-6-train	FR	Est-ce que vous avez une excursion d'une journée?
11227	corpus-6-train	FR	A quelle heure arriverons-nous à New York?
11228	corpus-6-dev	FR	Je dois m'en aller.
11229	corpus-6-train	FR	J'ai crains qu'il n'arrive pas avant demain.
11230	corpus-6-train	FR	Ce n'est pas un problème. Nous avons déjà pris en compte ce type de situation dans nos calculs.
11234	corpus-6-train	FR	Pouvez-vous m'emmener à l'hôpital?
11235	corpus-6-train	FR	Où est la pharmacie de garde?
11237	corpus-6-train	FR	Est-ce qu'il est possible de ne prendre qu'un dessert?
11238	corpus-6-train	FR	D'accord. Vérifions le tout attentivement.
11239	corpus-6-train	FR	L'embouteillage dans la région d'Atsugi était vraiment terrible, n'est-ce pas?
11240	corpus-6-test-corpus-26-train	FR	Est-ce que vous avez des écharpes en soie? Je cherche un cadeau pour mon épouse.
11243	corpus-6-train	FR	Elles sont trop larges.
11244	corpus-6-train	FR	Le poisson auquel vous pensez est le fugu. Son foie et ses ovaires contiennent un poison mortel.
11246	corpus-6-test-corpus-26-train	FR	Nous allons vous l'apporter tout de suite. Quel est le numéro de votre chambre?
11247	corpus-6-train	FR	J'ai trouvé le concert excellent.
11250	corpus-6-train	FR	Où est la salle des bagages?
11253	corpus-6-train	FR	Est-ce que je peux prendre des photos à l'intérieur?
11255	corpus-6-train	FR	Je ne peux pas gérer ça tout seul.
11256	corpus-6-train	FR	Je n'ai jamais vu de paysage aussi vaste.
11257	corpus-6-train	FR	Il faut que je voie un kinésithérapeute.
11258	corpus-6-train	FR	Oui. Je ne me sens pas bien depuis environ deux jours.
11259	corpus-6-train	FR	J'ai la diarrhée.
11260	corpus-6-train	FR	Pourquoi le déjeuner est-il servi à quinze heures?
11263	corpus-6-train	FR	C'est complet vendredi jusqu'à vingt heures trente.
11264	corpus-6-test-corpus-26-test	FR	M. Kobayashi vous cherche.
11265	corpus-6-train	FR	Pourriez-vous les emballer, s'il vous plaît?
11266	corpus-6-dev	FR	Donnez-moi, s'il vous plaît, le nom de bons restaurants.
11267	corpus-6-test-corpus-26-train	FR	Je voudrais voyager en bateau de Shanghai to Hawaï.
11268	corpus-6-train	FR	Quand pourrez-vous le refaire?
11269	corpus-6-train	FR	Laissez-moi y réfléchir. Je vais regarder dans d'autres magasins.
11271	corpus-6-train	FR	Que diriez-vous de dix dollars pour trois?
11277	corpus-6-train	FR	Je ne veux pas dépenser plus de trente dollars par pièce.
11278	corpus-6-test-corpus-26-test	FR	Pourriez-vous faire venir quelqu'un?
11279	corpus-6-train	FR	Pouvez-vous échanger des yens japonais ici?
11280	corpus-6-train	FR	Je crois que celui-ci bien mieux que celui-là.
11282	corpus-6-test-corpus-26-train	FR	Est-ce que ce sera prêt pour dix-sept heures demain?
11283	corpus-6-train	FR	Veuillez parler japonais.
11284	corpus-6-train	FR	Je voudrais une barre de chocolat, s'il vous plaît.
11286	corpus-6-train	FR	Restez ici, s'il vous plaît.
11287	corpus-6-train	FR	Ça a l'air intéressant. Quand commence la visite?
11289	corpus-6-train	FR	J'ai réservé une voiture au Japon pour deux jours.
11293	corpus-6-train	FR	Pourriez-vous me dire où je peux m'enregistrer pour ce vol?
11300	corpus-6-train	FR	Pouvez-vous me prendre en photo, s'il vous plaît?
11301	corpus-6-train	FR	Je désirerais un timbre pour cette carte postale.
11302	corpus-6-test-corpus-26-train	FR	Ça prend dix minutes à pied.
11304	corpus-6-train	FR	Est-ce que je peux louer une selle et un casque?
11307	corpus-6-train	FR	Puis-je avoir un autre vin?
11309	corpus-6-train	FR	Qui a construit ça?
11313	corpus-6-train	FR	Est-ce que la garantie est valable au Japon?
11314	corpus-6-train	FR	Non, pas du tout.
11315	corpus-6-train	FR	J'ai fait le tour de Sydney.
11316	corpus-6-test-corpus-26-train	FR	Avant de terminer, pouvez-vous m'accorder quelques minutes?
11317	corpus-6-train	FR	Est-ce qu'il arrive bientôt?
11319	corpus-6-train	FR	Excusez-moi, mais pourriez-vous m'apporter une autre fourchette?
11321	corpus-6-train	FR	Est-ce qu'il y a une mosquée dans les environs?
11322	corpus-6-train	FR	Est-ce que je peux en avoir sans ordonnance?
11323	corpus-6-train	FR	Est-ce que je peux proposer un vote sur cette question maintenant?
11324	corpus-6-train	FR	J'aimerais bien rester ici cette nuit.
11325	corpus-6-test-corpus-26-dev	FR	Où puis-je garer ma voiture?
11326	corpus-6-train	FR	Je travaille dans les média.
11328	corpus-6-train	FR	Merci. Et où puis-je trouver une carte téléphonique?
11331	corpus-6-train	FR	Faites des notes séparées, s'il vous plaît.
11332	corpus-6-train	FR	Quel genre de cuisine aimez-vous?
11334	corpus-6-train	FR	Que diriez-vous de trente dollars?
11336	corpus-6-test-corpus-26-dev	FR	J'ai froid et j'ai très mal à l'estomac.
11337	corpus-6-train	FR	Est-ce que vous pourriez me dessiner un plan?
11339	corpus-6-train	FR	Vous êtes bien renseigné.
11341	corpus-6-train	FR	C'est le deux deux trois onze onze.
11342	corpus-6-test-corpus-26-train	FR	Un scotch avec de l'eau, s'il vous plaît. Et est-ce que vous avez quelque chose à manger?
11343	corpus-6-test-corpus-26-train	FR	Comment puis-je éteindre cette lumière?
11345	corpus-6-dev	FR	Oh, c'est vraiment superbe. Ca te va très bien.
11347	corpus-6-dev	FR	Quelle est votre destination?
11349	corpus-6-train	FR	Un billet, s'il vous plaît.
11350	corpus-6-train	FR	J'espère que la température ne va pas changer.
11351	corpus-6-train	FR	Nous voudrions visiter aussi le Metropolitan Museum of Art et le Lincoln Center.
11352	corpus-6-train	FR	Après un typhon, nous avons en général une belle journée d'automne.
11353	corpus-6-train	FR	Oui, ce sera bien. Le supplément pour les photocopies est à combien?
11355	corpus-6-train	FR	Combien de temps dois-je attendre pour qu'il arrive?
11356	corpus-6-dev	FR	C'est la police. Nous avons un mandat. Ouvrez.
11360	corpus-6-test-corpus-26-train	FR	Est-ce qu'il est très occupé aujourd'hui?
11361	corpus-6-train	FR	Quand est l'entracte?
11363	corpus-6-train	FR	Pouvez-vous le raccourcir de deux centimètres?
11364	corpus-6-train	FR	Je verrai ce que je peux faire.
11365	corpus-6-train	FR	Il faut que je prenne mon train à quatorze heures.
11367	corpus-6-train	FR	Merci beaucoup. Voici votre ticket de retouche.
11369	corpus-6-train	FR	En quelque sorte. J'ai déjà été dans la région.
11372	corpus-6-train	FR	J'ai pris mes repas avec les coupons.
11374	corpus-6-test-corpus-26-train	FR	Je voudrais du fil.
11375	corpus-6-test-corpus-26-train	FR	Donnez-moi un certificat médical, s'il vous plaît.
11376	corpus-6-train	FR	Lequel est léger?
11378	corpus-6-test-corpus-26-train	FR	Je voudrais que vous le raccourcissiez d'encore un pouce ici.
11379	corpus-6-train	FR	Je ne fais que regarder, merci.
11380	corpus-6-train	FR	Deux hamburgers et deux tasses de café, s'il vous plaît.
11381	corpus-6-train	FR	Il faut vraiment que vous fassiez quelque chose pour ça. Je dois être de retour à Tokyo demain.
11385	corpus-6-train	FR	Les dix et onze octobre et départ le douze.
11387	corpus-6-train	FR	De combien est la caution?
11389	corpus-6-train	FR	Comment est l'eau?
11390	corpus-6-train	FR	Ce sont des cadeaux pour mes amis.
11391	corpus-6-train	FR	Quand est-ce que ce sera fait?
11392	corpus-6-test-corpus-26-train	FR	Je ne me sens pas bien, donnez-moi des médicaments.
11394	corpus-6-train	FR	J'ai laissé tomber ma fourchette.
11398	corpus-6-train	FR	Non, pas du tout. J'espère que ce sera bien encore demain.
11399	corpus-6-train	FR	Est-ce que je dois me mettre sur mon trente et un?
11401	corpus-6-dev	FR	Je voudrais deux billets pour le spectacle de vingt heures.
11402	corpus-6-train	FR	Excusez-moi. Pourriez-vous me dire à quelle heure vous ouvrez?
11403	corpus-6-test-corpus-26-train	FR	Est-ce que je peux avoir un journal japonais?
11404	corpus-6-test-corpus-26-train	FR	D'accord. Est-ce que je peux descendre du car n'importe où? Combien ça coûte pour pouvoir descendre?
11405	corpus-6-train	FR	Ce billet n'est pas valable.
11407	corpus-6-train	FR	Trente-cinq heures, sans comprendre l'heure du déjeuner. Et votre compagnie au Japon?
11409	corpus-6-train	FR	Cette tour fait six cent trente-quatre pieds de haut.
11410	corpus-6-train	FR	Je voudrais une radio pour voiture, s'il vous plaît.
11412	corpus-6-test-corpus-26-train	FR	Quel bus va au centre-ville?
11413	corpus-6-train	FR	Est-que cela vous dérangerait de regarder mon premier jet dès que je l'aurai fini?
11414	corpus-6-train	FR	D'accord. Je vais bientôt vous envoyer l'avis.
11417	corpus-6-train	FR	Vous avez le rapport de police, n'est-ce pas? Quels sont vos numéros de vérification?
11418	corpus-6-train	FR	C'est débranché.
11420	corpus-6-test-corpus-26-train	FR	Est-ce qu'il y a un express pour Boston?
11422	corpus-6-train	FR	Où est l'annuaire?
11423	corpus-6-train	FR	Le sport national du japon, c'est la lutte de sumo.
11424	corpus-6-train	FR	Quand portez-vous un kimono?
11425	corpus-6-train	FR	Oui. Je voudrais me servir de la carte VISA. Son numéro est le quatre neuf zéro huit un cinq un deux trois six sept sept six zéro zéro quatre.
11426	corpus-6-train	FR	Est-ce que vous l'avez en quarante-huit et en rouge?
11428	corpus-6-train	FR	Je voudrais une assurance complète.
11429	corpus-6-train	FR	Vous faites un bon voyage?
11430	corpus-6-train	FR	Qu'est-ce que tu voudrais faire?
11431	corpus-6-dev	FR	Merci. Est-ce que le temps est toujours aussi changeant à Londres?
11435	corpus-6-test-corpus-26-train	FR	Veux-tu devenir mon correspondant, s'il te plaît?
11436	corpus-6-train	FR	Veuillez lui dire de me rappeler au trois cinq quatre huit onze trente-neuf dès qu'il rentrera. Hôtel Hilton, chambre numéro mille deux cent neuf.
11438	corpus-6-test-corpus-26-dev	FR	Je vais séjourner chez un ami.
11439	corpus-6-train	FR	Quand est la finale de la NBA?
11440	corpus-6-dev	FR	Je n'aime pas ce genre.
11441	corpus-6-dev	FR	Quelle voie pour Berlin?
11442	corpus-6-test-corpus-26-train	FR	Je suis si énervé. Je n'arrive pas à tenir en place.
11443	corpus-6-train	FR	J'ai cassé le vase par erreur.
11445	corpus-6-train	FR	Est-ce que je dois servir le whisky avant la soupe ou après?
11447	corpus-6-train	FR	Pouvez-vous mettre ce sac dans un autre endroit?
11448	corpus-6-train	FR	A notre retour au Japon, nous suivrons attentivement les évènements.
11449	corpus-6-test-corpus-26-train	FR	Est-ce que je peux descendre au Hilton?
11450	corpus-6-test-corpus-26-train	FR	Je veux que vous l'enleviez.
11451	corpus-6-train	FR	Bien sûr, ne vous inquiétez pas. Je me suis occupé de tout.
11453	corpus-6-train	FR	Bien. Et au Japon?
11454	corpus-6-train	FR	Je suis désolé mais l'hôtel est complet.
11456	corpus-6-train	FR	Est-ce que l'on peut prendre des photos dans le musée?
11457	corpus-6-test-corpus-26-train	FR	Tournez à gauche dans cette rue, longez-la et prenez la première à droite.
11458	corpus-6-train	FR	Ces ongles en acrylique vous font des ongles plus longs.
11461	corpus-6-train	FR	Et bien, d'accord. J'espère que ça ne se reproduira pas.
11462	corpus-6-test-corpus-26-train	FR	Je voudrais savoir s'il est possible d'envoyer cet ensemble de vaisselle à Tokyo?
11464	corpus-6-train	FR	Je voudrais du bain moussant.
11466	corpus-6-train	FR	Il faut que je descende. Ce n'est pas le bon train.
11467	corpus-6-test-corpus-26-train	FR	Je voudrais du talc pour le corps.
11468	corpus-6-dev	FR	Mon collier a disparu.
11469	corpus-6-train	FR	Ça pourrait être une appendicite.
11473	corpus-6-train	FR	Inscrivez-le, je vous prie.
11475	corpus-6-train	FR	Pourriez-vous me montrer celui-là?
11476	corpus-6-train	FR	Que dois-je faire en rendant la voiture?
11477	corpus-6-train	FR	Pourquoi ne pas discuter autour d'une tasse de café?
11478	corpus-6-test-corpus-26-train	FR	Est-ce qu'il y a de la nourriture moins forte et moins épicée?
11479	corpus-6-test-corpus-26-train	FR	Est-ce que c'est assez proche pour y aller à pied?
11480	corpus-6-train	FR	Quelle est votre spécialité?
11481	corpus-6-train	FR	Ce sera terminé à treize heures.
11482	corpus-6-train	FR	Je veux annuler les autres plats parce que le service est trop lent.
11483	corpus-6-train	FR	Notre Président? Oui, il assiste à un cocktail. J'aimerais que vous le rencontriez. Suivez-moi.
11484	corpus-6-train	FR	Que quelqu'un appelle la police.
11486	corpus-6-train	FR	Je cherche un souvenir pour ma mère.
11487	corpus-6-train	FR	Où suis-je sur cette carte?
11488	corpus-6-train	FR	Peut-être.
11489	corpus-6-train	FR	J'ai oublié la clef dans la voiture qui est fermée à clef.
11490	corpus-6-train	FR	Je vous donnerais dans les cinquante-cinq environ.
11491	corpus-6-test-corpus-26-dev	FR	Je voudrais de la crème pour les mains.
11492	corpus-6-train	FR	Vous n'avez pas le droit de tourner à droite ici.
11493	corpus-6-test-corpus-26-train	FR	Est-ce que tu peux me passer le sel, s'il te plaît?
11494	corpus-6-train	FR	Est-ce qu'il y a un atelier de réparation de voiture par ici?
11495	corpus-6-train	FR	Ce n'est pas la bonne commande.
11496	corpus-6-train	FR	J'ai l'intention de passer la journée de demain à faire des courses.
11498	corpus-6-train	FR	C'est populaire.
11500	corpus-6-test-corpus-26-train	FR	Je veux aller à Wall Street. Comment est-ce que je peux m'y rendre?
11504	corpus-6-train	FR	Oui, c'est mon premier voyage.
11505	corpus-6-train	FR	Je voudrais changer pour une autre chambre.
11506	corpus-6-train	FR	Est-ce que l'on peut ajouter des conducteurs?
11507	corpus-6-train	FR	Où est le grand magasin?
11508	corpus-6-train	FR	J'ai laissé mon sac sur le siège. Pourriez-vous le chercher?
11512	corpus-6-train	FR	Un sandwich à la dinde. Pas trop de moutarde, s'il vous plaît.
11513	corpus-6-train	FR	Je dirais que l'été ici n'est pas si désagréable.
11514	corpus-6-train	FR	Comme vous avez de la chance. Ils l'ont trouvé sur le comptoir de la réception et ils le gardent comme objet trouvé. On va le récupérer?
11515	corpus-6-train	FR	A point, s'il vous plaît.
11517	corpus-6-train	FR	Vous devez payer un supplément lorsque vous rendez la voiture.
11518	corpus-6-train	FR	Comment attachez-vous la ceinture de sécurité?
11519	corpus-6-dev	FR	Je vais appeler le videur.
11520	corpus-6-train	FR	C'est complet. Nous ne pouvons rien y faire.
11521	corpus-6-train	FR	Descendez tout droit le long de ces deux pâtés de maisons.
11523	corpus-6-train	FR	Appelez vite une ambulance, s'il vous plaît.
11525	corpus-6-train	FR	Excusez-moi, à quelle heure l'avion arrive-t-il à Tokyo?
11526	corpus-6-train	FR	Est-ce que ce billet est toujours valable?
11527	corpus-6-train	FR	Est-ce que vous avez besoin d'un stylo ou d'un crayon?
11528	corpus-6-train	FR	On ne peut pas faire confiance à cet homme.
11530	corpus-6-train	FR	Est-ce que vous avez une carte des pistes cyclables?
11532	corpus-6-train	FR	Taille quarante, madame. Les articles en quarante ont une étiquette rouge.
11533	corpus-6-train	FR	Avec de la menue monnaie, s'il vous plaît.
11534	corpus-6-train	FR	Oui, nous en avons. Est-ce que vous voulez lire aussi des magazines japonais?
11535	corpus-6-train	FR	Des œufs brouillés, s'il vous plaît.
11539	corpus-6-train	FR	Oui, c'est ça. Au Japon, nous appelons la saison des pluies tsuyu.
11540	corpus-6-train	FR	Faites le plein, s'il vous plaît.
11541	corpus-6-test-corpus-26-train	FR	Trop d'exercice ne fait aucun bien.
11542	corpus-6-train	FR	Je n'ai aucune sensation dans ma jambe droite.
11543	corpus-6-train	FR	Bien sûr. Mais il ne reste plus de chambre double pour ce soir.
11544	corpus-6-test-corpus-26-train	FR	Avec le petit déjeuner, les taxes et le service compris, ce sera quarante-cinq dollars la nuit par personne.
11545	corpus-6-train	FR	A quelle longueur dois-je les couper? De ça environ?
11548	corpus-6-train	FR	Est-ce que tout le monde doit débarquer?
11549	corpus-6-train	FR	Pourriez-vous s'il vous plaît parler plus lentement?
11550	corpus-6-test-corpus-26-train	FR	Pourriez-vous réparer ceci?
11552	corpus-6-train	FR	Ce sont les médicaments que mon médecin de famille m'a donnés.
11554	corpus-6-train	FR	On dit que l'histoire, la tradition et la culture de la nation sont représentés dans ses jours fériés.
11555	corpus-6-dev	FR	Est-ce que ce vol va partir à l'heure?
11561	corpus-6-train	FR	Non, mais vous pouvez appeler ce numéro pour obtenir de l'aide en japonais. Le un huit cents.
11562	corpus-6-train	FR	Permettez-moi de jeter un coup d'œil à cette voiture.
11564	corpus-6-train	FR	Pourriez-vous recommander un bon magasin pour acheter des pendules anciennes, s'il vous plaît?
11566	corpus-6-dev	FR	Oui, je m'en souviendrai.
11569	corpus-6-train	FR	J'ai besoin d'un adaptateur, d'une prise et de fiches. Le voltage de ce pays est différent du nôtre et c'est la même chose avec ces appareils.
11572	corpus-6-train	FR	Il y avait quatre jeunes hommes.
11574	corpus-6-test-corpus-26-train	FR	Bonjour. Salut.
11575	corpus-6-train	FR	Je crois que je me suis fait mal au bas du dos.
11576	corpus-6-test-corpus-26-train	FR	Je ne trouve pas vos bagages.
11577	corpus-6-train	FR	Pourriez-vous remonter un peu ces favoris?
11578	corpus-6-train	FR	Nous voudrions aller à l'usine ABC.
11580	corpus-6-train	FR	Une taille normale, s'il vous plaît.
11581	corpus-6-train	FR	Je m'appelle Chiba. Numéro de chambre, trois cent quarante-cinq.
11583	corpus-6-train	FR	On nous donne vingt jours de congés payés par an.
11584	corpus-6-train	FR	Mes sacs ne sont pas là.
11585	corpus-6-train	FR	En parlant de choses émouvantes, un Américain enlace naturellement une dame.
11587	corpus-6-train	FR	Où sont les plats que j'ai commandés?
11589	corpus-6-dev	FR	Parce que je vais le préparer de la même façon que le saumon meunière.
11590	corpus-6-train	FR	C'est très gentil de votre part de téléphoner pour prendre des nouvelles de ma santé.
11591	corpus-6-train	FR	Je ne me sens pas mieux.
11592	corpus-6-train	FR	C'est pénible de traîner beaucoup de choses avec soi, alors j'achèterai mes souvenirs le dernier jour.
11593	corpus-6-train	FR	Le cinéma en plein air commence dans quelques minutes. Voulez-vous un rafraîchissement?
11595	corpus-6-test-corpus-26-train	FR	Tout droit, je vous prie.
11598	corpus-6-train	FR	Je viens du Maroc.
11600	corpus-6-test-corpus-26-train	FR	Est-ce que l'eau est potable?
11601	corpus-6-train	FR	Posez le sac là-bas, et la valise dans le placard, s'il vous plaît.
11603	corpus-6-train	FR	Ce n'est pas avantageux d'acheter des choses bon marché.
11604	corpus-6-train	FR	Voici vos billets et votre bordereau de confirmation pour l'hôtel.
11607	corpus-6-train	FR	Faites venir un docteur, s'il vous plaît.
11611	corpus-6-train	FR	Je peux y passer l'après-midi entier.
11612	corpus-6-train	FR	Merci. C'est vraiment tout ce dont j'ai besoin en ce moment.
11614	corpus-6-train	FR	Merci beaucoup. Votre numéro de chambre est le sept cent vingt. Voici votre clef. Notre porteur s'occupera de vos bagages.
11615	corpus-6-train	FR	Déshabillez-vous et allongez-vous là.
11618	corpus-6-train	FR	Est-ce que cela vous dérange si j'éteins la radio?
11619	corpus-6-train	FR	La réaction des distributeurs par rapport à ce produit a été très bonne.
11620	corpus-6-train	FR	Je voudrais de l'eau vraiment chaude.
11621	corpus-6-train	FR	Payons chacun notre part.
11622	corpus-6-test-corpus-26-train	FR	Allez, venez. C'est seulement deux dollars.
11625	corpus-6-train	FR	Madame.
11626	corpus-6-test-corpus-26-train	FR	Pourriez-vous échanger cette robe contre une de plus grande taille?
11628	corpus-6-train	FR	J'ai emmené mes petits frères au zoo.
11629	corpus-6-train	FR	Bonsoir, comme on se retrouve.
11630	corpus-6-train	FR	Juste en souvenir. Vous voyez, nous n'avons pas ce genre de taxi au Japon.
11631	corpus-6-test-corpus-26-train	FR	Eh bien, allons-y. Je t'aide avec tes devoirs et ensuite nous mangerons une pizza.
11633	corpus-6-test-corpus-26-train	FR	Oui, M. Tanaka. Il y a deux messages pour vous.
11638	corpus-6-train	FR	Puis-je prendre des photos à l'intérieur du musée?
11639	corpus-6-train	FR	Avec quelles sortes de jouets les garçons de cinq ou six ans préfèrent-il jouer en Angleterre?
11640	corpus-6-train	FR	Je veux faire une réservation sur le vol six de JAL pour New York le douze.
11643	corpus-6-test-corpus-26-train	FR	Ça ne me va pas.
11644	corpus-6-train	FR	Je crois que c'est une bonne idée. Si vous n'y voyez par d'inconvénient, j'aimerais voter.
11646	corpus-6-test-corpus-26-train	FR	Demain est un autre jour.
11650	corpus-6-train	FR	Comment est-ce que je peux y aller en limousine?
11653	corpus-6-train	FR	La seule qui nous reste aujourd'hui est la visite de la ville. Toutes les autres ont lieu la nuit.
11658	corpus-6-train	FR	C'est fabriqué en Italie?
11659	corpus-6-train	FR	Quelle ligne va à la Gare de Londres?
11660	corpus-6-train	FR	Vous avez des enfants?
11661	corpus-6-train	FR	Ce n'est pas de votre faute.
11663	corpus-6-test-corpus-26-train	FR	Je peux peut-être vous aider. Est-ce qu'il vous faut de la vitamine C?
11664	corpus-6-train	FR	Par ici, s'il vous plaît. Les sixième et septième de cette rangée.
11666	corpus-6-train	FR	Où est la piste des tous petits?
11668	corpus-6-train	FR	Pas d'entourloupettes.
11669	corpus-6-train	FR	Pouvez-vous m'envoyer des informations sur votre nouveau produit?
11675	corpus-6-train	FR	Est-ce que cette caméra huit millimètres est un cadeau?
11677	corpus-6-train	FR	Je voudrais un flash.
11678	corpus-6-dev	FR	Je voudrais un appel-réveil, s'il vous plaît.
11680	corpus-6-train	FR	Vous voulez dire que vous ne voulez pas arriver à un compromis avec eux?
11682	corpus-6-train	FR	Oui, je voudrais bien. Quand allons-nous partir d'ici?
11684	corpus-6-train	FR	Je m'appelle Risa Kobayashi et le numéro où on peut me joindre actuellement est le vingt soixante-cinq vingt-cinq trente et un soixante-huit.
11685	corpus-6-train	FR	Je désirerais une radio de poche, s'il vous plaît.
11687	corpus-6-train	FR	Combien de temps allez-vous séjourner ici?
11688	corpus-6-train	FR	Ça prend quelques jours.
11689	corpus-6-test-corpus-26-train	FR	Un pickpoket a volé mon portefeuille dans le train.
11690	corpus-6-train	FR	Bonjour, monsieur. Puis-je vous aider?
11692	corpus-6-train	FR	J'arriverai après le dîner.
11693	corpus-6-train	FR	Je vais faire établir le contrat pour la semaine prochaine.
11696	corpus-6-train	FR	Cinq. Je voudrais que les tables soient rapprochées.
11701	corpus-6-train	FR	Vous ne m'avez pas rendu la bonne monnaie. Veuillez me donner encore trois dollars.
11702	corpus-6-train	FR	Je veux descendre à la gare centrale. Veuillez me prévenir quand nous y arriverons.
11704	corpus-6-test-corpus-26-train	FR	C'est trop loin. Il vaudrait mieux prendre un taxi.
11705	corpus-6-train	FR	Est-ce que c'est du cuir véritable?
11706	corpus-6-train	FR	Veuillez appeler un policier.
11707	corpus-6-train	FR	Quel est le meilleur club de jazz?
11708	corpus-6-test-corpus-26-train	FR	Je souhaiterais une place côté couloir, s'il vous plaît.
11709	corpus-6-test-corpus-26-train	FR	Je vis dans un appartement qui me coûte quatre-vingt mille yens par mois.
11710	corpus-6-train	FR	Je n'ai pas compris.
11711	corpus-6-train	FR	J'ai perdu mon sac à main.
11712	corpus-6-train	FR	Puis-je avoir une boîte pour l'emballer?
11713	corpus-6-train	FR	Je voudrais un shampooing à sec.
11714	corpus-6-test-corpus-26-train	FR	Puis-je vous interrompre?
11715	corpus-6-train	FR	Le climat est tempéré.
11716	corpus-6-train	FR	Oui, monsieur. Veuillez aussi transmettre à Mme Kawakami mon bon souvenir.
11720	corpus-6-test-corpus-26-dev	FR	Montrez-moi un plus large.
11721	corpus-6-train	FR	Laissez-moi le peser. Ce fera quatre-vingt quinze centimes.
11722	corpus-6-train	FR	Pourriez-vous ajouter de la laitue et des tomates?
11723	corpus-6-train	FR	Veuillez appeler un taxi pour quatorze heures.
11724	corpus-6-train	FR	J'ai une écharde dans le doigt.
11725	corpus-6-train	FR	Combien coûtent-ils au Japon?
11727	corpus-6-train	FR	Il arrive à Portland à midi.
11728	corpus-6-train	FR	C'est trop voyant pour moi.
11729	corpus-6-train	FR	Avez-vous fini de déjeuner?
11730	corpus-6-train	FR	Est-ce que vous pouvez me l'emballer?
11731	corpus-6-train	FR	Pouvez-vous me décrire vos bagages?
11732	corpus-6-dev	FR	Veuillez le mettre dans un sac.
11733	corpus-6-train	FR	Est-ce que tu vas m'attendre pendant que je visite la cathédrale?
11734	corpus-6-test-corpus-26-train	FR	Excusez-moi. Ça vous dérangerais de changer de place avec moi?
11736	corpus-6-train	FR	Echangeons les extrémités.
11737	corpus-6-train	FR	Elle ferait mieux de remplir ce formulaire de douane et de le soumettre.
11740	corpus-6-train	FR	Pouvez-vous me prêter un stylo?
11742	corpus-6-train	FR	Je vais prendre une seule boule de glace à la noix de coco dans un cornet.
11744	corpus-6-train	FR	Voulez-vous des boissons?
11746	corpus-6-test-corpus-26-train	FR	Oui, bien sûr.
11748	corpus-6-train	FR	Pouvez-vous répéter votre nom, s'il vous plaît?
11749	corpus-6-train	FR	Faites-moi voir celui-là.
11750	corpus-6-train	FR	Je viens prendre mes photocopies.
11751	corpus-6-test-corpus-26-train	FR	Descendez jusqu'à l'angle et tournez à gauche au feu.
11752	corpus-6-train	FR	Veuillez raccourcir les manches.
11753	corpus-6-train	FR	J'ai un peu de fièvre et j'ai également mal à la poitrine sur le côté droit quand je tousse.
11754	corpus-6-test-corpus-26-dev	FR	Voulez-vous des rollers plus petits ou plus grands?
11755	corpus-6-train	FR	Vingt dollars d'avance.
11757	corpus-6-train	FR	Y a-t-il une discothèque dans les environs?
11760	corpus-6-train	FR	Je voudrais me rendre à la station de métro.
11761	corpus-6-train	FR	Nous arriverons là-bas à quinze heures trente, heure locale.
11762	corpus-6-train	FR	Je voudrais aller dans la Cinquième Avenue. C'est combien, s'il vous plaît?
11767	corpus-6-test-corpus-26-test	FR	Je désirerais une chambre seule avec baignoire pour quatre-vingts dollars, s'il vous plaît.
11770	corpus-6-dev	FR	Puis-je vous apporter quelque chose à boire?
11772	corpus-6-train	FR	Où est la confiserie la plus proche?
11773	corpus-6-train	FR	Oh, oui. Je voudrais envoyer ce paquet au Japon. Il contient de l'artisanat aborigène.
11774	corpus-6-train	FR	Mince alors, vous conduisez tellement vite. Vous ne pouvez pas ralentir?
11777	corpus-6-train	FR	Pourrais-je avoir du vin rouge, s'il vous plaît?
11778	corpus-6-train	FR	Quel est le prix de la chambre?
11780	corpus-6-train	FR	Veuillez me donner celui sur l'étagère.
11781	corpus-6-train	FR	Je vais m'occuper de cette table.
11785	corpus-6-train	FR	Emballez-les un par un.
11787	corpus-6-train	FR	C'est un peu trop grand ici.
11788	corpus-6-train	FR	Bonjour. L'Hôtel Star. Puis-je vous aider?
11790	corpus-6-train	FR	J'ai mis deux pièces de vingt-cinq centimes pour un coca, mais rien n'est sorti de la machine.
11791	corpus-6-train	FR	Où se réunissent les jeunes?
11792	corpus-6-train	FR	Est-ce que je peux changer de compagnie aérienne?
11794	corpus-6-train	FR	Est-ce que je changer des chèques-voyages?
11795	corpus-6-train	FR	Je ne voulais pas vous vexer.
11796	corpus-6-dev	FR	Après le décollage, nous vous parlerons de notre service d'aujourd'hui. Entre temps, si nous pouvons faire quoi que ce soit pour rendre votre vol encore plus agréable, n'hésitez pas à nous le demander.
11797	corpus-6-train	FR	Veuillez me mettre en relation avec la chambre numéro mille deux cent trente-quatre.
11798	corpus-6-train	FR	Pouvez-vous m'emmener chez le médecin, s'il vous plaît?
11799	corpus-6-train	FR	Veuillez m'indiquer le montant total.
11800	corpus-6-test-corpus-26-train	FR	Je voudrais déposer mes effets de valeur dans le coffre-fort de l'hôtel.
11802	corpus-6-train	FR	La nourriture est froide.
11803	corpus-6-train	FR	Est-ce qu'il y a un bon magasin de vêtements pour hommes?
11804	corpus-6-train	FR	C'est tout.
11807	corpus-6-train	FR	Elle est là depuis trois ans.
11809	corpus-6-train	FR	Je voudrais réserver un court de tennis pour une heure à quinze heures.
11810	corpus-6-dev	FR	A chaque fois que j'échoue, je réussis la fois suivante.
11811	corpus-6-train	FR	Est-ce que c'est pour des enfants?
11813	corpus-6-train	FR	Eh bien, je préfère un parfum qui ne soit pas trop sucré.
11814	corpus-6-train	FR	Chez mon ami.
11815	corpus-6-train	FR	Que puis-je faire pour vous? Avez-vous des problèmes?
11817	corpus-6-test-corpus-26-dev	FR	Est-ce que vous avez une chambre de libre pour cette nuit?
11819	corpus-6-train	FR	Combien coûte un billet aller-retour?
11821	corpus-6-test-corpus-26-train	FR	Oui, mais assurez-vous d'avoir votre billet.
11823	corpus-6-train	FR	Je suis désolé. Nous ne prenons pas de réservations.
11825	corpus-6-train	FR	Où dois-je descendre?
11829	corpus-6-train	FR	Pourriez-vous m'emmener au commissariat le plus proche?
11830	corpus-6-train	FR	La taxe sera perçue séparément.
11831	corpus-6-train	FR	Quel est le meilleur endroit à visiter?
11832	corpus-6-train	FR	Pourquoi n'y ajoutez-vous pas eu peu plus de poivre?
11833	corpus-6-train	FR	Je voudrais de la cuisine italienne.
11835	corpus-6-train	FR	Je voudrais une gomme.
11836	corpus-6-dev	FR	Combien ça coûte pour l'envoyer?
11837	corpus-6-train	FR	Quel est le prix d'entrée?
11839	corpus-6-train	FR	Hourra.
11840	corpus-6-train	FR	J'arriverai à Los Angeles à dix-sept heures.
11841	corpus-6-train	FR	Je souffre de violentes douleurs à la poitrine.
11842	corpus-6-train	FR	C'est une grande Samsonite bleue avec beaucoup d'autocollants dessus.
11844	corpus-6-train	FR	Est-ce que je peux poursuivre mon voyage?
11847	corpus-6-train	FR	D'accord, les billets seront au guichet du théâtre. Merci d'avoir appelé les Broadway Tickets.
11848	corpus-6-train	FR	Je crois que l'addition n'est pas bonne.
11849	corpus-6-train	FR	Nous avons un problème.
11850	corpus-6-train	FR	Cet avion est en retard de deux heures sur le programme.
11851	corpus-6-train	FR	Est-ce qu'il va pleuvoir?
11852	corpus-6-train	FR	Excusez-moi, mais est-ce que ce train s'arrête à Baltimore?
11854	corpus-6-train	FR	Le linge qui séchait dans la salle de bains a disparu.
11861	corpus-6-train	FR	Oui, merci. Je voudrais une tasse de thé.
11862	corpus-6-test-corpus-26-train	FR	Seules quelques personnes se joindront à la visite facultative.
11864	corpus-6-train	FR	Je vais parier dix dollars.
11865	corpus-6-train	FR	Un guide.
11866	corpus-6-train	FR	Montrez-moi comment faire, s'il vous plaît.
11869	corpus-6-train	FR	J'aime vraiment le manteau que vous portez.
11872	corpus-6-test-corpus-26-train	FR	Peu importe. De toute façon, emmenez-moi dans le centre du Chinatown, s'il vous plaît. Je vais essayer de trouver par moi-même.
11877	corpus-6-train	FR	Connaissez-vous de bons endroits pour séjourner à Chicago?
11878	corpus-6-train	FR	Environ cinq mille yens. C'est beaucoup pour un jeune homme.
11879	corpus-6-test-corpus-26-train	FR	De nouvelles personnes sont recrutées en avril.
11880	corpus-6-test-corpus-26-train	FR	Je l'espère.
11882	corpus-6-train	FR	Où se trouve le journal de bord?
11883	corpus-6-train	FR	Pourriez-vous m'ouvrir la porte, s'il vous plaît?
11885	corpus-6-test-corpus-26-train	FR	Deux scotch avec de l'eau, s'il vous plaît.
11888	corpus-6-dev	FR	Qu'est-ce qui est en vogue en ce moment?
11890	corpus-6-train	FR	Est-ce qu'il y a un entracte?
11892	corpus-6-train	FR	Il voudrait me tuer. Maintenant écoute, rends-moi service. Va dans la salle de bains, ouvre la fenêtre et attends là.
11894	corpus-6-train	FR	Oui, monsieur. Perugino est à l'ouest.
11896	corpus-6-train	FR	Est-ce que je peux garder cette tasse ici?
11897	corpus-6-train	FR	Veuillez libérer votre chambre avant neuf heures, s'il vous plaît.
11899	corpus-6-train	FR	Je vais prendre une soupe de légumes et des côtelettes d'agneau grillées, s'il vous plaît.
11901	corpus-6-test-corpus-26-train	FR	Qui joue?
11902	corpus-6-train	FR	Où se trouve le métro?
11903	corpus-6-train	FR	Veuillez me montrer une autre couleur.
11907	corpus-6-train	FR	Est-ce qu'il y a du ski de nuit?
11909	corpus-6-train	FR	Je désirerais réserver une chambre pour ce soir.
11911	corpus-6-dev	FR	Quand vous en aurez fini avec la police, veuillez me rappeler pour que je vous donne les autres numéros dont vous pourriez avoir besoin.
11912	corpus-6-train	FR	Ça enfle et je ressens des élancements.
11913	corpus-6-test-corpus-26-dev	FR	Pouvez-vous m'appeler si vous trouvez mon sac?
11914	corpus-6-train	FR	Veuillez envoyer ça par courrier à cette adresse.
11916	corpus-6-test-corpus-26-train	FR	A gauche, s'il vous plaît.
11917	corpus-6-train	FR	Ce lecteur CD ne marche pas. Je veux me faire rembourser.
11918	corpus-6-train	FR	C'est joli.
11920	corpus-6-train	FR	Oh, j'aimerais bien.
11921	corpus-6-train	FR	C'est M. Yamamoto, chambre trois cent trente-cinq. Les voisins d'à côté sont très bruyants. J'aimerais bien changer de chambre.
11922	corpus-6-train	FR	Est-ce que vous avez en avez de plus étroit?
11923	corpus-6-dev	FR	Pour quelle durée devons-nous établir ce contrat?
11925	corpus-6-dev	FR	Un verre de Chablis.
11926	corpus-6-train	FR	Combien coûte le permis?
11927	corpus-6-train	FR	Combien vaut cette pièce?
11930	corpus-6-train	FR	Je souffre de douleurs menstruelles.
11932	corpus-6-test-corpus-26-test	FR	Est-ce que vous voulez bien être pris en photo avec moi?
11934	corpus-6-dev	FR	Comme d'habitude.
11936	corpus-6-train	FR	J'ai été blessé.
11937	corpus-6-train	FR	C'est long.
11938	corpus-6-test-corpus-26-dev	FR	Non. Est-ce que vous voulez le déclarer?
11939	corpus-6-train	FR	A Susan, la charmante future mariée. Bonne chance à toi.
11940	corpus-6-train	FR	Excusez-moi, madame. Vous avez fait tomber votre mouchoir.
11941	corpus-6-train	FR	Par avion, s'il vous plaît.
11944	corpus-6-train	FR	Est-ce que vous voulez une place côté hublot ou couloir?
11948	corpus-6-train	FR	Bonjour. Pouvez-vous me dire comment me procurer des billets pour le match d'aujourd'hui? Nous sommes pour l'instant à Manhattan.
11949	corpus-6-test-corpus-26-train	FR	Cette dent de devant me fait souffrir.
11952	corpus-6-train	FR	Dans quel coin de A allez-vous?
11954	corpus-6-train	FR	Merci. Je vais à une réception.
11958	corpus-6-train	FR	Je voudrais une pellicule pour cet appareil, s'il vous plaît.
11959	corpus-6-test-corpus-26-train	FR	Quel est le dernier jeu vidéo pour une adolescente de quinze ans?
11960	corpus-6-train	FR	Pouvez-vous appeler un médecin, je vous prie?
11962	corpus-6-train	FR	Pas vraiment. Mais j'ai un peu mal à la tête.
11963	corpus-6-train	FR	Est-ce qu'il y a un grand spectacle de musique rock?
11964	corpus-6-train	FR	Je suis ici pour une étude de marché.
11965	corpus-6-train	FR	Je vous en prie, voyez ce que vous pouvez faire pour moi.
11967	corpus-6-train	FR	Est-ce que je peux vous inviter à déjeuner?
11969	corpus-6-train	FR	VISA.
11972	corpus-6-test-corpus-26-train	FR	Nous vous verrons demain.
11973	corpus-6-test-corpus-26-test	FR	Est-ce qu'il y a un restaurant moins cher dans les environs?
11974	corpus-6-train	FR	Je voudrais du détergent pour le linge.
11975	corpus-6-test-corpus-26-train	FR	Non, mais merci. Je me sens mieux.
11976	corpus-6-test-corpus-26-train	FR	Avez-vous du pain?
11977	corpus-6-test-corpus-26-train	FR	Quel est votre niveau en violon?
11982	corpus-6-train	FR	Bien sûr. J'ai dit : est-ce que vous connaissiez M. White?
11983	corpus-6-train	FR	Merci du conseil. Je l'essaierai la prochaine fois.
11986	corpus-6-train	FR	Etes-vous allergique à un médicament en particulier?
11988	corpus-6-train	FR	Non, merci.
11990	corpus-6-test-corpus-26-train	FR	Mon ami a glissé et il est tombé dans la salle de bains.
11991	corpus-6-test-corpus-26-train	FR	Puis-je avoir un cendrier?
11992	corpus-6-train	FR	Je ne crois pas. C'est une idée géniale.
11993	corpus-6-train	FR	Pouvez-vous allumer la climatisation?
11996	corpus-6-train	FR	Je désirerais une bouteille d'eau minérale.
11997	corpus-6-test-corpus-26-train	FR	Le Christianisme a été banni et le pays s'est fermé au reste du monde.
11998	corpus-6-train	FR	Pourriez-vous nous recommander de bons endroits à visiter au cours des excursions touristiques d'une journée?
11999	corpus-6-train	FR	Puis-je engager un guide pour la journée?
12002	corpus-6-train	FR	De quelle partie des Etats-Unis êtes-vous?
12003	corpus-6-dev	FR	Veuillez échanger cet argent contre des livres.
12004	corpus-6-train	FR	Ça dépend de la durée de la visite.
12005	corpus-6-test-corpus-26-train	FR	Combien en voulez-vous?
12006	corpus-6-train	FR	Pouvez-vous vous dévêtir jusqu'à la taille?
12007	corpus-6-dev	FR	Je suis d'Israël.
12008	corpus-6-train	FR	Ah ah, une olive s'est s'est coincée dans ma gorge.
12009	corpus-6-train	FR	Où puis-je me procurer des livres scolaires?
12012	corpus-6-test-corpus-26-train	FR	Un cocktail de crevettes pour elle et la même chose pour moi.
12013	corpus-6-train	FR	J'ai été percuté par une voiture.
12014	corpus-6-dev	FR	Pourrions-nous avoir une paille, s'il vous plaît?
12015	corpus-6-train	FR	Le réfrigérateur ne marche pas.
12016	corpus-6-train	FR	Pourriez-vous compléter ce formulaire et le lui faxer?
12019	corpus-6-train	FR	A bientôt.
12020	corpus-6-train	FR	Est-ce que c'est le bon quai pour le train qui va à Paris.
12022	corpus-6-train	FR	Je vous en prie. Tout le plaisir était pour moi.
12023	corpus-6-train	FR	Oh, est-ce que les fêtes de geishas existent encore?
12024	corpus-6-train	FR	Mais, le nom des gares n'est normalement écrit qu'en japonais. Donc, ce sera peut-être difficile à comprendre.
12026	corpus-6-train	FR	Que fait un ver dans un champ de blé?
12029	corpus-6-train	FR	Que voulez-vous?
12031	corpus-6-train	FR	Merci beaucoup, mais pour quel jour pensez-vous?
12032	corpus-6-dev	FR	Je crois que vous êtes assis à ma place.
12033	corpus-6-test-corpus-26-train	FR	Est-ce que je peux vous demander de signer ici et de parapher ici, s'il vous plaît.
12034	corpus-6-dev	FR	Dans ce cas, je n'aurai pas beaucoup de temps.
12035	corpus-6-test-corpus-26-train	FR	C'était un grand plaisir de visiter votre siège et d'avoir pu discuter longuement avec vous. Merci beaucoup pour votre aimable coopération.
12036	corpus-6-train	FR	Non fumeur s'il vous plaît.
12037	corpus-6-train	FR	Je voudrais aller à Manhattan. Combien ça coûte?
12040	corpus-6-train	FR	Alors pouvez-vous conseiller un restaurant à prix modique dans le coin? Pourriez-vous me l'indiquer sur cette carte?
12042	corpus-6-train	FR	Vous devez passer une autre porte pour atteindre les quais Shinkansen.
12043	corpus-6-train	FR	Où se situe le cinéma?
12044	corpus-6-train	FR	C'est un kimono.
12045	corpus-6-train	FR	Pouvez-vous me mettre en relation avec quelqu'un qui parle japonais?
12046	corpus-6-train	FR	Quatre jours.
12047	corpus-6-train	FR	Attendez, ça fera quatorze cinquante.
12049	corpus-6-train	FR	L'heure d'embarquement du vol cent soixante-quinze de la United Airlines a été retardé. Veuillez patienter dix minutes.
12050	corpus-6-train	FR	Bon. Je vais l'essayer.
12054	corpus-6-test-corpus-26-train	FR	Tu ronfles fort.
12055	corpus-6-train	FR	Est-ce que ce prix comprend les taxes, les frais de service et le petit déjeuner?
12056	corpus-6-test-corpus-26-train	FR	Après tout, la couleur ne me plaît pas. Est-ce que je peux le retourner?
12057	corpus-6-test-corpus-26-dev	FR	Passez cette porte là-bas, et attendez à l'arrêt numéro six.
12060	corpus-6-test-corpus-26-dev	FR	Du poulet rôti, s'il vous plaît.
12063	corpus-6-train	FR	Permettez-moi de vous expliquer les horaires des repas dans cet établissement.
12065	corpus-6-train	FR	J'ai beaucoup de fièvre.
12068	corpus-6-dev	FR	Est-ce tu fais tes devoirs?
12069	corpus-6-test-corpus-26-train	FR	Puis-je avoir du poivre?
12071	corpus-6-train	FR	Téléphonons-lui.
12074	corpus-6-test-corpus-26-test	FR	Oui, j'aimerais bien quelque chose à lire.
12076	corpus-6-train	FR	L'Europe pour mes vacances d'été cette année.
12077	corpus-6-train	FR	Il doit y avoir ici des gens qui viennent du monde entier.
12078	corpus-6-train	FR	Où cette pièce a-t-elle été jouée?
12080	corpus-6-train	FR	Puis-je avoir l'addition, s'il vous plaît?
12082	corpus-6-train	FR	Eh bien, il y avait trois tranches de poulet et ce plat est accompagné aussi d'une pomme de terre au four et d'un assortiment de légumes.
12083	corpus-6-train	FR	Il y a trop de bruit dans la chambre d'à côté. Pouvez-vous leur donner un avertissement?
12084	corpus-6-dev	FR	Il m'a heurté.
12088	corpus-6-train	FR	Veuillez ne pas vous inquiéter à ce sujet. Nous allons tout arranger.
12090	corpus-6-train	FR	Nous voudrions trouver un endroit qui ne coûte pas plus de trente dollars par personne.
12092	corpus-6-train	FR	Excusez-moi, mais pouvez-vous me décrire ce plat sur le menu?
12094	corpus-6-train	FR	Pourriez-vous me dire quelle est la discothèque la plus populaire de la ville?
12095	corpus-6-train	FR	Pourriez-vous m'expliquer comment on utilise ce téléphone?
12096	corpus-6-train	FR	C'est une clef sous forme de carte. Vous devez toujours l'avoir sur vous.
12098	corpus-6-train	FR	Savez-vous à quelle heure ouvre le musée?
12099	corpus-6-train	FR	Je voudrais aller à un concert de musique classique.
12100	corpus-6-train	FR	Quels styles sont les plus populaires en ce moment?
12101	corpus-6-test-corpus-26-train	FR	C'est M. Takahashi de la chambre cinq cent quarante-neuf. Pourriez-vous faire monter quatre bouteilles de bière Budweiser, s'il vous plaît?
12102	corpus-6-train	FR	Je désirerais du jambon.
12104	corpus-6-train	FR	Combien ça coûtera avec un casier?
12106	corpus-6-train	FR	Oh, je suis désolé, c'est la deuxième porte sur la gauche.
12107	corpus-6-train	FR	Oui, nous avons The Where et The City Guide.
12111	corpus-6-train	FR	Veuillez mettre mes effets de valeur dans le coffre-fort.
12112	corpus-6-train	FR	Faites attention.
12113	corpus-6-train	FR	Dépêchez-vous. Allons-y. Madame, voulez-vous bien vous taire? Monsieur, asseyez-vous, s'il vous plaît. Merci. Restez là. Mettez-vous à l'aise. Eh, euh, apportez-nous aussi deux bouteilles de Wild Turkey, voulez-vous?
12115	corpus-6-train	FR	Je suis complètement courbaturé.
12119	corpus-6-train	FR	Veuillez lui dire que j'aimerais la voir après demain.
12120	corpus-6-train	FR	Je vais séjourner chez un ami.
12121	corpus-6-train	FR	Où est ce guide?
12122	corpus-6-train	FR	Ce truc a l'air bon.
12123	corpus-6-train	FR	Dix dollars d'essence ordinaire à la pompe numéro trois, s'il vous plaît.
12126	corpus-6-train	FR	Mon forfait comprend une visite facultative.
12127	corpus-6-train	FR	Comment puis-je m'y rendre? Est-ce que cela vous dérangerait de me dessiner un plan?
12128	corpus-6-train	FR	Je vais y réfléchir. Merci.
12130	corpus-6-train	FR	Je dois faire attention à ne pas me faire avoir quand on me rend la monnaie.
12131	corpus-6-test-corpus-26-train	FR	Voici soixante-dix dollars.
12132	corpus-6-train	FR	La cuisine de gourmet devient vraiment populaire ces temps-ci.
12133	corpus-6-train	FR	Nous l'avons beaucoup apprécié. Merci.
12136	corpus-6-train	FR	Des livres. Quel est le délai de la poste par avion?
12138	corpus-6-train	FR	Je me suis blessé la main.
12140	corpus-6-test-corpus-26-train	FR	Appelez-moi à mon hôtel dès que vous aurez trouvé mes bagages, s'il vous plaît.
12141	corpus-6-dev	FR	Que diriez-vous de mardi?
12142	corpus-6-train	FR	Avez-vous des visites d'une demi-journée?
12143	corpus-6-train	FR	Je ne comprends pas bien l'anglais. Est-ce que quelqu'un parle le japonais?
12144	corpus-6-train	FR	Salut, mon nom est Mori. J'ai une réservation pour dix-neuf heures.
12146	corpus-6-train	FR	J'attends mon ami.
12149	corpus-6-dev	FR	Je viens de Russie.
12150	corpus-6-test-corpus-26-train	FR	Je voudrais un appel-réveil demain matin à huit heures trente, s'il vous plaît.
12152	corpus-6-train	FR	Votre commande? Désirez-vous boire quelque chose?
12154	corpus-6-train	FR	Veuillez me passer M. Tanaka dans la chambre huit cent vingt.
12155	corpus-6-train	FR	Apportez d'autres toasts, je vous prie.
12156	corpus-6-train	FR	Est-ce qu'on peut louer des raquettes?
12157	corpus-6-train	FR	Voudrez-vous du thé ou du café après le repas?
12158	corpus-6-train	FR	Est-ce que je peux m'arrêter en chemin pour vous rendre visite?
12159	corpus-6-train	FR	C'est quelle viande?
12160	corpus-6-train	FR	Est-ce que cent dollars seront suffisants?
12161	corpus-6-train	FR	C'est un grand sac en cuir.
12167	corpus-6-test-corpus-26-train	FR	Oui, mais c'est trop et j'ai déjà trop mangé.
12170	corpus-6-train	FR	Pourrez-vous me montrer le chemin du musée?
12172	corpus-6-test-corpus-26-train	FR	Je voudrais de l'eau dentifrice.
12173	corpus-6-test-corpus-26-train	FR	Je ne me sens pas bien.
12175	corpus-6-train	FR	Oui, est-ce que je peux avoir un coca, s'il vous plaît?
12176	corpus-6-train	FR	Confucius au cinquième siècle avant J.C.
12177	corpus-6-train	FR	Pourriez-vous en choisir un pour moi?
12182	corpus-6-test-corpus-26-train	FR	Est-ce que vous faites des remises pour les achats en gros?
12184	corpus-6-train	FR	Est-ce c'est en cuir?
12186	corpus-6-train	FR	On me trouvera au numéro suivant toute la soirée : un deux deux trois un sept sept.
12189	corpus-6-train	FR	Je prends de la soupe instantanée au soja.
12193	corpus-6-test-corpus-26-train	FR	Tokyo, zéro trois quatre-vingt-dix-neuf quatre-vingt-dix-neuf quarante-cinq soixante-sept.
12195	corpus-6-train	FR	Est-ce que c'est courant au Japon de dormir dans un lit?
12197	corpus-6-train	FR	A New York.
12198	corpus-6-train	FR	Quand les photos seront-elles prêtes?
12199	corpus-6-train	FR	C'est trop juste ici.
12203	corpus-6-dev	FR	C'est une pellicule ultra rapide. Est-ce que je peux l'enlever?
12204	corpus-6-dev	FR	De la salade de chou blanc et de carotte à emporter, s'il vous plaît.
12205	corpus-6-train	FR	Est-ce qu'on peut jouer maintenant?
12206	corpus-6-train	FR	Merci pour ça.
12207	corpus-6-train	FR	A notre amitié.
12208	corpus-6-train	FR	Pouvez-vous me dire quel est l'arrêt juste avant New York?
12209	corpus-6-train	FR	Vous rigolez, n'est-ce pas?
12210	corpus-6-train	FR	Je ne parviens pas à m'entendre avec mon camarade de chambre. Il fume constamment. Je ne le supporte pas.
12212	corpus-6-train	FR	Est-ce qu'il y a un concert ce soir ou demain soir?
12213	corpus-6-dev	FR	Nous sommes désolés. Mais nous devons y aller maintenant.
12214	corpus-6-train	FR	Couloir numéro sept.
12216	corpus-6-train	FR	Je sais que les hamburgers sont délicieux ici.
12219	corpus-6-train	FR	Nous sommes vraiment contents que vous ayez pu vous libérer.
12222	corpus-6-train	FR	Bonjour. C'est l'opératrice pour l'international. Quel numéro voulez-vous appeler?
12224	corpus-6-train	FR	Pouvez-vous éteindre la climatisation?
12225	corpus-6-train	FR	Avez-vous quelque chose dans une autre couleur?
12228	corpus-6-train	FR	C'est kimura K I M U R A.
12230	corpus-6-train	FR	Veuillez les changer en dollars.
12232	corpus-6-train	FR	Je veux trouver l'entrée.
12237	corpus-6-train	FR	Est-ce que je peux avoir les médicaments qui sont prescrits sur cette ordonnance?
12238	corpus-6-dev	FR	Est-ce que l'explication est donnée en anglais?
12240	corpus-6-test-corpus-26-train	FR	Pouvez-vous m'aider à trouver le zoo?
12242	corpus-6-train	FR	Du chocolat, s'il vous plaît.
12245	corpus-6-train	FR	Je suis venu chercher mon sac qui avait disparu.
12246	corpus-6-test-corpus-26-train	FR	Pourriez-vous me dire comment le régler?
12247	corpus-6-test-corpus-26-train	FR	A quelle heure environ se termine la visite en bus?
12248	corpus-6-train	FR	C'est un restaurant de fruits de mer, n'est-ce pas?
12249	corpus-6-train	FR	Où dois-je aller?
12250	corpus-6-train	FR	Où se situe la sortie?
12251	corpus-6-dev	FR	Est-ce que c'est Cascade Limited?
12254	corpus-6-test-corpus-26-train	FR	Savez-vous comment utiliser un téléphone?
12257	corpus-6-train	FR	Je voudrais ceci, s'il vous plaît.
12259	corpus-6-test-corpus-26-train	FR	Bien sûr. Nous avons de charmants marque-pages amérindiens.
12260	corpus-6-train	FR	Quel est le numéro d'urgence?
12262	corpus-6-train	FR	Il semble un peu serré sur la largeur. Est-ce que ça va?
12264	corpus-6-train	FR	Est-ce que vous pourriez recommander quelque chose d'autre?
12266	corpus-6-train	FR	A quelle heure est-ce que je dois me présenter pour l'enregistrement?
12267	corpus-6-train	FR	Nous avons une promotion. Les tartes aux pommes sont à cinquante centimes seulement.
12268	corpus-6-train	FR	Un oreiller et une couverture, s'il vous plaît.
12269	corpus-6-train	FR	A huit heures, s'il vous plaît.
12270	corpus-6-train	FR	Au revoir.
12271	corpus-6-train	FR	Mon vol est le numéro UA cent trois le dix mars.
12272	corpus-6-train	FR	Pourriez-vous me dire à quel étage se trouvent les restaurants?
12275	corpus-6-train	FR	Oh, je suis terriblement confus.
12276	corpus-6-train	FR	Où se situe le commissariat le plus proche, s'il vous plaît?
12277	corpus-6-train	FR	Puis-je voir votre carte de débarquement?
12278	corpus-6-train	FR	J'ai fait une réservation à l'aéroport.
12279	corpus-6-train	FR	Est-ce que je peux presser un citron?
12280	corpus-6-train	FR	Comment est-ce que je peux me rendre à la poste?
12281	corpus-6-train	FR	Est-ce que je peux voir votre liste de prix?
12283	corpus-6-train	FR	Nous sommes ensemble.
12284	corpus-6-train	FR	Comme le monde est petit, non?
12285	corpus-6-train	FR	Veuillez me donner deux aérogrammes?
12286	corpus-6-train	FR	Pouvez-vous me donner votre numéro de téléphone?
12288	corpus-6-train	FR	Vous pouvez venir à l'heure qui vous convient dans l'après-midi.
12291	corpus-6-train	FR	Voulez-vous accepter ceci en témoignage de notre gratitude et en remerciement?
12292	corpus-6-dev	FR	A quelle taille est-ce que ça correspond en centimètres?
12293	corpus-6-train	FR	Nous avons retenu une table pour neuf heures. Je m'appelle Sato.
12294	corpus-6-train	FR	C'est en rupture de stock.
12295	corpus-6-train	FR	Pour leurs rendez-vous, ils vont au restaurant.
12296	corpus-6-train	FR	Est-ce que les taxis sont bon marché?
12297	corpus-6-train	FR	Vraiment? C'est tellement gentil de votre part de dire ça.
12298	corpus-6-test-corpus-26-train	FR	Une opératrice de langue japonaise, s'il vous plaît.
12300	corpus-6-train	FR	Pourriez-vous m'appeler taxi pour dix heures demain matin?
12302	corpus-6-train	FR	A quelle heure fermez-vous?
12303	corpus-6-dev	FR	Est-il possible d'acheter un quart de livre de viande?
12304	corpus-6-train	FR	Vraiment? Merci beaucoup. J'aimerais vous en emprunter quelques uns pour les vacances. Trois livres devraient suffire.
12306	corpus-6-train	FR	Je voudrais le petit déjeuner numéro deux.
12308	corpus-6-train	FR	Dans ce cas, veuillez vous rendre au bureau des réclamations avec votre coupon de bagages.
12310	corpus-6-train	FR	Est-ce qu'il y a un wagon-lit?
12314	corpus-6-train	FR	Ils sont trop grands pour moi. Est-ce que je pourrais essayer une taille plus petite?
12316	corpus-6-train	FR	Combien coûte l'affranchissement pour le Japon par avion?
12318	corpus-6-train	FR	Est-ce que je peux vous interrompre?
12319	corpus-6-train	FR	C'est M. Watanabe de la chambre six cent sept. Je partirai à neuf heures trente. Pouvez-vous envoyer quelqu'un pour mes bagages?
12321	corpus-6-train	FR	Est-ce qu'il est encore possible de faire du snowboard à Maunakea?
12323	corpus-6-train	FR	Est-ce que vous avez une carte de chemin de fer?
12327	corpus-6-dev	FR	J'ai fait du karaté quand j'étais à l'école.
12328	corpus-6-train	FR	Je dois arriver ici avant treize heures trente.
12329	corpus-6-train	FR	Combien d'heures dure le voyage en train?
12330	corpus-6-dev	FR	Euh-ah. Ca prendra environ cinq minutes.
12331	corpus-6-test-corpus-26-train	FR	La mode nous intéresse beaucoup.
12332	corpus-6-train	FR	Est-ce qu'il y a beaucoup de sites historiques dans la région?
12333	corpus-6-test-corpus-26-train	FR	Pouvez-vous me remorquer?
12336	corpus-6-train	FR	Il est dix-sept heures trente. Il vous reste encore une demi-heure.
12337	corpus-6-train	FR	Est-ce que vous aimez cet endroit?
12339	corpus-6-train	FR	Il n'y a pas assez de papier à lettres.
12341	corpus-6-train	FR	Pour quand pourrez-vous le faire?
12342	corpus-6-train	FR	Quelle porte est-ce que c'est?
12343	corpus-6-train	FR	Je voudrais réserver pour dix-huit heures ce soir pour un groupe de cinq personnes.
12345	corpus-6-test-corpus-26-train	FR	Est-ce que c'est la Clinique F?
12347	corpus-6-train	FR	Oui, mais nous demandons un supplément pour déposer les gens en route.
12348	corpus-6-train	FR	Vous pouvez l'acheter au rayon ameublement qui se trouve au troisième étage.
12350	corpus-6-train	FR	Je suis asiatique.
12353	corpus-6-train	FR	Est-ce que c'est le bon bus pour la Japan Air Lines?
12354	corpus-6-train	FR	Je voudrais réserver un car.
12355	corpus-6-train	FR	Pourriez-vous s'il vous plaît enlever cette tache?
12357	corpus-6-train	FR	Vraiment. Génial. Nous voudrions faire une réservation pour trois personnes.
12360	corpus-6-train	FR	Est-ce je peux avoir le TIME?
12361	corpus-6-train	FR	Et bien, Dave, Mark, Sachiko, et Rumi assisteront à la fête.
12363	corpus-6-train	FR	Pour cinquante dollars de jetons, s'il vous plaît.
12364	corpus-6-test-corpus-26-train	FR	Bonjour, Mlle Yamaguchi? Votre correspondant est en ligne. Votre appel est accepté. Allez-y, je vous en prie.
12365	corpus-6-train	FR	Vous feriez mieux de prendre un bus.
12369	corpus-6-dev	FR	J'arriverai vers dix-neuf heures.
12371	corpus-6-train	FR	Quelle sauce voulez-vous?
12376	corpus-6-train	FR	Je désirerais aller dans un vrai restaurant new-yorkais pas trop cher.
12377	corpus-6-train	FR	J'arriverai à l'hôtel le dix-huit septembre.
12379	corpus-6-train	FR	Est-ce que je peux avoir un plan des pistes, s'il vous plaît?
12380	corpus-6-train	FR	Je veux un feuillet publicitaire de vos selles.
12381	corpus-6-train	FR	Mince, pourquoi les hommes japonais agissent de façon si peu sociable?
12382	corpus-6-train	FR	On n'a pas le choix. C'est bien ici.
12384	corpus-6-train	FR	Pour des articles hors taxe, passez par le guichet de contrôle qui a la lumière verte.
12386	corpus-6-train	FR	Pourriez-vous répéter encore une fois?
12387	corpus-6-dev	FR	Malheureusement, toutes les chambres simples sont réservées. Mais il nous reste encore quelques doubles.
12389	corpus-6-train	FR	Je comprends parfaitement.
12391	corpus-6-test-corpus-26-test	FR	Où puis-je acheter un billet d'ascenseur?
12392	corpus-6-train	FR	Quels documents dois-je présenter pour louer une voiture?
12393	corpus-6-train	FR	J'ai eu un accident de voiture.
12394	corpus-6-train	FR	Avez-vous un billet aller-retour?
12395	corpus-6-train	FR	J'ai mal à la tête.
12396	corpus-6-test-corpus-26-train	FR	A quelle heure arriverons-nous à Los Angeles?
12397	corpus-6-dev	FR	Est-ce que vous avez une Dunhill?
12398	corpus-6-train	FR	Pourriez-vous nous conseiller quelques vins pas trop chers?
12403	corpus-6-test-corpus-26-train	FR	Continuez tout droit pendant cinq minutes et tournez à gauche.
12404	corpus-6-train	FR	Vous êtes censé entrer.
12405	corpus-6-train	FR	Y a-t-il un endroit pour acheter quelque chose à boire.
12407	corpus-6-dev	FR	Je viens d'arriver à l'aéroport.
12409	corpus-6-train	FR	Pourriez-vous le faire pour ce soir?
12410	corpus-6-train	FR	Plus amples détails concernant ce point à la page douze de ce rapport.
12411	corpus-6-train	FR	Il aurait dû être de retour à la maison à dix heures.
12413	corpus-6-train	FR	Sec.
12414	corpus-6-train	FR	Oui, veuillez vous asseoir.
12415	corpus-6-dev	FR	Est-ce qu'il y a des endroits à visiter en une seule journée?
12416	corpus-6-test-corpus-26-train	FR	C'est par là, vers la plage.
12419	corpus-6-train	FR	Non, merci. Je vais chez le docteur.
12420	corpus-6-test-corpus-26-train	FR	Ce thé aux herbes contribue au rajeunissement du corps.
12421	corpus-6-test-corpus-26-train	FR	Ils ne sont pas fabriqués au Japon, n'est-ce pas?
12423	corpus-6-train	FR	Cette bague est jolie.
12428	corpus-6-train	FR	Je voudrais prendre cela.
12429	corpus-6-train	FR	A quelle heure ouvre la galerie?
12430	corpus-6-train	FR	Je n'ai pas encore décidé.
12431	corpus-6-train	FR	Nous allons nous en occuper.
12432	corpus-6-train	FR	Faites-moi une remise, s'il vous plaît.
12433	corpus-6-train	FR	J'ai été très négligent. J'espère que vous voudrez bien me pardonner.
12434	corpus-6-train	FR	Est-ce que vous avez une robe blanche?
12437	corpus-6-train	FR	Pouvez-vous appeler un hôtel de la même catégorie et me trouver une chambre?
12440	corpus-6-train	FR	Pourriez-vous me montrer comment remplir une déclaration de perte de bagages, s'il vous plaît?
12441	corpus-6-train	FR	Quand cela a-t-il été construit?
12442	corpus-6-train	FR	Je vous le dirai dès que j'arriverai là-bas.
12443	corpus-6-test-corpus-26-train	FR	D'accord. Par ici, s'il vous plaît. Je vais vous conduire à votre chambre.
12446	corpus-6-train	FR	Est-ce que c'est facile de s'y rendre?
12449	corpus-6-train	FR	Nous pouvons vous trouver une place maintenant.
12453	corpus-6-train	FR	Excusez-moi, quel est le chemin pour Akasaka?
12456	corpus-6-train	FR	Elle saigne abondamment.
12457	corpus-6-train	FR	Où puis-je acheter des articles de papeterie?
12458	corpus-6-train	FR	Je ne suis pas sûr que ce soit en Amérique.
12459	corpus-6-train	FR	Veuillez m'envoyer une dépanneuse pour un remorquage au quinze Baker Street.
12460	corpus-6-train	FR	J'ai attrapé la grippe.
12461	corpus-6-train	FR	Dans quel coin se trouvent les magasins de marque?
12468	corpus-6-train	FR	Vous plaisantez.
12470	corpus-6-train	FR	Est-ce que c'est ouvert le dimanche?
12472	corpus-6-train	FR	Un accident s'est produit.
12474	corpus-6-train	FR	Descendez par l'escalier roulant. Le bureau est juste là.
12475	corpus-6-train	FR	Je voudrais reprendre mes effets de valeur.
12476	corpus-6-train	FR	Est-ce que le Dr. Toffler est un professeur sévère?
12477	corpus-6-train	FR	Une autre marque?
12479	corpus-6-test-corpus-26-train	FR	Je dois quitter l'hôtel avant midi.
12481	corpus-6-train	FR	Pouvez-vous vous arrêter devant la Statue de la Liberté?
12482	corpus-6-train	FR	Je n'en peux plus, maintenant. Ça vous dérangerait de l'apporter dans une demi-heure?
12485	corpus-6-train	FR	Est-ce que je peux payer avec cette carte?
12486	corpus-6-train	FR	Je vais rester quelques jours.
12487	corpus-6-train	FR	Le bacon devra être croustillant, vous savez?
12488	corpus-6-dev	FR	Je voudrais voir ce chemisier.
12489	corpus-6-train	FR	Mettez-les solidement en place, dans un endroit bien en vue.
12490	corpus-6-train	FR	Je voudrais enregistrer deux bagages, s'il vous plaît.
12491	corpus-6-train	FR	Y a-t-il une cabine d'essayage?
12492	corpus-6-train	FR	Est-ce que Macy's est ouvert aujourd'hui?
12493	corpus-6-train	FR	Je voudrais que ces vêtements soient nettoyés à sec.
12495	corpus-6-test-corpus-26-train	FR	Deux hamburgers et deux cafés, s'il vous plaît. C'est pour emporter.
12497	corpus-6-train	FR	Je voudrais réserver deux places pour la matinée de mardi.
12498	corpus-6-dev	FR	J'ai fait une erreur. Puis-je en avoir un autre?
12500	corpus-6-train	FR	A quoi correspond ce montant?
12501	corpus-6-train	FR	Je vais manger ici.
12502	corpus-6-train	FR	Pourriez-vous me montrer comment utiliser cette pompe?
12503	corpus-6-train	FR	Y a-t-il un bureau de change?
12504	corpus-6-train	FR	Oui. Vous pouvez louer des clubs et des chaussures de golf.
12508	corpus-6-train	FR	Oh? Vous avez l'air si jeune.
12509	corpus-6-train	FR	Notre produit est à la fois plus léger et plus petit que ceux de nos concurrents, pourtant il ne coûte que huit pour cent de plus.
12510	corpus-6-test-corpus-26-train	FR	Est-ce que je peux emporter ces deux sacs?
12513	corpus-6-train	FR	Ma télécommande est cassée.
12516	corpus-6-dev	FR	Où se trouvent les livres illustrés?
12517	corpus-6-train	FR	Qu'est-ce que je peux avoir là-bas?
12519	corpus-6-train	FR	Ça dépend.
12524	corpus-6-dev	FR	Le prix normal est de trente-cinq dollars mais aujourd'hui, il y a une remise de vingt-cinq pour cent donc c'est seulement vingt-six dollars et vingt-cinq centimes.
12526	corpus-6-train	FR	Est-ce que vous les vendez séparément?
12527	corpus-6-test-corpus-26-train	FR	J'ai commandé de la viande, pas du poisson. Est-ce que vous pouvez me le changer?
12528	corpus-6-train	FR	Quatre oranges.
12531	corpus-6-train	FR	Où est-ce que je dois prendre le bus pour Chicago?
12533	corpus-6-train	FR	Je ne sais pas encore.
12535	corpus-6-dev	FR	Je voudrais jouer au tennis avec quelqu'un.
12541	corpus-6-train	FR	C'est pour mon mari.
12544	corpus-6-train	FR	Je ne peux pas fermer la porte.
12545	corpus-6-train	FR	Les lieux de culte en Grèce étaient historiques.
12546	corpus-6-test-corpus-26-train	FR	Mon enfant est complètement épuisé.
12547	corpus-6-train	FR	Nous vous présenterons un film dans un moment. Veuillez baisser les rideaux.
12548	corpus-6-dev	FR	Oui. Ces couleurs sont à la mode en ce moment.
12551	corpus-6-test-corpus-26-train	FR	J'ai mal à l'estomac.
12555	corpus-6-train	FR	Je prends ma correspondance sur le vol de la United Airlines pour Anchorage.
12556	corpus-6-test-corpus-26-train	FR	Cette veste n'est pas à ma taille.
12557	corpus-6-test-corpus-26-train	FR	Je voudrais voir M. William.
12559	corpus-6-dev	FR	Pourriez-vous me donner un autre plat de ceci?
12560	corpus-6-test-corpus-26-train	FR	Il contient un assortiment de sept vitamines et minéraux.
12562	corpus-6-test-corpus-26-test	FR	La dent se déchausse.
12563	corpus-6-train	FR	"Oui, mais vous devriez mettre ""PAR AVION"" ici si vous voulez l'envoyer par voie aérienne."
12564	corpus-6-train	FR	Ici. Pourriez-vous me montrer votre carte d'identité ou votre passeport?
12565	corpus-6-train	FR	"On joue ""La dame aux Camélias"". C'est très à la mode ces derniers temps."
12566	corpus-6-dev	FR	D'accord, mais seulement un verre.
12569	corpus-6-dev	FR	Pourriez-vous recommander un bon vin?
12571	corpus-6-train	FR	Chez Tiffany. Vous voulez dire le magasin de bijoux?
12573	corpus-6-train	FR	Trois dollars chacun.
12574	corpus-6-dev	FR	C'est vraiment dommage de devoir annuler, mais nous ne pouvons rien faire à ce sujet.
12576	corpus-6-train	FR	Je suis perdu. Où sommes-nous?
12577	corpus-6-train	FR	Tu ne penses pas qu'il y a beaucoup de gens sympas dans le coin?
12578	corpus-6-train	FR	Pourriez-vous m'apporter une enveloppe et du papier à lettres?
12581	corpus-6-train	FR	Voici mon père.
12583	corpus-6-train	FR	OK. Veuillez donner votre déclaration à l'officier qui se trouve à la sortie.
12586	corpus-6-train	FR	Appuyez simplement ici.
12588	corpus-6-train	FR	Passons-lui un coup de fil.
12589	corpus-6-test-corpus-26-train	FR	Est-ce que je serai remboursé à mon retour au Japon?
12591	corpus-6-train	FR	C'est un temps agréable aujourd'hui.
12592	corpus-6-train	FR	OK. Voyons voir. Vous voulez quelque chose de simple ou d'habillé?
12593	corpus-6-train	FR	Merci. Quelles sont ses fonctions?
12596	corpus-6-dev	FR	C'est l'homme de la situation.
12598	corpus-6-train	FR	Est-ce que j'aurai assez de temps pour prendre ma correspondance BA trois cent quatre-vingt dix-neuf?
12599	corpus-6-test-corpus-26-train	FR	De quoi est composé ce plat?
12601	corpus-6-train	FR	Allons-y.
12602	corpus-6-dev	FR	Est-ce que je peux prendre ça avec moi maintenant?
12603	corpus-6-test-corpus-26-train	FR	Dans quel pays est-ce fabriqué?
12605	corpus-6-train	FR	Veuillez faire venir le chasseur dans ma chambre.
12607	corpus-6-dev	FR	C'est ma préférée. J'espère que vous l'aimerez.
12608	corpus-6-test-corpus-26-train	FR	Pourriez-vous le faire en dix minutes?
12609	corpus-6-train	FR	Je voudrais voir une comédie musicale ce soir. Veuillez réserver pour moi.
12610	corpus-6-train	FR	J'ai dépensé une somme considérable en achats.
12611	corpus-6-test-corpus-26-dev	FR	Je ne suis pas doué en anglais. Est-ce que quelqu'un parle japonais ici?
12612	corpus-6-train	FR	Laissez-moi vous offrir un verre.
12613	corpus-6-train	FR	Un médecin, s'il vous plaît.
12615	corpus-6-test-corpus-26-train	FR	Où puis-je trouver des jetons de métro?
12616	corpus-6-dev	FR	Pouvez-vous recommander un bon restaurant près d'ici?
12617	corpus-6-train	FR	Qui appelez-vous au téléphone?
12619	corpus-6-train	FR	Combien coûte l'entrée?
12620	corpus-6-train	FR	Vous pouvez vous faire agresser, surtout si vous marchez près des immeubles.
12621	corpus-6-train	FR	J'aime bien regarder les émissions sportives à la télévision.
12623	corpus-6-train	FR	Est-ce que je peux incliner mon siège?
12624	corpus-6-train	FR	Je n'ai pas besoin de porteur. Merci.
12625	corpus-6-train	FR	Voulez-vous louer une berline ou un camion?
12626	corpus-6-train	FR	Je voudrais échanger des yens en dollars. Quel est le cours du jour?
12628	corpus-6-train	FR	Ce train s'arrête brièvement à la Gare A.
12631	corpus-6-train	FR	Veuillez me recommander un hôtel.
12633	corpus-6-train	FR	Est-ce que je peux être avec vous sur la photo?
12635	corpus-6-train	FR	Miki Hayakawa.
12636	corpus-6-train	FR	Quel âge a le Japon?
12637	corpus-6-train	FR	Vous voulez danser?
12638	corpus-6-test-corpus-26-train	FR	Vingt échantillons supplémentaires vont vous être envoyés.
12639	corpus-6-train	FR	J'ai l'air jeune mais j'ai plus de trente ans.
12640	corpus-6-train	FR	Emmenez-moi là, s'il vous plaît.
12641	corpus-6-train	FR	Bonjour, êtes-vous ouvert aujourd'hui?
12643	corpus-6-train	FR	Près du couloir, s'il vous plaît.
12644	corpus-6-test-corpus-26-train	FR	Je ne pense pas que ce soit pour moi parce que ma peau est plutôt sèche.
12646	corpus-6-train	FR	Pouvez-vous me mettre ça dans le coffre-fort?
12647	corpus-6-train	FR	Oui, arrêtez-vous ici, s'il vous plaît.
12648	corpus-6-train	FR	Je voudrais annuler ma réservation de ce soir.
12649	corpus-6-train	FR	Je voudrais quelque chose contre les indigestions.
12650	corpus-6-test-corpus-26-train	FR	Est-ce que vous pouvez me donner les horaires, s'il vous plaît?
12652	corpus-6-train	FR	Le courant est trop fort pour faire de la plongée.
12654	corpus-6-train	FR	Vous voulez bien être pris en photo avec nous?
12655	corpus-6-train	FR	Je voudrais m'inscrire à l'excursion pour aller voir la cascade.
12657	corpus-6-train	FR	J'ai une douleur aiguë.
12658	corpus-6-test-corpus-26-dev	FR	Oui, je crois que je vais attendre.
12659	corpus-6-train	FR	Vous n'avez pas de cadeaux ou d'articles de valeur?
12663	corpus-6-train	FR	Est-ce ce train va dans la direction de Tokyo?
12664	corpus-6-train	FR	Une tarte à la cerise en dessert et un café, s'il vous plaît.
12666	corpus-6-train	FR	Pourrais-je avoir du jus d'orange?
12667	corpus-6-train	FR	Allô. Est-ce que c'est M. Ono?
12670	corpus-6-train	FR	Elle est sortie pour le moment.
12671	corpus-6-test-corpus-26-train	FR	Quatre-vingt dix dollars l'heure par enfant.
12672	corpus-6-test-corpus-26-train	FR	Je suis désolé mais tout est pris.
12673	corpus-6-train	FR	Pourriez-vous nous montrer nos sièges?
12676	corpus-6-train	FR	Pourriez-vous me réveiller demain matin à sept heures?
12677	corpus-6-test-corpus-26-train	FR	Ce doit être tranquille.
12678	corpus-6-test-corpus-26-dev	FR	J'ai mon propre équipement.
12679	corpus-6-test-corpus-26-train	FR	La clef de la chambre cinq cent trois, s'il vous plaît.
12680	corpus-6-train	FR	Je suis originaire d'Irlande du Nord.
12682	corpus-6-dev	FR	Ça fera cent vingt-cinq dollars, Madame.
12684	corpus-6-train	FR	Je crains d'avoir laissé mes affaires dans l'avion.
12687	corpus-6-train	FR	Prenez-vous la Master Card?
12688	corpus-6-train	FR	Pourquoi est-ce que c'est là?
12689	corpus-6-train	FR	Veuillez me donner la facture.
12690	corpus-6-train	FR	Le numéro est le zéro, zéro, zéro, zéro, zéro, zéro, zéro, zéro, zéro, zéro et je m'appelle Miho Suzuki.
12691	corpus-6-dev	FR	Est-ce qu'il y a aux alentours un bon restaurant avec une belle vue?
12694	corpus-6-train	FR	Voici ma carte.
12695	corpus-6-dev	FR	Je voudrais trouver un travail pour le gouvernement.
12696	corpus-6-train	FR	Est-ce que le train à destination de Chicago part du quai cinq?
12697	corpus-6-train	FR	Je voudrais louer du matériel de plongée, s'il vous plaît.
12698	corpus-6-dev	FR	Est-ce que ce train se rend directement à Seattle?
12699	corpus-6-test-corpus-26-test	FR	"A quelle heure passe ""Terminal Man""?"
12701	corpus-6-test-corpus-26-train	FR	Où se trouve le coiffeur?
12702	corpus-6-train	FR	Par ici, s'il vous plaît. Rien d'autre?
12703	corpus-6-train	FR	Je cherche mes amis.
12705	corpus-6-train	FR	Eh bien, alors vous devez savoir ce que nous ressentons ici. Nous n'éprouvons aucune sympathie pour les étrangers qui nous disent comment mener notre vie.
12708	corpus-6-test-corpus-26-train	FR	A sept heures, s'il vous plaît.
12709	corpus-6-train	FR	C'est une magnifique utilisation des couleurs.
12710	corpus-6-train	FR	Merci. Vous vous appelez M. Richard Paulman.
12711	corpus-6-train	FR	Veuillez prévenir ma famille.
12712	corpus-6-test-corpus-26-train	FR	Ma valise est abîmée.
12713	corpus-6-test-corpus-26-train	FR	Du tourisme.
12714	corpus-6-train	FR	Pourriez-vous nettoyer la fenêtre?
12716	corpus-6-dev	FR	Le quinze juillet.
12717	corpus-6-train	FR	Je me suis fait mal.
12718	corpus-6-train	FR	Eh bien, euh, je voudrais un œuf à la coque pas trop cuit, je veux dire, mollet.
12719	corpus-6-train	FR	Cette robe me va assez bien. Est-ce que je peux l'essayer?
12721	corpus-6-dev	FR	Quand est le premier set?
12725	corpus-6-train	FR	Je n'ai pas demandé ce fromage.
12726	corpus-6-train	FR	J'ai été coupé. Pourriez-vous me raccorder, s'il vous plaît?
12728	corpus-6-train	FR	Quel est votre nom, s'il vous plaît?
12729	corpus-6-train	FR	J'aimerais un jeu pour les femmes.
12730	corpus-6-train	FR	Qu'est-ce que je dois voir à Chicago?
12731	corpus-6-train	FR	Est-ce que vous pouvez l'échanger contre quelque chose de plus petit?
12732	corpus-6-test-corpus-26-train	FR	Je suis Espagnol.
12735	corpus-6-train	FR	Est-ce qu'il faut que je me fasse examiner les yeux?
12736	corpus-6-train	FR	Votre nom, votre carte de crédit et la date d'expiration?
12737	corpus-6-dev	FR	Il a une belle collection de bronzes.
12738	corpus-6-train	FR	Qu'est-ce qu'on voit devant le Pont de Brooklyn?
12741	corpus-6-train	FR	Merci de séjourner parmi nous, monsieur.
12744	corpus-6-train	FR	Est-ce que je peux avoir contre ce chèque trois cents dollars en liquide?
12746	corpus-6-train	FR	Je suis d'accord avec cette suggestion.
12747	corpus-6-train	FR	Qui danse?
12748	corpus-6-train	FR	Pouvez-vous m'accorder cette danse?
12750	corpus-6-test-corpus-26-dev	FR	Quelque chose ne va pas avec la carte de ma chambre. Pourriez-vous m'en donner une autre, s'il vous plaît?
12752	corpus-6-train	FR	Est-ce que je dois changer de trains?
12753	corpus-6-train	FR	Pour deux à dix-neuf heures, c'est cela? Votre nom, je vous prie?
12754	corpus-6-train	FR	Mes genoux me font mal.
12755	corpus-6-test-corpus-26-dev	FR	J'ai des rougeurs sur les bras.
12756	corpus-6-train	FR	Combien coûtent les places les plus proches?
12757	corpus-6-dev	FR	Où avez-vous mal?
12758	corpus-6-train	FR	Avez-vous des montres bracelets?
12760	corpus-6-train	FR	Est-ce que vous avez d'autres styles?
12761	corpus-6-test-corpus-26-train	FR	Envoyez ceci par avion au Japon, s'il vous plaît.
12762	corpus-6-train	FR	Mon ami s'est trouvé mal. Il a perdu connaissance. Appelez immédiatement une ambulance, je vous prie.
12764	corpus-6-dev	FR	Qu'est-ce qui est bon et pas trop cher?
12766	corpus-6-test-corpus-26-test	FR	Où est la pharmacie la plus proche d'ici?
12768	corpus-6-train	FR	Cinq heures demain matin?
12769	corpus-6-train	FR	Avez-vous des plats japonais?
12770	corpus-6-test-corpus-26-dev	FR	Un autre vin, je vous prie.
12771	corpus-6-train	FR	D'accord. Au fait, qu'est-ce que c'est?
12772	corpus-6-train	FR	J'aimerais suivre des cours dans une école de plongée.
12773	corpus-6-test-corpus-26-train	FR	Les gens sont très gentils.
12775	corpus-6-train	FR	Est-ce qu'il y a des frais d'annulation?
12776	corpus-6-test-corpus-26-test	FR	Combien de boissons sont comprises dans le prix?
12777	corpus-6-test-corpus-26-test	FR	Vous l'avez fait.
12779	corpus-6-train	FR	De quel côté se trouve la porte trente-cinq?
12780	corpus-6-train	FR	Je souhaiterais boire quelque chose.
12782	corpus-6-test-corpus-26-train	FR	Où est la porte d'embarquement pour ce vol?
12786	corpus-6-train	FR	Ne mangez rien de trop chaud ou de trop froid.
12787	corpus-6-train	FR	Je vous conseille de changer de vêtements et de revenir, monsieur.
12788	corpus-6-train	FR	Le numéro de la plaque minéralogique est le zéro deux cent un.
12790	corpus-6-test-corpus-26-test	FR	S'il y en a une table de libre, pouvez-vous nous réserver une place près de la fenêtre?
12791	corpus-6-dev	FR	Au revoir.
12792	corpus-6-train	FR	Est-ce que je peux prendre une autre place libre?
12797	corpus-6-train	FR	Nous aimerions réserver une table pour deux à dix-neuf heures ce soir.
12799	corpus-6-train	FR	A demain.
12800	corpus-6-train	FR	Je vais voir si je peux le trouver dans ce livre.
12802	corpus-6-train	FR	Avez-vous eu beaucoup de neige cette année?
12804	corpus-6-train	FR	Combien valent ces places?
12805	corpus-6-test-corpus-26-dev	FR	Est-ce l'annonce pour l'embarquement a déjà été faite?
12806	corpus-6-train	FR	Bonjour. Veuillez vous asseoir.
12807	corpus-6-train	FR	Quel train voulez-vous prendre?
12808	corpus-6-train	FR	Quel est le prix d'une roulotte?
12809	corpus-6-train	FR	Où puis-je prendre un taxi?
12810	corpus-6-test-corpus-26-train	FR	Nous sommes à une altitude de douze mille pieds.
12813	corpus-6-train	FR	N'y a-t-il pas une erreur dans la note?
12815	corpus-6-train	FR	J'ai fait ma réservation à Tokyo. Pourriez-vous vérifier à nouveau, s'il vous plaît?
12816	corpus-6-train	FR	Je vous conseillerais des boucles d'oreilles ou une broche.
12817	corpus-6-train	FR	Ce n'est pas ma signature.
12819	corpus-6-train	FR	La douleur dans ma gorge s'étend à mes oreilles.
12820	corpus-6-test-corpus-26-train	FR	Nous voudrions d'abord voir Wall Street.
12821	corpus-6-train	FR	J'ai besoin d'une semelle intérieure.
12822	corpus-6-test-corpus-26-train	FR	Où est l'arrêt de bus pour Oxford?
12823	corpus-6-test-corpus-26-train	FR	J'attendrai jusqu'à ce qu'une place en terrasse se libère.
12824	corpus-6-train	FR	J'arriverai en retard, mais gardez ma réservation.
12825	corpus-6-train	FR	Nous allons à Fisherman's Village demain.
12826	corpus-6-train	FR	Enchanté de vous rencontrer.
12827	corpus-6-train	FR	Il faut que je vous dise quelque chose.
12828	corpus-6-train	FR	Je souhaiterais une chambre double, s'il vous plaît.
12831	corpus-6-train	FR	Enregistrez-le jusqu'à ma destination finale.
12833	corpus-6-train	FR	J'ai toujours des problèmes d'estomac.
12834	corpus-6-train	FR	C'est plus difficile que l'année dernière.
12835	corpus-6-test-corpus-26-train	FR	Est-ce que nous pouvons voir les portefeuilles en cuir?
12836	corpus-6-train	FR	Il fait froid ce soir.
12838	corpus-6-dev	FR	Combien valent-ils? Pourriez-vous écrire le prix sur ce morceau de papier?
12839	corpus-6-train	FR	Puis-je avoir une place sur le prochain vol, s'il vous plaît?
12840	corpus-6-train	FR	Est-ce que je peux rendre la voiture dans un endroit différent?
12843	corpus-6-train	FR	Avez-vous des sacs de couchage?
12845	corpus-6-train	FR	Celles-ci sont trop petites pour moi. Avez-vous ces chaussures en trente-huit et demi?
12847	corpus-6-train	FR	Pouvez-vous me faire la monnaie de ce billet de cinquante dollars?
12848	corpus-6-train	FR	Allez tout droit dans cette rue. C'est sur votre gauche.
12849	corpus-6-train	FR	Puis-je consulter vos tarifs?
12850	corpus-6-train	FR	Excusez-moi. Une chose encore. Je préférerais une table près de la fenêtre.
12851	corpus-6-train	FR	Je cherche M. Jones. Il faut que je lui parle de quelque chose de très important.
12854	corpus-6-train	FR	Pendant deux jours.
12855	corpus-6-dev	FR	Cette voiture va-t-elle à Chicago?
12856	corpus-6-train	FR	Y a-t-il une autre solution pour le vol annulé?
12857	corpus-6-dev	FR	Je n'aime pas ça. Ne mettez pas d'anchois, s'il vous plaît.
12858	corpus-6-train	FR	Pourriez-vous nous apporter une autre bouteille de vin?
12859	corpus-6-train	FR	Nous avons un très bon vin rouge.
12860	corpus-6-train	FR	Avez-vous des réveils de voyage?
12861	corpus-6-test-corpus-26-dev	FR	Regardons la télévision. Ils passent le match de base-ball.
12862	corpus-6-train	FR	Et bien, au revoir.
12863	corpus-6-train	FR	Est-ce qu'il y a un magasin de souvenirs ici?
12865	corpus-6-train	FR	Vous pouvez utiliser ce titre de transport dans tous les trains.
12866	corpus-6-train	FR	Je préférerais une automatique.
12870	corpus-6-train	FR	J'ai mis des pièces mais rien n'est tombé.
12873	corpus-6-train	FR	Est-ce que vous avez des journaux japonais?
12874	corpus-6-train	FR	A quelle heure nous verrons-nous la prochaine fois?
12875	corpus-6-train	FR	Dites-moi qui je dois prévenir en cas d'accident, s'il vous plaît.
12876	corpus-6-train	FR	Je resterai à l'hôtel mais je n'ai encore fait de réservation.
12877	corpus-6-train	FR	Mais ne vous inquiétez pas. Vous descendez au prochain arrêt et vous revenez sur vos pas à pied. Ce n'est pas loin.
12878	corpus-6-test-corpus-26-train	FR	Pourriez-vous noter votre adresse ici?
12881	corpus-6-train	FR	Je voudrais une permanente légère, s'il vous plaît.
12884	corpus-6-test-corpus-26-train	FR	Veuillez m'indiquer où se trouve la pharmacie la plus proche?
12885	corpus-6-train	FR	Je veux aller rejoindre mon ami.
12888	corpus-6-train	FR	La plaie a suppuré.
12890	corpus-6-train	FR	Opérations de banque internationales.
12891	corpus-6-train	FR	C'est l'exonération en cas de dommages par collision. Sans cela, vous êtes responsable de tous les dommages pouvant survenir sur la voiture.
12892	corpus-6-train	FR	J'ai oublié ma clef.
12893	corpus-6-train	FR	Je voudrais faire détartrer mes dents.
12895	corpus-6-train	FR	C'est une visite de groupe. Donc le responsable du groupe a tous nos billets.
12896	corpus-6-train	FR	Pas du tout. Veuillez transmettre mon bon souvenir à vos collègues, surtout à M. Okamoto.
12897	corpus-6-train	FR	Est-ce que vous avez quelque chose à grignoter?
12898	corpus-6-train	FR	Bien sûr. Nous sommes ici au musée. Montez cette rue, longez deux pâtés de maisons et c'est juste au coin.
12899	corpus-6-train	FR	Bonjour. C'est Haruko. Devine ce qu'il vient de se passer. C'était vraiment drôle.
12900	corpus-6-train	FR	Indiquez-moi le chemin du Hilton, s'il vous plaît.
12903	corpus-6-test-corpus-26-train	FR	A mon hôtel, s'il vous plaît. L'adresse est ici.
12904	corpus-6-train	FR	Quelqu'un m'a dérobé mon sac au magasin hors taxes.
12905	corpus-6-test-corpus-26-dev	FR	Combien y a-t-il de préfectures à part Tokyo?
12907	corpus-6-train	FR	Pas mal, merci.
12909	corpus-6-dev	FR	D'accord. Ca a l'air amusant. Ca te va samedi à quatorze heures?
12910	corpus-6-train	FR	Je crois qu'un taxi serait mieux. Vous pouvez en prendre un devant l'hôtel.
12911	corpus-6-train	FR	Quel ruban de couleur voulez-vous, le rose ou le bleu?
12913	corpus-6-train	FR	Cette voiture a essayé de tourner à gauche de force.
12915	corpus-6-train	FR	Pourriez-vous garder ces bagages pendant une semaine?
12917	corpus-6-test-corpus-26-train	FR	Raccrochez et attendez un petit moment, s'il vous plaît.
12918	corpus-6-dev	FR	Je suis navré mais l'hôtel est complet ce soir.
12920	corpus-6-train	FR	Est-ce que les bus de l'aéroport passent souvent?
12926	corpus-6-train	FR	Suivant.
12929	corpus-6-train	FR	Trente-deux trente-quatre douze trente-quatre.
12932	corpus-6-train	FR	Pourriez-vous nous conseiller un ballet?
12933	corpus-6-train	FR	Je n'ai pas encore déjeuné. Est-ce que je peux le faire maintenant?
12935	corpus-6-train	FR	Puis-je avoir une table?
12936	corpus-6-test-corpus-26-train	FR	Chez vous, que faites-vous d'habitude après le dîner?
12937	corpus-6-train	FR	Je crains que ce ne soit pas possible à cette heure-ci. Notre vol de treize heures est le premier.
12939	corpus-6-train	FR	Je peux le faire tout seul.
12941	corpus-6-test-corpus-26-train	FR	Sûrement. Quand voulez-vous jouer au golf?
12942	corpus-6-train	FR	Je voudrais passer un appel de personne à personne.
12943	corpus-6-dev	FR	Où est-ce que ça se trouve sur la carte?
12945	corpus-6-test-corpus-26-train	FR	Elle devrait être à la maison vers quinze heures.
12946	corpus-6-train	FR	Je ne veux pas y aller.
12948	corpus-6-dev	FR	Amusez-vous bien.
12949	corpus-6-train	FR	Où est l'espace de restauration?
12951	corpus-6-train	FR	Est-ce que cette poupée est à vendre?
12952	corpus-6-test-corpus-26-train	FR	Je veux téléphoner à l'ambassade du Japon.
12953	corpus-6-train	FR	Je voudrais un chapelet.
12954	corpus-6-dev	FR	Nous allons procéder à l'embarquement des enfants, des personnes ayant besoin d'assistance et des passagers de première classe.
12956	corpus-6-train	FR	Avec un fini mat, s'il vous plaît.
12957	corpus-6-dev	FR	Bien sûr. Le voilà.
12958	corpus-6-train	FR	Quel cadeau conviendrait à une jeune fille de quinze ans?
12962	corpus-6-dev	FR	Y a-t-il un circuit pour voir les maisons des stars?
12963	corpus-6-train	FR	Envoyez ce télégramme, je vous prie.
12964	corpus-6-train	FR	Qui dois-je contacter en cas de problème?
12967	corpus-6-train	FR	C'est une grande valise Samsonite orange, en plastique.
12968	corpus-6-test-corpus-26-train	FR	Un peu plus.
12969	corpus-6-test-corpus-26-train	FR	D'où partent les bus pour les excursions touristiques?
12971	corpus-6-train	FR	Quel jour vous conviendrait le mieux?
12973	corpus-6-test-corpus-26-train	FR	C'est combien pour les envoyer au Japon?
12974	corpus-6-dev	FR	Une rage de dent est très douloureuse et très difficile à supporter.
12976	corpus-6-test-corpus-26-dev	FR	Je n'ai ni clubs ni chaussures.
12979	corpus-6-train	FR	Je suis descendu à l'hôtel Britannia Intercontinental. Chambre numéro cent trois.
12981	corpus-6-train	FR	Quel est l'affranchissement pour un aérogramme, s'il vous plaît?
12983	corpus-6-train	FR	J'ai un virus.
12985	corpus-6-train	FR	Certainement, c'est quatre cent soixante et onze quatre-vingt-quatorze zéro trois.
12986	corpus-6-train	FR	J'ai plus faim que soif.
12989	corpus-6-train	FR	Puis-je avoir de la crème?
12990	corpus-6-train	FR	Donc, tout est de ma faute, n'est-ce pas? Je dois aller aux toilettes. Navré.
12991	corpus-6-train	FR	Je voudrais faire du shopping. Où se trouve le centre-ville?
12992	corpus-6-dev	FR	Pourriez-vous me dire comment y aller?
12993	corpus-6-dev	FR	Vous pouvez prendre l'ascenseur numéro un ou deux.
12994	corpus-6-train	FR	Donne-moi ton portefeuille.
12995	corpus-6-train	FR	Il faut que je trouve la porte.
12997	corpus-6-train	FR	Quand je suis revenu dans la chambre, mon appareil photo n'était plus là.
13001	corpus-6-train	FR	C'est trop froid.
13003	corpus-6-dev	FR	Comment puis-je obtenir une licence de plongée?
13006	corpus-6-train	FR	Donnez-moi un cigare.
13007	corpus-6-train	FR	Ça dépend de la saison à laquelle vous visitez l'endroit.
13008	corpus-6-train	FR	Je voudrais qu'on fasse le lit.
13009	corpus-6-train	FR	Des noisettes, s'il vous plaît.
13013	corpus-6-train	FR	Mettez m'en trois, s'il vous plaît.
13014	corpus-6-train	FR	Oh, génial, génial. Et c'est bon de te voir, Ray. Tu vas probablement dans l'autre direction. Alors il ne faut pas se perdre de vue. Belle veste, au fait.
13015	corpus-6-test-corpus-26-train	FR	Est-ce que le yen japonais vous convient?
13016	corpus-6-train	FR	Je crois qu'il sera de retour dans trente minutes.
13018	corpus-6-train	FR	La fabrication automobile est la principale industrie du Japon.
13019	corpus-6-train	FR	Est-ce je peux prendre un message?
13020	corpus-6-train	FR	Attendez. C'est la ville proche de la nôtre.
13022	corpus-6-test-corpus-26-train	FR	Est-ce que vous avez une Mustang?
13023	corpus-6-train	FR	On n'a pas le droit de nager ici?
13024	corpus-6-train	FR	Combien de temps cela va prendre pour en préparer un autre?
13025	corpus-6-train	FR	Je dois lui parler de ce qui vient de se passer. Veuillez donc lui demander de me rappeler dès qu'il rentrera.
13026	corpus-6-train	FR	La lumière ne fonctionne pas dans ma chambre.
13027	corpus-6-test-corpus-26-train	FR	Nous allons sauter de cette hauteur?
13029	corpus-6-train	FR	Vous ferez mieux la prochaine fois. Persévérez.
13030	corpus-6-train	FR	Est-ce que quelqu'un parmi vous parle le japonais?
13031	corpus-6-train	FR	Est-ce que King Kong a déjà joué au ping-pong à Hong Kong?
13033	corpus-6-train	FR	Où est la salle de douche?
13034	corpus-6-train	FR	Combien de temps allez-vous rester ici?
13036	corpus-6-train	FR	A mon avis, le système d'emploi à vie est bon et mauvais.
13039	corpus-6-train	FR	Je dois me rendre immédiatement à la gare.
13040	corpus-6-train	FR	Je voudrais visiter les endroits que Joyce fréquente.
13043	corpus-6-train	FR	Pas besoin de ça, merci. Je vais prendre ça.
13045	corpus-6-train	FR	Faites-vous des ristournes?
13047	corpus-6-dev	FR	Je viens prendre une voiture. Voici mon numéro de réservation.
13048	corpus-6-train	FR	Je recommanderais du parfum ou de la lotion.
13051	corpus-6-train	FR	Veuillez me montrer votre formulaire de douane.
13052	corpus-6-train	FR	La caissière là-bas va s'en occuper.
13054	corpus-6-train	FR	Combien de fois vais-je devoir vous répéter la même chose?
13057	corpus-6-dev	FR	J'avais demandé une zone non fumeur. Pouvez-vous me placer ailleurs?
13058	corpus-6-train	FR	Abstenez-vous de prendre tout excitant, je vous prie.
13060	corpus-6-train	FR	Par là, je vous prie. Est-ce que cette table vous convient?
13062	corpus-6-train	FR	Prenez le combiné et insérez vingt centimes.
13064	corpus-6-train	FR	Je descends ici.
13065	corpus-6-train	FR	Où est la cage d'escalier?
13066	corpus-6-train	FR	Où sont les produits en conserve?
13067	corpus-6-train	FR	A quelle heure atterrissons-nous?
13068	corpus-6-train	FR	Je veux voir s'ils sont différents ici?
13069	corpus-6-test-corpus-26-train	FR	M. Kawai, nous avons maintenant une table pour vous. Venez par ici, je vous prie.
13070	corpus-6-train	FR	Oh, non. J'ai laissé son numéro de téléphone à la maison.
13071	corpus-6-train	FR	Un billet pour Washington, s'il vous plaît. Est-ce que c'est long d'y aller en bus?
13072	corpus-6-test-corpus-26-train	FR	Bien sûr. Descendez les escaliers qui sont juste là et vous verrez les panneaux. Suivez-les.
13073	corpus-6-train	FR	Ce sont des genres de sandwichs.
13074	corpus-6-train	FR	Désolé, je dois le faire. Je dois également que j'appelle le bureau de location de véhicules.
13075	corpus-6-test-corpus-26-dev	FR	La réception. Puis-je vous aider?
13076	corpus-6-test-corpus-26-train	FR	Pouvez-vous me déposer au Hilton, s'il vous plaît?
13077	corpus-6-test-corpus-26-dev	FR	Devez-vous souvent travailler tard?
13080	corpus-6-train	FR	Veuillez appeler l'ambassade du Japon, s'il vous plaît.
13081	corpus-6-train	FR	Quel numéro appelez-vous, s'il vous plaît?
13082	corpus-6-train	FR	J'ai un urticaire grave.
13083	corpus-6-train	FR	Je voudrais aller demain à Philadelphie. A quelle heure y a-t-il un train?
13084	corpus-6-train	FR	Pourriez-vous changer les bougies d'allumage, je vous prie?
13087	corpus-6-train	FR	Dites-moi, où est la voiture deux, compartiment quatre?
13088	corpus-6-train	FR	Est-ce que vous avez encore des billets pour Bulls and the Magic le dix janvier?
13089	corpus-6-train	FR	Je suis fatigué et sans énergie d'être resté assis si longtemps dans l'avion.
13090	corpus-6-test-corpus-26-dev	FR	Vraiment désolé, mais nous n'en avons plus. Et des journaux anglais?
13092	corpus-6-train	FR	Pourriez-vous garder un œil sur cette valise, je vous prie?
13093	corpus-6-train	FR	Où est le meilleur endroit nocturne de San Francisco?
13094	corpus-6-train	FR	Je pense que c'est une très bonne idée. Je dis toujours que les musées sont les meilleurs endroits pour commencer à connaître un pays. Eh bien, où devrions-nous aller? J'ai entendu dire qu'il y avait une merveilleuse exposition d'Indiens d'Amérique au County Museum.
13095	corpus-6-test-corpus-26-train	FR	Une table non fumeur, s'il vous plaît.
13096	corpus-6-test-corpus-26-train	FR	Est-ce que vous pourrez me prévenir avant d'arriver à Durham?
13097	corpus-6-train	FR	J'ai perdu mon passeport. Il m'en faut un nouveau.
13099	corpus-6-train	FR	Nous vous attendrons demain, Mlle Tanaka.
13100	corpus-6-train	FR	J'en prendrai deux.
13102	corpus-6-train	FR	Vingt poses, s'il vous plaît.
13103	corpus-6-train	FR	Je désirais passer un coup de fil à Tokyo.
13105	corpus-6-train	FR	Pouvez-vous lui administrer les premiers soins?
13106	corpus-6-train	FR	Je souhaiterais faire des réservations pour trois personnes à dix-neuf heures.
13107	corpus-6-train	FR	Quelle est l'histoire de ce château?
13110	corpus-6-dev	FR	Vous pouvez me montrer comment remplir la carte d'immigration, s'il vous plaît?
13111	corpus-6-train	FR	Quels sont vos passe-temps?
13112	corpus-6-dev	FR	A quelle heure faut-il que nous soyons rentés?
13113	corpus-6-test-corpus-26-test	FR	C'est frais?
13115	corpus-6-train	FR	Laissez-moi tranquille, je vous en prie.
13116	corpus-6-test-corpus-26-train	FR	Ce n'est pas juste. C'est toujours vous qui payez.
13117	corpus-6-dev	FR	"Qu'est-ce que c'est un ""O-Bon""?"
13118	corpus-6-test-corpus-26-dev	FR	Vous pourriez me montrer des robes?
13121	corpus-6-train	FR	Où est le guichet des d'entrées?
13123	corpus-6-train	FR	Voici mon numéro de confirmation.
13124	corpus-6-train	FR	Comment puis-je réserver?
13125	corpus-6-train	FR	Un milliard de yens divisé par cent vingt yens est égal à environ huit millions de dollars.
13126	corpus-6-test-corpus-26-train	FR	Epelez-le, je vous prie.
13127	corpus-6-train	FR	Un moment, s'il vous plaît. Monsieur, j'ai peur que M. Okawa soit parti déjeuner. Pourriez-vous laisser un message?
13128	corpus-6-train	FR	Quel souvenir français typique ramèneriez-vous?
13129	corpus-6-train	FR	Merci. La même chose pour vous.
13131	corpus-6-train	FR	Je suis navré. Toutes les places sont déjà prises pour le vingt-trois mars.
13133	corpus-6-test-corpus-26-train	FR	Le vin est en train de me saouler.
13134	corpus-6-test-corpus-26-train	FR	Prenez garde puisque le temps est très changeant à la montagne.
13136	corpus-6-train	FR	Nous voudrions prendre des plats qui ne dépassent pas trente livres par personne.
13137	corpus-6-train	FR	Vous avez des spécialités de cocktails?
13140	corpus-6-train	FR	Est-ce que cela vous va si je paye avec un gros billet?
13141	corpus-6-train	FR	Quel est le prix de cette visite?
13142	corpus-6-train	FR	Félicitations pour votre promotion, vous êtes maintenant directeur général.
13143	corpus-6-train	FR	"Même si vous n'êtes pas un grand admirateur de Shakespeare, le ""barde de Avon"", vous ne devez pas rater la campagne idyllique et les sites biographiques qui lui sont associés dans ce pays."
13145	corpus-6-train	FR	Je dois partir maintenant. Vous pouvez m'envoyer un chasseur, s'il vous plaît?
13148	corpus-6-train	FR	Où va cette ligne?
13150	corpus-6-train	FR	Oui, du vin, s'il vous plaît.
13151	corpus-6-train	FR	Ce sera environ trois fois plus.
13155	corpus-6-train	FR	Nous avons des places au balcon et à droite du parterre.
13156	corpus-6-train	FR	Deux places sur le train de neuf heures trente pour New York, s'il vous plaît.
13157	corpus-6-train	FR	Je voudrais un sandwich et du jus d'orange, je vous prie.
13159	corpus-6-test-corpus-26-train	FR	Un chèque-voyage et des yens japonais, ça va?
13160	corpus-6-train	FR	Pourriez-vous m'attendre ici? Je reviens dans quelques minutes.
13162	corpus-6-test-corpus-26-train	FR	Désolé, j'ai demandé au personnel d'entretien et au bureau des objets trouvés. Ils ne l'ont pas.
13166	corpus-6-train	FR	Je vis près d'ici.
13167	corpus-6-train	FR	Ces chaussures sont trop petites pour moi.
13168	corpus-6-train	FR	C'est la voiture douze.
13170	corpus-6-train	FR	Est-ce que je peux l'envoyer en courrier normal?
13171	corpus-6-train	FR	Les comédies musicales sont très populaires au Japon en ce moment.
13172	corpus-6-test-corpus-26-train	FR	C'est un endroit difficile à trouver. C'est sur une petite route à la sortie de la route nationale.
13177	corpus-6-train	FR	Voici des écouteurs.
13178	corpus-6-train	FR	D'habitude A signifie excellent, B, bien, C, moyen, D, mauvais, F, échec et I, incomplet. Certaines écoles ajoutent des plus ou des moins aux lettres.
13179	corpus-6-train	FR	Je voudrais deux photos à partir de ces négatifs, s'il vous plaît.
13181	corpus-6-train	FR	Comment est-ce que j'y vais?
13182	corpus-6-train	FR	Ça sert à quoi?
13183	corpus-6-test-corpus-26-train	FR	Je n'y connais rien.
13184	corpus-6-test-corpus-26-train	FR	On peut en parler devant une tasse de café.
13185	corpus-6-train	FR	Je voudrais une lampe de poche.
13186	corpus-6-dev	FR	A quelle heure est-ce que cela termine?
13188	corpus-6-test-corpus-26-train	FR	Je vois, dans ce cas, je n'ai pas à régler les frais de retouche, non?
13190	corpus-6-train	FR	Une voiture économique pour une semaine. Ca coûterait combien?
13191	corpus-6-dev	FR	Est-ce que les enfants peuvent faire la visite sans être accompagnés par des adultes?
13192	corpus-6-dev	FR	Où est-ce que je peux fumer?
13194	corpus-6-train	FR	Ma mère a fait des biscuits.
13195	corpus-6-train	FR	Est-ce que je dois lui transmettre un message?
13196	corpus-6-train	FR	Je crois qu'une réunion comme celle-ci est une très bonne occasion de se connaître personnellement et de se comprendre.
13197	corpus-6-train	FR	Merci. Ca fera quatre-vingt dollars et cinquante centimes avec les taxes. Veuillez régler à la caisse.
13198	corpus-6-train	FR	Quel temps fera-t-il demain?
13199	corpus-6-train	FR	Bonjour. C'est la réception? Je suis dans la chambre cent sept. J'ai crains d'avoir une réclamation.
13200	corpus-6-train	FR	Veuillez lui dire que Shimada a appelé et qu'il lui rendra visite ce vendredi.
13201	corpus-6-train	FR	OK. Veuillez réserver une place en première classe sur le train qui part à dix heures demain matin.
13202	corpus-6-test-corpus-26-train	FR	L'opératrice, s'il vous plaît.
13203	corpus-6-train	FR	A bientôt, appelle-moi ce soir.
13204	corpus-6-train	FR	Est-ce que vous voulez être pris en photo avec nous?
13206	corpus-6-train	FR	Pensez-vous qu'il y ait une chance que l'on me rende mon argent?
13208	corpus-6-train	FR	Je voudrais récupérer mes effets de valeur, s'il vous plaît.
13210	corpus-6-dev	FR	Je voudrais mon steak saignant.
13211	corpus-6-train	FR	C'est un appareil photo automatique.
13212	corpus-6-train	FR	Je voudrais deux tirages avec un fini mat de ces négatifs, s'il vous plaît.
13214	corpus-6-train	FR	Excusez-moi, à quel étage se trouve le rayon femmes?
13216	corpus-6-train	FR	Il a quel âge?
13217	corpus-6-dev	FR	Où es-tu descendu?
13218	corpus-6-train	FR	Voilà votre facture.
13221	corpus-6-train	FR	Le tropical est bon. Et la saveur de menthe accompagne parfaitement le steak.
13225	corpus-6-train	FR	C'est un jouet.
13229	corpus-6-train	FR	C'est ma première plongée.
13230	corpus-6-train	FR	Bouclez-les près du visage.
13232	corpus-6-train	FR	Je préfère m'asseoir à l'avant de l'avion.
13233	corpus-6-train	FR	Veuillez regarder aussi le pneu de rechange.
13235	corpus-6-train	FR	Ouais, je crois que ça marche bien pour lui cette saison.
13238	corpus-6-train	FR	Je n'arrive pas à brancher la descente d'eau dans la baignoire.
13239	corpus-6-train	FR	Voulez-vous venir à notre petite fête ce soir?
13241	corpus-6-train	FR	Où se trouve le magasin de vêtements Mary's?
13243	corpus-6-dev	FR	Je voudrais une chambre double avec vue sur l'océan. Ce serait combien?
13245	corpus-6-dev	FR	Un double whisky, s'il vous plaît.
13246	corpus-6-train	FR	Quel est ce tissu?
13251	corpus-6-train	FR	Hum, chauffeur, au Kingsport Ladies' College. Eh bien, ils ne vont pas s'en sortir comme ça. Ils ne peuvent pas boycotter la décision du conseil de classe, ce n'est pas démocratique.
13253	corpus-6-train	FR	Vous avez un médecin qui parle japonais?
13254	corpus-6-train	FR	Mesdames et messieurs, nous vous demandons, avant de décoller, d'éteindre tous vos appareils électroniques y compris les ordinateurs personnels, les lecteurs de CD, les téléphones portables et les jeux électroniques. Vous ne pourrez vous en servir à nouveau que dix minutes après le décollage.
13255	corpus-6-train	FR	Oh, c'est cool. J'aime bien leur musique. Et toi, Bob?
13257	corpus-6-train	FR	Pouvez-vous me donner votre nom, votre date de départ et le numéro de votre vol.
13258	corpus-6-train	FR	Où sont les champignons shiitakes?
13260	corpus-6-train	FR	Pouvez-vous m'accorder une remise?
13261	corpus-6-train	FR	Nettoyez la chambre, je vous prie.
13262	corpus-6-test-corpus-26-train	FR	Pourriez-vous baisser la selle, s'il vous plaît?
13263	corpus-6-train	FR	Est-ce que vous avez un magasin Ferragoma par ici?
13264	corpus-6-test-corpus-26-dev	FR	Est-ce que vous pourriez m'héberger pour la nuit?
13265	corpus-6-train	FR	Merci d'avoir discuté avec moi aussi longtemps, Karin.
13266	corpus-6-train	FR	Est-ce que c'est le bon train pour Grand Central?
13267	corpus-6-test-corpus-26-train	FR	OK. Je ne vais en prendre que deux. Merci.
13268	corpus-6-test-corpus-26-train	FR	Voici votre facture. Elle s'élève à trois cent quatre-vingt dix-sept dollars.
13269	corpus-6-test-corpus-26-train	FR	Vous avez de la chance.
13270	corpus-6-train	FR	Ce n'est pas ce que j'ai commandé.
13272	corpus-6-train	FR	Ouais. Je crois que j'aurais dû prendre le pain de viande.
13273	corpus-6-train	FR	Est-ce que le petit déjeuner et le dîner sont inclus?
13274	corpus-6-train	FR	Je voudrais aller au World Trade Center.
13278	corpus-6-train	FR	Excusez-moi, où se vendent les billets pour Broadway?
13280	corpus-6-train	FR	Cet aéroport est très beau. Vous en êtes fier, j'imagine.
13282	corpus-6-train	FR	J'ai une douleur aiguë dans l'estomac.
13283	corpus-6-train	FR	Oui, je vais prendre un Martini avec les hors d'œuvres.
13285	corpus-6-train	FR	Temps agréable.
13286	corpus-6-train	FR	Vous pourrez m'avertir avant d'y arriver?
13287	corpus-6-test-corpus-26-train	FR	Veuillez nous donner une table avec belle vue de la vie nocturne.
13288	corpus-6-train	FR	J'ai entendu dire que la tuberculose est encore très présente par ici.
13289	corpus-6-train	FR	Qu'est-ce qu'il y a là-dedans?
13290	corpus-6-test-corpus-26-train	FR	Est-ce que c'est fait à la main ou à la machine?
13291	corpus-6-test-corpus-26-train	FR	Je voudrais louer ce genre voiture pour vingt-quatre heures.
13292	corpus-6-train	FR	Le chauffage ne marche pas et la chambre est trop froide.
13293	corpus-6-train	FR	Combien coûte le billet pour la journée?
13295	corpus-6-train	FR	OK. Alors, je préférerais aller au bar et attendre.
13296	corpus-6-train	FR	Vous êtes venu ici pour la dernière fois il y a deux ans. Avez-vous eu un agréable vol?
13298	corpus-6-train	FR	Il y a beaucoup de sources d'eau chaude parce que nous avons de nombreux volcans.
13301	corpus-6-train	FR	Ça coûte combien pour aller à Londres?
13302	corpus-6-train	FR	Je voudrais une rallonge.
13304	corpus-6-train	FR	Je désirerais du jus d'orange, des toasts, des œufs brouillés et du café, s'il vous plaît.
13305	corpus-6-train	FR	Bien. Vous avez fini.
13306	corpus-6-test-corpus-26-train	FR	J'ai été enchanté de faire votre connaissance.
13307	corpus-6-train	FR	Oui. Ils ont élagué les branches et ont sélectionné les bourgeons pour en faire de très beaux arbres.
13308	corpus-6-train	FR	Je crois qu'une table se libérera dans une quinzaine de minutes.
13309	corpus-6-train	FR	Bien. Merci.
13310	corpus-6-train	FR	Où faut-il descendre pour aller au musée?
13311	corpus-6-train	FR	Mon plat, s'il vous plaît.
13312	corpus-6-train	FR	J'ai un sérieux mal de tête. Est-ce que vous connaissez de bons médecins près d'ici?
13313	corpus-6-train	FR	Après trois heures.
13314	corpus-6-train	FR	Pourriez-vous garder mes effets de valeur?
13315	corpus-6-train	FR	J'ai dépensé trente dollars pour ma chemise.
13316	corpus-6-train	FR	Pouvez-vous m'apporter de l'aspirine?
13319	corpus-6-train	FR	Où est la boîte?
13321	corpus-6-train	FR	Veuillez noter le numéro de votre carte de crédit.
13322	corpus-6-test-corpus-26-train	FR	C'est déchiré.
13323	corpus-6-train	FR	Quelles sortes de whisky avez-vous?
13324	corpus-6-train	FR	Connaissez-vous le nom de cette gare?
13325	corpus-6-train	FR	Veuillez ne pas plier la lettre parce qu'il y a des photos à l'intérieur.
13327	corpus-6-train	FR	Eh bien, le golf fait autant partie de nos affaires que de nos divertissements.
13329	corpus-6-train	FR	Voici notre menu, monsieur.
13331	corpus-6-train	FR	Voilà votre passeport, votre billet, et votre carte d'embarquement.
13333	corpus-6-test-corpus-26-dev	FR	Eh bien, maintenant, laissez-moi vous regarder.
13334	corpus-6-train	FR	Oh, il est assez tard. Je crois que je ferais mieux d'y aller.
13335	corpus-6-dev	FR	Est-ce que je peux utiliser ce chariot pour les bagages?
13337	corpus-6-train	FR	Ce serait parfait entre soixante-dix et quatre-vingts dollars.
13338	corpus-6-train	FR	Appel personnel pour Tokyo, Japon, s'il vous plaît.
13345	corpus-6-train	FR	Non, merci. Je n'en peux plus.
13346	corpus-6-train	FR	Je veux un blazer, s'il vous plaît.
13347	corpus-6-test-corpus-26-train	FR	Eh bien, imagine combien ce travail prendrait s'il posait une question supplémentaire à chaque personne. Viens, dépêchons-nous et prenons nos bagages. Nous devons maintenant aller au bureau des douanes.
13349	corpus-6-train	FR	Est-ce qu'il me faut une carte d'embarquement?
13351	corpus-6-train	FR	Celui à cinq cents dollars, n'est-ce pas?
13352	corpus-6-train	FR	Ca nous aiderait si vous pouviez augmenter votre capacité de production.
13353	corpus-6-train	FR	Est-ce que vous êtes libre samedi soir? Je voudrais vous inviter à la fête que nous donnons pour notre premier anniversaire de mariage.
13358	corpus-6-train	FR	Je désirerais du veau.
13359	corpus-6-train	FR	Il me faut une grande voiture.
13360	corpus-6-train	FR	Vous avez mal compris.
13361	corpus-6-train	FR	Veuillez me conduire dans un hôpital où ils comprennent le japonais.
13363	corpus-6-train	FR	Qu'est-ce que vous recommandez le plus?
13364	corpus-6-train	FR	Nous partons cet après-midi. Est-ce que nous avons le temps de prendre part à la visite de la ville?
13369	corpus-6-train	FR	Le kimono ne convient pas aux personnes actives.
13372	corpus-6-train	FR	D'accord. Nous serons là à huit heures.
13373	corpus-6-dev	FR	C'est vraiment dommage. Je dois être à Los Angeles vendredi matin.
13374	corpus-6-train	FR	Etes-vous Australien?
13376	corpus-6-train	FR	Où est l'entrée?
13377	corpus-6-train	FR	Pourriez-vous vérifiez le liquide de freins?
13378	corpus-6-train	FR	Où est-ce que je peux acheter des gants?
13380	corpus-6-train	FR	Je ne m'en suis pas du tout servi.
13381	corpus-6-train	FR	Est-ce qu'ils jouent du jazz dans cet endroit?
13382	corpus-6-train	FR	Pourriez-vous appeler le maître de rang, je vous prie?
13387	corpus-6-train	FR	Je veux un cocktail assez fort. Pourriez-vous me préparer quelque chose?
13393	corpus-6-train	FR	Nous vous envoyons quelqu'un immédiatement pour vérifier.
13394	corpus-6-train	FR	Oh, j'ai déjà entendu ce nom. C'est une vieille ville célèbre, n'est-ce pas?
13395	corpus-6-dev	FR	J'ai marqué un point.
13396	corpus-6-test-corpus-26-train	FR	Quel poids?
13397	corpus-6-train	FR	Je vous souhaite un agréable voyage.
13399	corpus-6-test-corpus-26-train	FR	Y a-t-il un restaurant chinois pas loin d'ici?
13400	corpus-6-train	FR	Avez-vous des vols en partance pour Miami?
13401	corpus-6-train	FR	La raie à gauche.
13403	corpus-6-train	FR	Je vais aux toilettes toutes les dix minutes.
13405	corpus-6-train	FR	Merci beaucoup. M. Kogure et moi-même sommes très heureux d'être à Londres pour cette réunion avec vous. Vous êtes l'un de nos partenaires les plus importants.
13406	corpus-6-train	FR	Mon portefeuille a été volé par un pickpocket.
13407	corpus-6-test-corpus-26-train	FR	Le quai cinq est là-bas.
13408	corpus-6-test-corpus-26-train	FR	Quand se joue le match de football?
13410	corpus-6-train	FR	Quand est Halloween?
13412	corpus-6-train	FR	Magnifique.
13413	corpus-6-train	FR	Y a-t-il des effets secondaires?
13414	corpus-6-train	FR	A quelle heure devons-nous embarquer?
13415	corpus-6-dev	FR	Est-ce que la Bourse de Wall Street est ouverte au public?
13416	corpus-6-train	FR	Je suis navré de ne pas avoir été à la maison.
13417	corpus-6-train	FR	Où est le bureau d'information touristique?
13419	corpus-6-train	FR	Où pourrais-je encaisser des chèques-voyages?
13420	corpus-6-train	FR	Je voudrais une montre sur laquelle on peut lire l'heure facilement.
13422	corpus-6-train	FR	Je suis désolé. Je n'ai pas de petites coupures.
13423	corpus-6-test-corpus-26-dev	FR	Ça ne marche pas. Pourriez-vous regarder mon appareil photo?
13424	corpus-6-test-corpus-26-test	FR	Un café avec de la crème et du sucre, s'il vous plaît.
13425	corpus-6-train	FR	Pouvez-vous le répéter une autre fois?
13427	corpus-6-train	FR	C'est dix marks.
13431	corpus-6-train	FR	Oui, j'y suis allé. J'ai visité Tokyo et Kyoto lors d'un voyage il y deux ans.
13432	corpus-6-train	FR	Emmenez-moi à l'hôpital, je vous en supplie.
13434	corpus-6-train	FR	Est-ce qu'il y a la climatisation?
13435	corpus-6-train	FR	Veuillez nous faire appeler dès que l'une d'entre elles se libérera.
13436	corpus-6-test-corpus-26-train	FR	Je crois que cette facture n'est pas exempte d'erreurs.
13438	corpus-6-test-corpus-26-train	FR	Veuillez me donner celui-là.
13439	corpus-6-train	FR	Combien en tout?
13440	corpus-6-test-corpus-26-train	FR	C'est la porte sept.
13442	corpus-6-train	FR	Est-ce que le prix comprend le déjeuner?
13444	corpus-6-test-corpus-26-train	FR	Venez-vous d'Ecosse?
13446	corpus-6-test-corpus-26-train	FR	Trente et un, douze. Attendez une seconde, d'accord? Je veux vous envoyer quelque chose ici. Excusez-moi.
13447	corpus-6-train	FR	Où allez-vous séjourner?
13448	corpus-6-train	FR	Les relations humaines sont importantes dans toute société, mais les Japonais semblent essayer plus que les autres de garder de bonnes relations et de les élargir.
13451	corpus-6-train	FR	Voici quatre-vingt dix-neuf yens. Veuillez tous les échanger contre des dollars.
13455	corpus-6-dev	FR	Je voudrais quelque chose de très large.
13456	corpus-6-train	FR	A l'ABC.
13461	corpus-6-train	FR	Où y a-t-il un magasin de boîtes?
13471	corpus-6-test-corpus-26-test	FR	Cent trente-cinq yens par dollar.
13472	corpus-6-train	FR	Celui-là fera l'affaire. Vous devrez changer dans la Quarante-quatrième Rue.
13474	corpus-6-train	FR	Puis-je avoir la clé, s'il vous plaît?
13475	corpus-6-train	FR	Est-ce que avez des sous-compacts?
13476	corpus-6-test-corpus-26-train	FR	Les mini-jupes avec des bottes ne se démoderont jamais.
13477	corpus-6-test-corpus-26-train	FR	Puis-je parler au directeur?
13479	corpus-6-train	FR	Nous avons des petites, moyennes et grandes tailles.
13480	corpus-6-test-corpus-26-train	FR	Pourquoi votre tarif est-il différent de celui du compteur?
13481	corpus-6-train	FR	Connaissez-vous un bon gynécologue?
13482	corpus-6-train	FR	Je désirerais un sèche-cheveux.
13483	corpus-6-train	FR	A quoi correspond ce montant?
13484	corpus-6-test-corpus-26-train	FR	Est-ce que je peux voir celui-là?
13487	corpus-6-test-corpus-26-train	FR	Je me suis promis de faire votre connaissance dès que je vous ai rencontré.
13488	corpus-6-test-corpus-26-train	FR	Qu'est-ce qui se passe ces derniers temps?
13489	corpus-6-train	FR	Donc, quels sont vos projets pour le reste du voyage?
13490	corpus-6-train	FR	Dans ce cas, on peut trouver un tableau des tarifs près du siège du chauffeur.
13491	corpus-6-train	FR	J'aimerais acheter l'une de vos spécialités régionales.
13492	corpus-6-test-corpus-26-train	FR	Je ne me sens pas bien. Pouvez-vous me donner le nom d'un médecin?
13493	corpus-6-train	FR	D'accord. Nous allons attendre.
13495	corpus-6-train	FR	Eh bien, je suis étudiant en première année à l'université. Ma matière principale est l'histoire.
13496	corpus-6-train	FR	Où puis-je trouver une bijouterie pour acheter une montre?
13497	corpus-6-train	FR	M. Tanaka, M. Sato est en réunion pour le moment. Peut-il vous rappeler?
13498	corpus-6-train	FR	Est-ce qu'il va arriver bientôt?
13499	corpus-6-train	FR	Quelle est l'heure d'arrivée prévue?
13502	corpus-6-train	FR	Passe-moi les pommes de terres, s'il te plaît.
13504	corpus-6-test-corpus-26-train	FR	Votre fête a commencé. Allez-y.
13506	corpus-6-train	FR	Est-ce qu'il faut que je revienne dans votre bureau?
13507	corpus-6-train	FR	Qui est le chef d'orchestre?
13514	corpus-6-dev	FR	Veuillez me montrer votre billet de retour.
13515	corpus-6-test-corpus-26-train	FR	Est-ce qu'il y a un spectacle de cabaret?
13518	corpus-6-train	FR	Est-ce que je peux confier mes effets de valeur?
13520	corpus-6-train	FR	Est-ce qu'il y a des messages pour moi?
13521	corpus-6-train	FR	Du vin rouge? Ce n'est pas amer?
13523	corpus-6-train	FR	Ne vous inquiétez pas. Des clients les ont essayés.
13524	corpus-6-train	FR	Je suis impressionné par votre capacité à parler une langue étrangère.
13526	corpus-6-dev	FR	J'ai oublié mon agenda dans la cabine téléphonique.
13528	corpus-6-test-corpus-26-dev	FR	La chasse d'eau des toilettes ne marche pas.
13530	corpus-6-train	FR	Est-ce que vous avez un compte?
13531	corpus-6-dev	FR	Tu viens chercher mon masque avec moi?
13532	corpus-6-test-corpus-26-dev	FR	Est-ce long d'aller d'ici à l'Hôtel de Ville à pied?
13534	corpus-6-dev	FR	Je crois que j'ai le mal de l'air.
13538	corpus-6-train	FR	D'où part la navette?
13545	corpus-6-train	FR	Nous sommes désolés pour le dérangement. Je vais vous en apporter un autre immédiatement.
13546	corpus-6-train	FR	Un petit moment, s'il vous plaît. Je vous l'apporte. Le voilà.
13547	corpus-6-test-corpus-26-train	FR	Prenez ce médicament après chaque repas si ça fait vraiment mal.
13548	corpus-6-train	FR	Puis-je confirmer par téléphone?
13549	corpus-6-train	FR	J'ai vraiment essayé, mais je n'ai pas pu réaliser mes rêves.
13550	corpus-6-test-corpus-26-train	FR	Vous mettez l'argent dans une enveloppe décorée qui s'appelle shugibukuro.
13551	corpus-6-train	FR	Où est le rayon homme?
13553	corpus-6-test-corpus-26-train	FR	Quelqu'un est blessé.
13556	corpus-6-train	FR	Vous n'avez pas dit ça. Vous me faites payer trop cher.
13558	corpus-6-train	FR	Entre, Mitsuru.
13561	corpus-6-train	FR	J'ai besoin d'une ligne extérieure.
13563	corpus-6-train	FR	Voici l'adresse où l'on peut me joindre.
13565	corpus-6-train	FR	Je veux prendre rendez-vous.
13566	corpus-6-train	FR	Pourquoi ne pas passer à la maison un moment?
13567	corpus-6-train	FR	Est-ce que des repas sont servis?
13569	corpus-6-train	FR	J'ai réservé une chambre double.
13570	corpus-6-train	FR	J'ai perdu mon portefeuille quelque part dans ce magasin.
13573	corpus-6-train	FR	C'est gratuit.
13574	corpus-6-train	FR	Je voudrais une berline avec une bonne consommation au cent.
13576	corpus-6-train	FR	Pourrais-je avoir deux billets pour ce soir, s'il vous plaît?
13577	corpus-6-train	FR	J'ai un service à vous demander.
13578	corpus-6-train	FR	Prévenez-moi quand il faudra descendre.
13579	corpus-6-train	FR	Redites-le.
13580	corpus-6-dev	FR	Excusez-moi, est-ce que je peux prendre votre photo?
13581	corpus-6-train	FR	Un homme était grand et l'autre était petit.
13583	corpus-6-train	FR	Un hamburger et du ragoût en accompagnement, et de la salade, s'il vous plaît.
13585	corpus-6-train	FR	J'ai fait une demande de passeport hier.
13587	corpus-6-train	FR	Savoureux.
13588	corpus-6-train	FR	Le vingt-trois mars, s'il vous plaît.
13589	corpus-6-train	FR	Mon pendentif a été volé en mon absence de la chambre.
13591	corpus-6-train	FR	Park Avenue, numéro deux cent quatre-vingt, s'il vous plaît.
13593	corpus-6-train	FR	Mon siège est cassé. Je ne peux pas l'incliner.
13595	corpus-6-train	FR	Est-ce que vous pourrez lui demander de m'appeler en PCV?
13597	corpus-6-train	FR	Veuillez me fournir un reçu.
13599	corpus-6-train	FR	Est-il possible d'avoir une autre couche de peinture dans le salon?
13601	corpus-6-train	FR	Hélez un taxi pour qu'il s'arrête, voulez-vous?
13603	corpus-6-train	FR	Je veux envoyer ceci par avion.
13605	corpus-6-train	FR	C'est peut-être les bougies.
13606	corpus-6-train	FR	Pourriez-vous me dire quand le match commencera?
13609	corpus-6-test-corpus-26-test	FR	Je me demande ce que je pourrais bien lui trouver comme cadeau?
13610	corpus-6-train	FR	Est-ce que vous l'avez dans une plus grande taille?
13611	corpus-6-train	FR	Je voudrais des cachets d'aspirine.
13613	corpus-6-train	FR	Vous devriez prendre un bus.
13614	corpus-6-train	FR	Veuillez me montrer où se trouve la banque.
13615	corpus-6-train	FR	Tenez le fromage.
13617	corpus-6-train	FR	Pourriez-vous réserver une chambre pour cette nuit?
13619	corpus-6-train	FR	J'ai de la fièvre.
13621	corpus-6-dev	FR	Nous voudrions vous inviter à dîner demain soir.
13622	corpus-6-train	FR	Oh, environ cinq minutes à pied.
13623	corpus-6-train	FR	Alors, veuillez me donner deux places C réservées pour le vingt.
13624	corpus-6-test-corpus-26-train	FR	Est-ce que vous avez un plan du métro?
13628	corpus-6-train	FR	OK. A tout à l'heure alors.
13629	corpus-6-test-corpus-26-train	FR	J'ai une chambre prête pour vous au Grand Hotel. Pourriez-vous aller là-bas?
13630	corpus-6-train	FR	C'est la chambre mille deux cent treize.
13631	corpus-6-train	FR	Je voudrais faire une réservation pour Tokyo le quinze mai.
13632	corpus-6-train	FR	Je séjourne chez des amis.
13633	corpus-6-train	FR	Quand commence le service du déjeuner?
13635	corpus-6-test-corpus-26-train	FR	Mon œil droit est douloureux.
13637	corpus-6-train	FR	Pouvez-vous me passer le Service commercial, s'il vous plaît?
13638	corpus-6-train	FR	Quelles places sont disponibles? Je voudrais m'asseoir quelque part au milieu.
13639	corpus-6-train	FR	Avez-vous un interprète japonais?
13642	corpus-6-train	FR	Est-ce que je peux y aller?
13644	corpus-6-dev	FR	Je voudrais une poêle.
13645	corpus-6-train	FR	D'où partons-nous?
13646	corpus-6-dev	FR	Est-ce que ce train traverse El Paso?
13647	corpus-6-train	FR	Eh bien, cette visite d'exploration est bien.
13648	corpus-6-train	FR	Puis-je avoir une lotion pour les yeux?
13649	corpus-6-train	FR	Est-ce qu'il y a une correspondance pour Glasgow?
13651	corpus-6-train	FR	Pourriez-vous encaisser ces chèques-voyages?
13654	corpus-6-train	FR	Mon ami et moi ne sommes pas ensemble, nous aimerions être assis l'un à côté de l'autre.
13657	corpus-6-test-corpus-26-train	FR	Je ne suis pas très doué en allemand.
13658	corpus-6-train	FR	Je vais prendre cette chemise. Quel est son prix?
13659	corpus-6-train	FR	C'est trop.
13660	corpus-6-test-corpus-26-train	FR	Nous devrions vraiment nous réunir une nouvelle fois.
13662	corpus-6-train	FR	Allez tout droit, et vous les trouverez.
13663	corpus-6-train	FR	Oui, l'acteur qui joue le rôle principal est excellent.
13664	corpus-6-train	FR	Malheureusement, oui. Notre siège social est situé ici. Et vous? Est-ce la première fois que vous venez ici?
13666	corpus-6-test-corpus-26-train	FR	Pourriez-vous me reprendre ce pantalon?
13667	corpus-6-train	FR	Je vous écrirai en arrivant à la maison.
13670	corpus-6-train	FR	Pourrions-nous avoir une chambre avec vue sur l'océan?
13671	corpus-6-train	FR	Est-ce que l'on peut fumer ici?
13672	corpus-6-train	FR	Ce montant correspond à quoi?
13675	corpus-6-train	FR	Passez-vous par la Nouvelle Orléans?
13676	corpus-6-train	FR	Pouvons-nous louer un court?
13677	corpus-6-train	FR	J'aimerais bien acheter une nouvelle voiture.
13679	corpus-6-train	FR	Veuillez me donner le nom d'un bon restaurant dans les environs.
13680	corpus-6-train	FR	Comment vous appelez-vous? Et votre classement officiel?
13682	corpus-6-test-corpus-26-train	FR	Est-ce que je peux emprunter une raquette et des balles?
13683	corpus-6-train	FR	Certainement, ils seront dans le hall à neuf heures.
13685	corpus-6-test-corpus-26-test	FR	Est-ce que vous pouvez mettre de la petite monnaie?
13686	corpus-6-train	FR	Pouvez-vous accepter un chèque en yens japonais?
13689	corpus-6-train	FR	Quel bus dois-je prendre pour aller à la Statue de la Liberté?
13691	corpus-6-train	FR	J'aimerais bien laisser mes bagages.
13692	corpus-6-train	FR	Excusez-moi. J'ai acheté cette veste hier, mais j'ai découvert une énorme tache ici.
13694	corpus-6-test-corpus-26-train	FR	Est-ce que je peux avoir une demi-carafe?
13699	corpus-6-train	FR	Je vous présente mon oncle.
13701	corpus-6-train	FR	J'aimerais bien changer de chambre.
13703	corpus-6-train	FR	Avez-vous ceci en taille moyenne ou grande?
13705	corpus-6-train	FR	Est-ce que je peux échanger ma place pour aller à l'avant?
13707	corpus-6-test-corpus-26-train	FR	Salut. Je suis Jun.
13708	corpus-6-train	FR	Je ferais mieux d'y aller.
13709	corpus-6-train	FR	Etes-vous Mme Ebert? Je suis Hiroshi Sato. Ravi de vous rencontrer.
13711	corpus-6-train	FR	J'ai un pneu crevé.
13713	corpus-6-train	FR	Je descends à la cathédrale.
13715	corpus-6-train	FR	Je voudrais de l'eau bouillante.
13717	corpus-6-test-corpus-26-train	FR	Nakai.
13718	corpus-6-dev	FR	Combien ça fera si j'en achète trois?
13719	corpus-6-test-corpus-26-train	FR	Est-ce que cela vous dérange si je prends une photo de vous et de votre taxi?
13720	corpus-6-train	FR	Pourriez-vous, s'il vous plaît, m'appeler un taxi?
13723	corpus-6-dev	FR	Non fumeur, s'il vous plaît.
13724	corpus-6-train	FR	Demain.
13726	corpus-6-train	FR	Une commande par correspondance est peut-être préférable. Ce n'est pas cher.
13727	corpus-6-train	FR	Un sac en bandoulière blanc, s'il vous plaît.
13730	corpus-6-train	FR	Une égalisation, s'il vous plaît.
13732	corpus-6-train	FR	Je dois être à l'aéroport à huit heures demain matin.
13733	corpus-6-test-corpus-26-train	FR	J'ai appelé concernant un sac perdu il y a trois jours.
13734	corpus-6-train	FR	Je ne sais pas ce que c'est mais je vais goûter.
13735	corpus-6-train	FR	Avez-vous vu un manteau noir ici?
13736	corpus-6-train	FR	Vous êtes au-delà de la limite. Vous devez donc aller au guichet numéro trois.
13738	corpus-6-train	FR	Pourrais-je avoir une chambre du côté de la montagne?
13739	corpus-6-train	FR	J'ai oublié mon appareil photo dans le taxi.
13740	corpus-6-train	FR	Qui va jouer dans ce spectacle?
13741	corpus-6-train	FR	Par avion ou par voie de surface?
13743	corpus-6-train	FR	Cent dollars en liquide, trois cents dollars en chèques-voyages et ma carte de crédit.
13745	corpus-6-train	FR	Ça fera combien?
13748	corpus-6-test-corpus-26-test	FR	Je voudrais un hôtel meilleur marché.
13749	corpus-6-train	FR	Est-ce que je remplis un formulaire de déclaration de douane?
13751	corpus-6-train	FR	Je voudrais utiliser le court de tennis.
13755	corpus-6-test-corpus-26-dev	FR	Oh, il y a beaucoup de choses que vous devriez voir à Greenwich Village.
13757	corpus-6-train	FR	Il ne faut jamais désespérer.
13761	corpus-6-train	FR	Je veux du lait. Est-ce que vous en avez?
13763	corpus-6-dev	FR	Est-ce que je peux changer ces billets pour le spectacle de demain?
13764	corpus-6-train	FR	Est-ce que vous pouvez me donner l'indicatif téléphonique international du Japon?
13765	corpus-6-train	FR	Combien de temps dois-je attendre le train avant qu'il n'entre en gare?
13767	corpus-6-dev	FR	Est-ce que je peux m'enregistrer ici pour le vol de la United Airlines?
13768	corpus-6-dev	FR	Est-ce qu'il faut porter une veste et une cravate pour l'excursion du soir?
13769	corpus-6-test-corpus-26-train	FR	Pour affaires. J'ai des relations d'affaires là-bas.
13770	corpus-6-train	FR	A quelle vitesse volons-nous?
13772	corpus-6-dev	FR	Pourriez-vous enlever les étiquettes de prix, s'il vous plaît?
13773	corpus-6-train	FR	Je suis au coin de la cinquième avenue et de la quarante et unième rue.
13774	corpus-6-train	FR	Un grand coca, s'il vous plaît.
13775	corpus-6-train	FR	J'aimerais bien prendre une douche avant d'aller manger.
13776	corpus-6-train	FR	Vos cheveux sont magnifiques.
13777	corpus-6-train	FR	Quoi, vous allez me demander de l'argent? Ah, ah, ah. Vous êtes terriblement cynique. Est-ce que votre mère est au courant?
13778	corpus-6-train	FR	Est-ce que vous avez demandé un plat spécial?
13779	corpus-6-train	FR	Je dois me lever tôt demain matin. Je dois y aller.
13780	corpus-6-train	FR	Est-ce que j'en fais partie?
13781	corpus-6-dev	FR	Combien pensez-vous que cela coûtera d'ici à l'aéroport?
13782	corpus-6-train	FR	Comment voulez-vous la cuisson de votre viande?
13783	corpus-6-test-corpus-26-train	FR	C'est assorti à votre costume.
13784	corpus-6-test-corpus-26-train	FR	Veuillez jeter un œil sur mes bagages?
13785	corpus-6-train	FR	Pouvez-vous dire comment me rendre à l'Abbaye de Westminster?
13786	corpus-6-train	FR	Oh, quel luxe de pouvoir jouer au golf en Australie.
13788	corpus-6-test-corpus-26-train	FR	Que pensez-vous de cette idée? Nous acceptons votre demande d'un préavis de six mois à condition que vous nous garantissiez le droit de vendre pendant les six mois consécutifs à la résiliation du contrat.
13793	corpus-6-train	FR	Quand est le prochain vol pour Los Angeles?
13796	corpus-6-train	FR	Zone non fumeur, je vous prie.
13800	corpus-6-train	FR	Je vais me trouver mal.
13801	corpus-6-dev	FR	Où est-ce qu'il a été fabriqué?
13803	corpus-6-test-corpus-26-train	FR	Excusez-moi, est-ce que vous connaissez bien New York?
13806	corpus-6-train	FR	L'assurance accident coûte cinq dollars en plus par jour, est-ce que vous la voulez?
13810	corpus-6-train	FR	J'aimerais bien prendre des leçons de ski.
13812	corpus-6-train	FR	Un homme a volé mon argent.
13813	corpus-6-train	FR	Qu'est-ce qu'ils sont en train de manger?
13814	corpus-6-train	FR	Je voudrais une calculatrice, s'il vous plaît.
13815	corpus-6-train	FR	Une cartouche de Malboro, s'il vous plaît.
13816	corpus-6-train	FR	Où est la porte d'embarquement pour le vol ABC cent un?
13817	corpus-6-train	FR	C'est un canon, non?
13820	corpus-6-train	FR	Excusez-moi, mais sur quelle avenue sommes-nous?
13821	corpus-6-train	FR	Pourrais-je avoir un reçu?
13822	corpus-6-train	FR	Quel fond de teint convient à la couleur naturelle de ma peau?
13823	corpus-6-dev	FR	Vous n'êtes pas chinois, n'est-ce pas?
13824	corpus-6-test-corpus-26-test	FR	Nous allons attendre. Veuillez nous appeler quand vous serez prêt.
13825	corpus-6-train	FR	C'est la prochaine en bas.
13826	corpus-6-train	FR	Est-ce que je peux commander ça du Japon une fois que je serai rentré?
13827	corpus-6-test-corpus-26-train	FR	Je voudrais voir un chirurgien.
13828	corpus-6-test-corpus-26-dev	FR	Est-ce que ce sont des ingrédients naturels?
13829	corpus-6-train	FR	Est-ce que vous le voulez en hors taxe?
13830	corpus-6-train	FR	J'aimerais bien me servir du coffre-fort de ma chambre.
13831	corpus-6-test-corpus-26-train	FR	Je voudrais monter dans une voiture de sport.
13834	corpus-6-train	FR	Le mini-bar est vide. Pourriez-vous y mettre plus de bière, je vous prie?
13835	corpus-6-train	FR	"Les journaux ne se soucient pas de rappeler à leurs lecteurs que le huit décembre ""était le jour où nous avons déclaré la guerre""."
13836	corpus-6-train	FR	Je voudrais ouvrir un compte de dépôt dans cette banque.
13837	corpus-6-train	FR	Bien. Quand aura lieu le match?
13838	corpus-6-train	FR	C'est bien aimable à vous. Je ne savais pas quoi faire.
13840	corpus-6-train	FR	Je voudrais louer une bicyclette.
13841	corpus-6-train	FR	Dans quelle zone se trouve ce siège?
13843	corpus-6-test-corpus-26-train	FR	L'indicatif régional est le zéro trois. Le numéro est le trente et un vingt-trois quarante-cinq soixante-sept.
13844	corpus-6-train	FR	A quelle heure, monsieur?
13845	corpus-6-train	FR	Est-ce que ce sont tous les bagages du vol deux cent trente-trois?
13846	corpus-6-train	FR	Je suis malade. Pouvez-vous m'appeler un médecin?
13848	corpus-6-train	FR	Il n'y a pas de savon dans ma chambre.
13849	corpus-6-train	FR	Voici votre pourboire.
13851	corpus-6-dev	FR	Puis-je vous demander votre nom?
13854	corpus-6-test-corpus-26-train	FR	Il a attrapé un rhume.
13855	corpus-6-train	FR	Non, merci. Je ne fais que regarder.
13856	corpus-6-test-corpus-26-test	FR	Une sous-compacte serait le mieux.
13857	corpus-6-train	FR	Puis-je voir votre billet d'avion? Je veux dire votre carte d'embarquement.
13859	corpus-6-train	FR	Veuillez l'écrire.
13860	corpus-6-train	FR	Est-ce que je peux m'installer dans un siège vide?
13862	corpus-6-test-corpus-26-train	FR	Je voudrais envoyer cela en courrier normal.
13863	corpus-6-train	FR	Faites comme chez vous et amusez-vous bien.
13864	corpus-6-train	FR	Je suis gay.
13866	corpus-6-train	FR	Je voudrais un rasoir électrique, s'il vous plaît.
13867	corpus-6-train	FR	Décor attrayant?
13868	corpus-6-train	FR	Est-ce que c'est votre première visite dans notre pays?
13869	corpus-6-dev	FR	Montrez-moi une pièce d'identité avec photo.
13870	corpus-6-train	FR	Le vol cent un pour Narita, départ le dix juin, est confirmé.
13871	corpus-6-train	FR	Cent vingt dollars la nuit, taxes comprises.
13872	corpus-6-train	FR	Est-ce que cette garantie est valable au Japon?
13876	corpus-6-train	FR	Elle doit y aller avec?
13877	corpus-6-train	FR	J'ai ce panier de fruits. C'est un cadeau.
13878	corpus-6-train	FR	A quelle heure est le dernier train?
13879	corpus-6-train	FR	Je ne l'achèterai pas. Je peux trouver beaucoup moins cher dans d'autres magasins.
13880	corpus-6-dev	FR	Un étudiant, s'il vous plaît.
13881	corpus-6-train	FR	Je n'ai jamais fait de plongé auparavant.
13882	corpus-6-train	FR	Je voudrais une chambre à moins de cinquante dollars.
13885	corpus-6-train	FR	Non, vous n'y êtes pas. Vous devriez descendre au prochain arrêt.
13886	corpus-6-train	FR	Pourriez-vous me donner le nom d'endroits intéressants à visiter dans cette ville?
13887	corpus-6-train	FR	Je suis au troisième rang, au milieu.
13888	corpus-6-train	FR	C'est dix dollars et trente centimes la journée.
13891	corpus-6-train	FR	Envoyez ça au Japon par télégramme.
13892	corpus-6-train	FR	A combien se monte le billet d'avion de New York à Los Angeles?
13893	corpus-6-dev	FR	Où est-ce que je peux plonger?
13894	corpus-6-train	FR	Cette nourriture me pèse sur l'estomac.
13896	corpus-6-train	FR	Pourriez-vous garder mes bagages jusqu'à onze heures?
13897	corpus-6-train	FR	Oui, vous pouvez payer en yens. C'est deux mille sept cents yens.
13898	corpus-6-dev	FR	La gestion des stocks est très importante pour une compagnie.
13899	corpus-6-train	FR	Je vais appeler la police.
13900	corpus-6-train	FR	Je veux aller au bureau d'enregistrement de la United Airlines.
13901	corpus-6-train	FR	Salut. Entre. Je suis content que tu aies pu venir. Est-ce que tu as eu des problèmes pour trouver la maison?
13903	corpus-6-test-corpus-26-train	FR	Permettez-moi de passer cette communication à la personne responsable.
13905	corpus-6-train	FR	Combien de temps faut-il pour aller à Douvres en train?
13906	corpus-6-train	FR	Transmets mes amitiés à tes parents, s'il te plaît.
13907	corpus-6-train	FR	C'est très bien.
13908	corpus-6-train	FR	Je n'ai jamais été au premier rang.
13909	corpus-6-train	FR	Je ne parle pas anglais.
13910	corpus-6-train	FR	Donnez-moi de l'essence à briquet, s'il vous plaît.
13911	corpus-6-train	FR	Je souffre tellement que je ne le supporte plus.
13912	corpus-6-train	FR	Au comptoir là-bas.
13913	corpus-6-test-corpus-26-train	FR	Quelle taille voulez-vous?
13914	corpus-6-train	FR	Une place libre, s'il vous plaît.
13915	corpus-6-train	FR	Montez et tournez à droite. C'est sur votre gauche.
13916	corpus-6-train	FR	Est-ce que je peux avoir un coca, s'il vous plaît?
13917	corpus-6-train	FR	Est-ce que vous avez une excursion pour Broadway?
13919	corpus-6-test-corpus-26-train	FR	Oh, mon dieu. Je ne me suis pas rendu compte que j'avais encore ceux-là.
13920	corpus-6-test-corpus-26-train	FR	Est-ce que vous avez des boîtes pour envoyer des colis?
13921	corpus-6-test-corpus-26-train	FR	Est-ce que la compagnie aérienne prendra en charge mes frais d'hôtel et de repas?
13926	corpus-6-train	FR	Quand est le train suivant?
13927	corpus-6-train	FR	Sensible.
13928	corpus-6-train	FR	La qualité est excellente et c'est une affaire.
13929	corpus-6-train	FR	Cet avion part de la porte numéro vingt-quatre.
13930	corpus-6-train	FR	Adieu.
13931	corpus-6-train	FR	Est-ce que vous connaissez un bon magasin de chaussures?
13934	corpus-6-train	FR	Est-ce que c'est une voiture première classe?
13935	corpus-6-train	FR	Est-ce que ce vol va partir à l'heure?
13936	corpus-6-train	FR	La Mer Intérieure est belle et calme.
13938	corpus-6-test-corpus-26-train	FR	Est-ce que ce sont tous vos bagages?
13941	corpus-6-train	FR	Excusez-moi, je crois que je ne vous ai pas donné assez d'argent.
13942	corpus-6-test-corpus-26-train	FR	Comment voulez-vous passer votre appel?
13943	corpus-6-train	FR	Je suis désolé. Il semblerait que je ne vous ai pas donné les bonnes clefs.
13946	corpus-6-test-corpus-26-train	FR	Eh bien, c'est cher. Ce n'est pas fabriqué au Japon, n'est-ce pas?
13947	corpus-6-dev	FR	Vous avez entendu les dernières nouvelles?
13948	corpus-6-train	FR	Est-ce que vous avez fini de remplir la carte de débarquement?
13953	corpus-6-test-corpus-26-train	FR	Pourriez-vous me passer le sel, je vous prie?
13956	corpus-6-train	FR	Est-ce que vous avez du vin rouge en demi-bouteille?
13957	corpus-6-train	FR	Professeur Takagi, voudriez-vous faire un commentaire à ce sujet?
13958	corpus-6-train	FR	Est-ce que vous avez des cacahuètes?
13960	corpus-6-train	FR	Merci, monsieur. Attendez une minute, s'il vous plaît, monsieur. Veuillez porter cette note à la caisse et la régler là-bas.
13961	corpus-6-train	FR	Voyons.
13963	corpus-6-train	FR	C'est un peu trop sucré.
13965	corpus-6-train	FR	Vous permettez que je m'asseye ici?
13966	corpus-6-test-corpus-26-train	FR	Où est le restaurant le plus proche de cet hôtel?
13971	corpus-6-dev	FR	Emportez mes bagages jusqu'au taxi, voulez-vous?
13972	corpus-6-train	FR	J'aimerais bien voir une comédie musicale.
13976	corpus-6-train	FR	Quel vol préférez-vous, le vol de dix heures ou celui de seize heures?
13983	corpus-6-train	FR	J'ai vraiment aimé votre réception.
13985	corpus-6-train	FR	Vous devriez avoir un passeport, une carte d'immigration et un formulaire de déclaration douanière.
13986	corpus-6-train	FR	Je pars, alors encaisse ces jetons, s'il te plaît.
13987	corpus-6-train	FR	Je voudrais manger de la cuisine italienne.
13993	corpus-6-test-corpus-26-train	FR	Je voudrais un shampooing pour cheveux normaux.
13994	corpus-6-train	FR	Veuillez déposer vos bagages sur cette balance.
13995	corpus-6-train	FR	Je suis d'accord avec ce que vous venez de suggérer.
13996	corpus-6-train	FR	J'ai les amydales gonflées.
13998	corpus-6-train	FR	Veuillez transmettre le bonjour à votre famille.
13999	corpus-6-train	FR	A quelle heure ouvre la réception?
14003	corpus-6-train	FR	Les chemises de ce magasin sont beaucoup moins chères.
14006	corpus-6-train	FR	Je crois que j'ai de la fièvre.
14007	corpus-6-train	FR	Ça mettra combien de temps?
14008	corpus-6-test-corpus-26-train	FR	Quand crois-tu qu'ils vont le retrouver?
14009	corpus-6-train	FR	Allez-vous rafraîchir la chambre?
14010	corpus-6-train	FR	Par avion, s'il vous plaît.
14012	corpus-6-train	FR	A point.
14014	corpus-6-test-corpus-26-train	FR	Je vous souhaite une très bonne année.
14015	corpus-6-train	FR	Non pas vraiment. La plupart des étudiants réussissent les interrogations dans son cours, mais ils disent que ses conférences sont ennuyeuses et sans inspiration.
14017	corpus-6-train	FR	A quelle heure commence la messe?
14018	corpus-6-test-corpus-26-train	FR	Je vais prendre un grand Sprite.
14020	corpus-6-train	FR	Quatre dollars si vous l'achetez à la gare, et six si vous le prenez dans le train.
14021	corpus-6-train	FR	Je crois que je vais prendre ceux à cinquante centimes. Donnez-m'en une douzaine, s'il vous plaît.
14026	corpus-6-train	FR	Je voudrais acheter un souvenir pour environ cinquante dollars.
14029	corpus-6-dev	FR	Un shampooing, je vous prie.
14030	corpus-6-train	FR	Est-ce que l'avez en platine?
14031	corpus-6-train	FR	Comment est-ce qu'on utilise cette pompe?
14032	corpus-6-train	FR	Pouvez-vous m'aider avec ces sacs.
14035	corpus-6-train	FR	Y a-t-il une douche?
14036	corpus-6-train	FR	Je voudrais retirer cent dollars sur ma Carte Visa.
14037	corpus-6-train	FR	Le festival est l'une des spécialités culturelles du Japon.
14039	corpus-6-train	FR	Je n'y crois pas. Vous avez déjà tout dépensé?
14043	corpus-6-test-corpus-26-test	FR	Veuillez répéter plus lentement.
14044	corpus-6-train	FR	Eh bien, je crois que je ferais mieux de partir maintenant.
14045	corpus-6-test-corpus-26-train	FR	Excusez-moi. Je veux passer une commande.
14046	corpus-6-train	FR	C'est loin à pied?
14047	corpus-6-train	FR	Je ne trouve pas mon sac. Pouvez-vous m'aider?
14051	corpus-6-train	FR	Oui, nous en avons mais nous ne pouvons pas les vendre.
14052	corpus-6-train	FR	Pourriez-vous me donner de la petite monnaie contre ce billet?
14053	corpus-6-dev	FR	Le déjeuner est prêt.
14056	corpus-6-train	FR	Je veux envoyer deux paquets à New York.
14057	corpus-6-train	FR	Je voudrais appeler au Japon.
14059	corpus-6-test-corpus-26-test	FR	Nous prendrons des crevettes Newburg et du gigot rôti.
14060	corpus-6-train	FR	OK. Je vais envoyer notre responsable tout de suite pour vous ouvrir la porte avec le passe-partout. Quel est votre numéro de chambre?
14063	corpus-6-train	FR	Combien demandez-vous pour un objectif ultra grand angle?
14064	corpus-6-train	FR	Je préférerais une cuisine occidentale.
14066	corpus-6-train	FR	La guerre du Pacifique a duré quatre ans et demi, de mille neuf cent quarante et un à mille neuf cent quarante-cinq, deux ans plus tard que la Seconde Guerre Mondiale.
14068	corpus-6-dev	FR	Est-ce que vous avez des entrées pour accompagner ce verre?
14069	corpus-6-test-corpus-26-train	FR	Je voudrais une chambre avec une belle vue.
14070	corpus-6-train	FR	Est-ce que vous avez de la place pour un camping-car?
14072	corpus-6-train	FR	Avec du sel et du poivre?
14073	corpus-6-train	FR	Quelle entrée?
14074	corpus-6-test-corpus-26-train	FR	Trois verres de jus de melon, s'il vous plaît.
14075	corpus-6-train	FR	Pourriez-vous me montrer comment on peut appeler avec une carte de téléphone?
14076	corpus-6-dev	FR	Je ne parle qu'un petit peu anglais.
14078	corpus-6-dev	FR	Est-ce que la mer est agitée ce soir?
14079	corpus-6-dev	FR	Environ une demi-heure.
14081	corpus-6-train	FR	Puis-je avoir un sac en papier?
14086	corpus-6-test-corpus-26-train	FR	J'ai trois enfants.
14088	corpus-6-test-corpus-26-train	FR	Continuez le long de ce hall et tournez à gauche au coin. Vous le verrez sur votre droite.
14089	corpus-6-test-corpus-26-dev	FR	Est-ce que c'est une excursion d'une journée?
14090	corpus-6-train	FR	Je voudrais aller au célèbre Musée de l'air et de l'espace.
14092	corpus-6-train	FR	Tu penses qu'il va neiger demain?
14094	corpus-6-test-corpus-26-train	FR	Combien coûte un billet aller-retour pour Oxford?
14095	corpus-6-train	FR	Il a dû être utilisé pour une identification, peut-être.
14096	corpus-6-train	FR	Est-ce qu'elle devra aller à l'hôpital?
14098	corpus-6-test-corpus-26-train	FR	Je vais dans un club d'athlétisme tous les deux jours.
14099	corpus-6-test-corpus-26-train	FR	Où est-ce que je peux séjourner pendant la visite?
14101	corpus-6-train	FR	Ce sont des effets personnels.
14102	corpus-6-train	FR	OK. Où est-ce que je peux mettre mon bagage à main? Je peux le poser ici?
14104	corpus-6-test-corpus-26-train	FR	A quelle heure faut-il partir?
14105	corpus-6-dev	FR	Je cherche un cadeau pour un jeune enfant.
14107	corpus-6-train	FR	Pouvez-vous faire quelque chose pour réchauffer la pièce?
14108	corpus-6-test-corpus-26-train	FR	Quel est le tarif à la journée de ce guide?
14109	corpus-6-train	FR	La raie est à droite.
14110	corpus-6-train	FR	Votre appel a abouti.
14111	corpus-6-train	FR	Pourriez-vous m'expliquer comment appeler ce numéro?
14112	corpus-6-train	FR	Est-ce que c'est pour hommes?
14115	corpus-6-train	FR	Oh, vraiment? Est-ce qu'il a pris quelque chose?
14116	corpus-6-dev	FR	Je pense que c'est le genre que nous aimerions importer.
14117	corpus-6-train	FR	Y a-t-il des boutiques à proximité?
14119	corpus-6-dev	FR	Ma voiture est tombée en panne. J'ai besoin d'être remorqué immédiatement.
14120	corpus-6-test-corpus-26-train	FR	Où puis-je trouver des CD?
14123	corpus-6-dev	FR	Je voudrais un livre d'images, s'il vous plaît.
14125	corpus-6-train	FR	Asseyez-vous s'il vous plaît.
14126	corpus-6-train	FR	Est-ce que c'est une deux ou une quatre portes?
14127	corpus-6-train	FR	Quelle belle journée.
14129	corpus-6-train	FR	Je crois que j'ai commandé un hamburger au poisson, mais il n'y a pas de poisson dedans.
14130	corpus-6-train	FR	Excusez-moi, pourriez-vous me montrer comment la douche fonctionne?
14131	corpus-6-train	FR	Merci. Au fait, comment voulez-vous régler la note?
14132	corpus-6-train	FR	Je voulais seulement confirmer que le PDG de votre compagnie assistera bien à la réunion de demain.
14134	corpus-6-train	FR	Je suis vraiment navré, mais je vais être en retard pour la réunion. J'ai été coincé dans la circulation.
14135	corpus-6-train	FR	Pourriez-vous me réserver une chambre pour la nuit du dix-huit septembre?
14137	corpus-6-train	FR	Est-ce qu'il y a des cours qui durent deux semaines?
14139	corpus-6-train	FR	Pouvez-vous m'aider à choisir l'excursion de demain?
14140	corpus-6-train	FR	Je dois réserver.
14143	corpus-6-train	FR	Il y a des bateaux conçus d'après un navire pirate ou un vieux bateau vapeur à aubes. D'autres ressemblent à un cygne ou à une baleine.
14145	corpus-6-train	FR	M. Ford m'a dit de vous rencontrer.
14146	corpus-6-train	FR	Nous voudrions aller à Grous Mountain pour faire du ski. Pourriez-vous prendre les dispositions pour le transport?
14147	corpus-6-test-corpus-26-train	FR	Excusez-moi, je suis lycéen japonais. Etes-vous étudiant à l'Université de New York?
14150	corpus-6-test-corpus-26-train	FR	Pourriez-vous nous dire comment vous évaluez ce projet?
14151	corpus-6-train	FR	Est-ce que je peux me faire rembourser ce billet?
14152	corpus-6-train	FR	Combien de temps faut-il pour aller à Soho?
14154	corpus-6-train	FR	Où est le porteur?
14155	corpus-6-train	FR	Tu veux jouer en double?
14157	corpus-6-train	FR	Oui, je cherche les rouges à lèvres Chanel numéros cinq et trente.
14158	corpus-6-train	FR	Vous pouvez trouver un joli vase pour environ deux cent dollars.
14159	corpus-6-train	FR	Je viens d'apprendre que mon grand-père est mort.
14160	corpus-6-train	FR	American Airlines.
14162	corpus-6-train	FR	Il y a plein de monde dans ce parc d'attractions.
14163	corpus-6-train	FR	Avez-vous lu les consignes de sécurité?
14164	corpus-6-train	FR	Est-ce que vous avez de la glace?
14165	corpus-6-train	FR	Il fait beaucoup de vent.
14167	corpus-6-test-corpus-26-train	FR	Aki, est-ce que tu connais un bon disquaire près d'ici?
14168	corpus-6-test-corpus-26-train	FR	En liquide ou par carte?
14169	corpus-6-train	FR	Est-ce que nous pouvons voir un film sur ce vol?
14172	corpus-6-train	FR	Avez-vous des personnes qui parlent japonais?
14174	corpus-6-test-corpus-26-train	FR	Je travaille dans une société commerciale.
14175	corpus-6-test-corpus-26-train	FR	Il est impoli de demander aux gens combien ils gagnent.
14176	corpus-6-train	FR	Le numéro est le quatre-vingt dix-neuf, quatre-vingt dix-neuf, quatre-vingt dix-neuf, quatre-vingt dix-neuf, quatre-vingt dix-neuf, quatre-vingt dix-neuf, quatre-vingt dix-neuf.
14178	corpus-6-train	FR	Je voudrais du vinaigre.
14179	corpus-6-train	FR	P.S signifie post-scriptum.
14180	corpus-6-train	FR	Pour l'assurance, je veux une couverture totale en cas d'accident.
14181	corpus-6-train	FR	Je voudrais réserver une excursion, s'il vous plaît.
14182	corpus-6-train	FR	Des billets pour la journée?
14184	corpus-6-test-corpus-26-train	FR	Est-ce que ce sont d'authentiques Levis cinq cent un?
14186	corpus-6-train	FR	Quoi? Oh, bien sûr. Ce n'est pas réservé.
14187	corpus-6-train	FR	Deux septembre, classe économique, pour une personne.
14188	corpus-6-train	FR	Je dois être de retour d'ici dix-huit heures.
14189	corpus-6-train	FR	Nous avons beaucoup d'événements annuels hormis les jours fériés nationaux.
14195	corpus-6-test-corpus-26-train	FR	A quelle heure puis-je prendre un bain?
14196	corpus-6-train	FR	C'est la mode cet été.
14198	corpus-6-test-corpus-26-train	FR	Vous ne faites pas plus de vingt et un ans.
14201	corpus-6-train	FR	Est-ce que vous acceptez la carte Visa?
14202	corpus-6-train	FR	Excusez-moi. Je veux me rendre à Miami.
14203	corpus-6-train	FR	Quelle sorte de fruits avez-vous?
14205	corpus-6-train	FR	Est-ce que vous avez des desserts basses calories?
14206	corpus-6-train	FR	C'est vraiment un spectacle merveilleux.
14210	corpus-6-train	FR	Est-ce qu'il y a un express pour Berlin?
14214	corpus-6-train	FR	Est-ce que vous avez des offres spéciales sur les parfums Esthee Lauder?
14215	corpus-6-train	FR	Est-ce que vous avez de la mayonnaise?
14217	corpus-6-dev	FR	Veuillez l'utiliser comme plateau.
14218	corpus-6-train	FR	Je désirerais une place non fumeur, je vous prie.
14219	corpus-6-test-corpus-26-train	FR	Je vois. En fait, il y a une pellicule ultra rapide à l'intérieur. Est-ce cela vous dérange si je la retire?
14220	corpus-6-train	FR	Ma voiture a heurté un lampadaire.
14221	corpus-6-train	FR	Nous écrivons des cartes de vœux pour la nouvelle année et nous les postons. Elles arrivent le premier janvier.
14222	corpus-6-train	FR	Juste à point, s'il vous plaît.
14223	corpus-6-train	FR	Peu de Japonais envoient des cartes de Noël, mais ils rédigent, peignent, estampent et impriment des millions de cartes de vœux qu'ils envoient année après année.
14224	corpus-6-test-corpus-26-train	FR	Je viens de l'acheter à l'instant.
14227	corpus-6-train	FR	Pouvez-vous le mettre par écrit?
14228	corpus-6-dev	FR	Est-ce que tu vas suivre des cours?
14229	corpus-6-train	FR	Je cherche du parfum.
14230	corpus-6-train	FR	Dans quelle direction est-il parti?
14231	corpus-6-train	FR	Voici dix dollars, et un dollar cinquante pour le pourboire.
14232	corpus-6-test-corpus-26-train	FR	Je vous en apporte un tout de suite.
14234	corpus-6-train	FR	Je suis Yoko Suzuki de la Compagnie Universal.
14235	corpus-6-test-corpus-26-train	FR	Huit dollars. Et en voilà un tout de suite.
14237	corpus-6-train	FR	Le taux de change n'est pas très bon, mais je crois que je n'ai pas le choix.
14239	corpus-6-train	FR	C'est pour toi.
14242	corpus-6-test-corpus-26-train	FR	Veuillez le montrer aux douanes de l'aéroport avec les articles que vous avez achetés.
14244	corpus-6-dev	FR	Tournez à droite au deuxième angle et vous en trouverez un.
14245	corpus-6-train	FR	Comment est la nourriture?
14248	corpus-6-train	FR	Vous avez acheté plus que ce qui est autorisé.
14250	corpus-6-train	FR	La fenêtre est sale.
14251	corpus-6-train	FR	Voulez-vous une assurance qui couvrirait à la fois les accidents et la responsabilité civile?
14253	corpus-6-train	FR	Ils le trouveront demain.
14255	corpus-6-train	FR	J'ai des problèmes pour ouvrir la porte. Pouvez-vous changer la carte de ma chambre?
14260	corpus-6-train	FR	Je voudrais en avoir une à l'avant de l'avion.
14261	corpus-6-test-corpus-26-train	FR	Est-ce qu'il y a des soldes en ce moment dans les magasins?
14262	corpus-6-train	FR	La cabine d'essayage se trouve derrière le comptoir du service client.
14265	corpus-6-test-corpus-26-train	FR	Opératrice, passez-moi la caserne des pompiers.
14266	corpus-6-test-corpus-26-train	FR	Ma pile est morte.
14268	corpus-6-train	FR	Je dois revenir en arrière sur combien d'arrêts de bus?
14271	corpus-6-train	FR	Ce n'est pas bien.
14272	corpus-6-train	FR	Non, je vous en prie. C'est seulement pour mon usage personnel.
14273	corpus-6-train	FR	Je voudrais louer une voiture à transmission automatique, s'il vous plaît.
14276	corpus-6-train	FR	Est-ce que je peux descendre à l'hôtel?
14277	corpus-6-train	FR	Une couverture supplémentaire, s'il vous plaît.
14279	corpus-6-train	FR	Je voudrais retenir une chambre pour les vingt-trois et vingt-quatre août.
14280	corpus-6-train	FR	Où se trouve le photographe le plus proche?
14281	corpus-6-train	FR	De la glace, je vous prie.
14282	corpus-6-dev	FR	Vous pouvez le prendre juste derrière cette porte.
14284	corpus-6-train	FR	Mon passeport n'est plus là. Il n'est pas dans ma valise. Je dois partir demain matin pour Tokyo.
14288	corpus-6-train	FR	Je voudrais retenir pour dix-huit heures ce soir.
14289	corpus-6-test-corpus-26-train	FR	Arrêt au prochain croisement.
14290	corpus-6-train	FR	Pourriez-vous nous apporter une autre assiette?
14291	corpus-6-train	FR	Quel est le prix pour aller d'ici à la Gare du Sud?
14292	corpus-6-test-corpus-26-train	FR	Oh, le voilà. Et est-ce que tout le monde doit remplir le formulaire de douane?
14293	corpus-6-train	FR	Est-ce que je peux voir cette boucle d'oreille?
14296	corpus-6-train	FR	Je voudrais partir aussitôt que possible.
14298	corpus-6-train	FR	Pourriez-vous me trouver un endroit adéquat pour la plongée, s'il vous plaît?
14300	corpus-6-train	FR	Le nom et le numéro de votre groupe, je vous prie?
14302	corpus-6-train	FR	J'ai pris le train de midi cinquante qui partait de San diego.
14304	corpus-6-test-corpus-26-train	FR	Et pourriez-vous me donner votre nom, je vous prie?
14305	corpus-6-train	FR	Je n'arrive pas à trouver de savon.
14306	corpus-6-test-corpus-26-train	FR	Est-ce que cela vous dérange si je passe un appel en PCV?
14308	corpus-6-train	FR	A quelle heure le prochain train pour Chicago part-il?
14311	corpus-6-test-corpus-26-train	FR	Bonjour. Comment allez-vous?
14313	corpus-6-train	FR	Je voudrais passer un appel au Japon en le réglant avec ma carte de crédit, s'il vous plaît.
14314	corpus-6-train	FR	J'ai été agressé au coin de Beachwalk. Venez vite, je vous en supplie.
14316	corpus-6-train	FR	Tout d'abord, je dois vous remercier infiniment du programme parfait que vous m'avez préparé.
14317	corpus-6-test-corpus-26-train	FR	Où est le rayon voyages?
14319	corpus-6-train	FR	Bien sûr, ce fond peut s'agrandir et se réduire à votre gré.
14321	corpus-6-train	FR	Qu'est-ce qui se joue cette semaine?
14324	corpus-6-train	FR	Avec du citron, si vous en avez, et du sucre.
14326	corpus-6-train	FR	Pourriez-vous m'aider à transporter cette valise?
14327	corpus-6-train	FR	C'est un remède pour la digestion que je prends d'habitude.
14330	corpus-6-train	FR	Non, mais si vous voulez utiliser un casier, cela coûte deux dollars. Veuillez régler cette somme à la réception.
14331	corpus-6-train	FR	Je voudrais un sandwich au pain de seigle avec de la laitue, du jambon et du fromage.
14335	corpus-6-train	FR	Comment est-ce que j'y retourne?
14336	corpus-6-test-corpus-26-train	FR	Quel est le nom de la personne à qui vous souhaitez parler?
14337	corpus-6-train	FR	Elle va tous les jours à l'école en train.
14339	corpus-6-train	FR	Je voudrais du sucre, s'il vous plaît.
14341	corpus-6-train	FR	Quand cette visite débute-t-elle?
14345	corpus-6-train	FR	Quel est le cours pour les débutants?
14346	corpus-6-train	FR	Pourriez-vous me rédiger un rapport?
14347	corpus-6-test-corpus-26-test	FR	Je suis désolé, il est absent pour le moment.
14350	corpus-6-dev	FR	Aucun problème. Nous avons tout le temps.
14351	corpus-6-train	FR	J'ai une écharde dans le doigt. Pouvez-vous me donner une pince à épiler, s'il vous plaît?
14354	corpus-6-train	FR	Quelle est la température?
14355	corpus-6-train	FR	Je pense qu'il y a une erreur.
14357	corpus-6-train	FR	Comment voulez-vous régler, en liquide ou par carte?
14358	corpus-6-train	FR	Est-ce que cela vous dérangerait d'attendre quelques minutes de plus?
14360	corpus-6-train	FR	Pourriez-vous remplir ce formulaire d'assurance santé, je vous prie?
14361	corpus-6-dev	FR	Quel est le plus populaire?
14363	corpus-6-test-corpus-26-train	FR	Regardez ça. Regardez ça. Vous allez me dire que la différence entre cet homme-ci et celui-là, c'est une question de chance? Mohammed, arrêtez-vous, s'il vous plaît. Ca ne vous gêne pas si je vous dépose ici. Je suis en retard. Ca a été sympa de se rencontrer, pas vrai?
14364	corpus-6-train	FR	Merci.
14365	corpus-6-train	FR	Merci pour votre aide.
14368	corpus-6-train	FR	De huit heures à vingt heures quinze.
14370	corpus-6-train	FR	Est-ce que vous avez la même chose en marron foncé?
14371	corpus-6-train	FR	Ça dépend de la synchronisation.
14372	corpus-6-train	FR	Quand va-t-il revenir?
14373	corpus-6-test-corpus-26-dev	FR	Est-ce que votre chambre donne sur la ville?
14374	corpus-6-train	FR	Il me faut mon passeport.
14375	corpus-6-train	FR	Heureux de faire votre connaissance.
14380	corpus-6-train	FR	J'ai égaré mon billet d'avion.
14381	corpus-6-train	FR	Je voudrais prendre la même chose que la personne à la table là-bas.
14384	corpus-6-train	FR	Veuillez activer la clé de ma carte.
14385	corpus-6-train	FR	En fait, j'ai mes règles. Est-ce que ça pose un problème?
14387	corpus-6-dev	FR	Ça s'est passé entre Charing Cross et Green Park.
14388	corpus-6-train	FR	Halte.
14389	corpus-6-test-corpus-26-train	FR	Des messages pour moi?
14390	corpus-6-train	FR	Merci. Pouvez-vous me donner un reçu, s'il vous plaît?
14396	corpus-6-train	FR	Pouvez-vous le pointer sur cette carte?
14397	corpus-6-train	FR	Treize heures ou seize heures.
14398	corpus-6-train	FR	Veuillez tracer une carte ici.
14399	corpus-6-train	FR	Pourriez-vous l'arranger?
14400	corpus-6-test-corpus-26-test	FR	C'est toujours trop cher. Est-ce que je ne pourrais pas l'avoir pour trois dollars?
14401	corpus-6-train	FR	Vous voyez, l'eau du bain n'est pas assez chaude.
14402	corpus-6-test-corpus-26-train	FR	Nous voudrions une chambre à l'arrière.
14403	corpus-6-test-corpus-26-dev	FR	Je prendrai un verre de vin.
14404	corpus-6-train	FR	Pourriez-vous me donner un analgésique?
14405	corpus-6-train	FR	Nous sommes ici en visite. Notre fils vit à Seattle.
14407	corpus-6-train	FR	Si vous en avez, je voudrais une automatique.
14408	corpus-6-train	FR	Le casque ne marche pas très bien. Pouvez-vous m'en donner un autre?
14410	corpus-6-train	FR	Vous êtes très jolie.
14412	corpus-6-train	FR	Est-ce qu'il y a des motels près d'ici? Veuillez me tracer un plan.
14413	corpus-6-train	FR	"Est-ce que vous avez encore des billets pour ""Big River"" ce soir?"
14415	corpus-6-train	FR	Ils sont presque similaires.
14416	corpus-6-test-corpus-26-train	FR	Tu es très belle.
14418	corpus-6-train	FR	Quel est le tissu de ce complet?
14419	corpus-6-train	FR	C'est deux heures avant le départ.
14424	corpus-6-train	FR	Nous voulons partager cette commande à trois.
14426	corpus-6-test-corpus-26-test	FR	Je voudrais une chambre double. Combien coûte-t-elle pour la nuit?
14430	corpus-6-dev	FR	Des fruits, je vous prie.
14431	corpus-6-train	FR	C'est important.
14432	corpus-6-train	FR	Veuillez les laisser à l'extérieur.
14434	corpus-6-test-corpus-26-train	FR	C'est à environ quatre-vingt-dix-neuf milles.
14435	corpus-6-train	FR	Bonjour. J'ai rendez-vous avec le Dr. Drille à quinze heures aujourd'hui, mais j'ai bien peur d'être légèrement en retard. Est-ce que cela ira?
14437	corpus-6-train	FR	Avez-vous quelque chose avec des clefs?
14438	corpus-6-train	FR	Les places S sont toutes vendues, mais il nous reste des places A.
14439	corpus-6-train	FR	Nous voulons partager ce plat. Pourriez-vous nous apporter des petites assiettes?
14440	corpus-6-train	FR	J'ai l'estomac à l'envers.
14441	corpus-6-test-corpus-26-train	FR	Vince et Linda veulent rester seuls, donc je crains de devoir rester ici ce soir.
14444	corpus-6-test-corpus-26-train	FR	Veuillez garder ces bagages en dépôt de douane.
14447	corpus-6-train	FR	Diminuez le prix.
14448	corpus-6-test-corpus-26-train	FR	Je m'appelle Sato.
14451	corpus-6-train	FR	Pourrais-je parler à une opératrice japonaise?
14452	corpus-6-train	FR	Je voudrais savoir combien coûte un appel pour New York.
14453	corpus-6-train	FR	Pas vraiment, je le crains. Vous prenez le métro ici à vos risques et périls, pour ainsi dire.
14454	corpus-6-train	FR	"Pour ceux qui ont fini le travail, la gratitude est exprimée par un ""Merci beaucoup""."
14455	corpus-6-train	FR	Ils se sont enfuis avec un collier de perles et d'autres objets de valeur.
14457	corpus-6-test-corpus-26-train	FR	Je connais un vieux club de jazz en ville.
14459	corpus-6-test-corpus-26-train	FR	Je vais prendre cette table d'hôte.
14461	corpus-6-train	FR	Allez-vous me montrer le chemin pour l'hôpital?
14462	corpus-6-test-corpus-26-dev	FR	Je voudrais goûter au même plat que celui-là.
14463	corpus-6-train	FR	Je veux aller à la Tour de Londres.
14464	corpus-6-train	FR	Je voudrais bien descendre ici.
14466	corpus-6-train	FR	Puis-je avoir un certificat médical?
14467	corpus-6-train	FR	Voici une photocopie de mon billet.
14468	corpus-6-train	FR	C'est une voiture compacte bleue, plaque minéralogique KAY trois cent quinze et numéro d'enregistrement PRI quatre mille cinq cent soixante.
14471	corpus-6-train	FR	Est-ce que vous allez me faire un petit rabais?
14472	corpus-6-dev	FR	Pratiquez-vous des sports?
14473	corpus-6-train	FR	Il y a une forte demande pour ce style parmi les collectionneurs.
14474	corpus-6-train	FR	Nous avons des prises et des interrupteurs de notre pays, mais pas de transformateurs. Je vous suggère d'aller dans un magasin spécialisé dans les articles pour touristes.
14475	corpus-6-test-corpus-26-train	FR	Alors nous allons le prendre.
14476	corpus-6-train	FR	Est-ce que je peux te voir demain après-midi?
14477	corpus-6-test-corpus-26-train	FR	Est-ce qu'il monte jusqu'au sixième étage?
14478	corpus-6-test-corpus-26-dev	FR	En peau d'alligator?
14479	corpus-6-train	FR	Prenez garde.
14480	corpus-6-train	FR	Deux crèmes de tomate, s'il vous plaît.
14482	corpus-6-dev	FR	Est-ce qu'on peut y aller à pied? Ou est-ce que c'est trop loin pour marcher?
14483	corpus-6-test-corpus-26-train	FR	Veuillez le mettre dans le sac à linge et le laisser là.
14484	corpus-6-test-corpus-26-train	FR	Je voudrais faire développer cette pellicule. Quand sera-t-elle prête?
14485	corpus-6-train	FR	"Oui. Je voudrais deux billets pour ""Un tramway nommé Désir"". Est-ce qu'il vous reste des billets pour la représentation de ce soir?"
14493	corpus-6-train	FR	Est-ce que c'est le bon vol?
14495	corpus-6-test-corpus-26-dev	FR	Ne donnez cette clef à personne d'autre que moi, s'il vous plaît.
14497	corpus-6-train	FR	Faites des exercices légers ainsi qu'un massage après avoir pris votre bain tous les jours.
14499	corpus-6-train	FR	Il n'y a qu'une seule sortie.
14500	corpus-6-test-corpus-26-test	FR	D'accord. Je viendrai vous prendre à votre hôtel à huit heures.
14502	corpus-6-test-corpus-26-train	FR	C'est bien près de la fenêtre.
14505	corpus-6-test-corpus-26-train	FR	Laissez mes franges tomber un peu plus, s'il vous plaît.
14507	corpus-6-test-corpus-26-train	FR	Est-ce que tous les frais de transport sont inclus?
14508	corpus-6-train	FR	J'ai peur que vous n'ayiez pas bien compris les dates.
14509	corpus-6-test-corpus-26-train	FR	Metropolitan Opera House.
14510	corpus-6-train	FR	Mon ami vient ici pour me récupérer, donc ça va.
14511	corpus-6-train	FR	Il y a trop de bruit dans cette chambre.
14512	corpus-6-train	FR	Je n'ai pas le courage de porter quelque chose comme ça.
14514	corpus-6-test-corpus-26-train	FR	Où se trouve le comptoir de location de voitures?
14515	corpus-6-train	FR	Les arbres gingko sont très beaux lorsque leurs feuilles jaunissent en automne.
14517	corpus-6-dev	FR	Je fais une fête ce soir. Alors coiffez-moi, s'il vous plaît.
14518	corpus-6-train	FR	Est-ce que vous me demandez si nous prévoyons de commencer à vendre nos produits aux Etats-Unis?
14519	corpus-6-test-corpus-26-dev	FR	Je me sens fiévreux depuis hier soir.
14520	corpus-6-test-corpus-26-train	FR	Ce n'est pas à mon goût.
14521	corpus-6-dev	FR	Comment prononcez-vous le nom de cet endroit?
14524	corpus-6-train	FR	Veuillez le prélever sur ma Master Card.
14525	corpus-6-dev	FR	A combien se monte votre budget publicitaire?
14528	corpus-6-train	FR	Où sont les toilettes?
14529	corpus-6-train	FR	J'aimerais bien dormir.
14530	corpus-6-test-corpus-26-train	FR	Quels légumes avez-vous?
14531	corpus-6-test-corpus-26-test	FR	Je voudrais une permanente légère je vous prie.
14534	corpus-6-test-corpus-26-train	FR	Quand va venir le médecin?
14535	corpus-6-train	FR	J'ai bien peur qu'elle ne retarde environ trois minutes.
14537	corpus-6-test-corpus-26-train	FR	Ce n'est pas la bonne couleur.
14538	corpus-6-test-corpus-26-train	FR	La dent s'est cassée.
14542	corpus-6-test-corpus-26-train	FR	Une place près du couloir ou près de la fenêtre?
14543	corpus-6-train	FR	Vous ne pouvez pas faire de régime avec une silhouette aussi svelte que la vôtre.
14544	corpus-6-train	FR	Je serai en retard à la réunion de quinze minutes.
14545	corpus-6-train	FR	Avec le nom du magasin, s'il vous plaît. Je vais m'en servir pour ma réclamation d'assurance.
14547	corpus-6-train	FR	C'est pour mon usage personnel.
14551	corpus-6-dev	FR	Je voudrais un endroit où l'on peut manger de la cuisine locale.
14552	corpus-6-train	FR	Je désirerais un trépied, s'il vous plaît.
14555	corpus-6-train	FR	Je veux un sac moins cher.
14556	corpus-6-train	FR	J'ai soudain eu de terribles douleurs dans le dos.
14557	corpus-6-test-corpus-26-train	FR	Je me suis mis à la randonnée.
14561	corpus-6-dev	FR	Je désirerais partir aussi vite que possible. Est-ce qu'il y a un vol qui part plus tôt?
14562	corpus-6-dev	FR	Merci pour tous vos pourboires. Vous êtes très aimable.
14564	corpus-6-test-corpus-26-dev	FR	Pouvez-vous monter mes bagages dans ma chambre?
14565	corpus-6-train	FR	Quel genre de modèle voulez-vous?
14566	corpus-6-train	FR	Que diriez-vous de dix livres pour trois?
14567	corpus-6-train	FR	Continuez à descendre le long de cette rue jusqu'à ce que vous arriviez à un petit parc.
14568	corpus-6-train	FR	J'aimerais bien.
14569	corpus-6-train	FR	A quelle couleur pensez-vous?
14570	corpus-6-dev	FR	Nous aimerions avoir une table près de la fenêtre.
14571	corpus-6-train	FR	Je suis navré mais tout est vendu.
14573	corpus-6-test-corpus-26-train	FR	Montrez-m'en un pour une jeune fille.
14574	corpus-6-train	FR	Donc tout autour de vous est nouveau pour vous, n'est-ce pas?
14576	corpus-6-train	FR	Est-ce que je peux jeter un coup d'œil?
14578	corpus-6-train	FR	Hum, quels aspects particuliers de ce pays vous attirent plus particulièrement?
14579	corpus-6-train	FR	Pourriez-nous garder notre chambre pendant environ trente minutes après l'heure de départ réglementaire?
14580	corpus-6-train	FR	Désolé, faux numéro.
14582	corpus-6-train	FR	Une table beaucoup plus grande, s'il vous plaît.
14585	corpus-6-train	FR	Bien sûr, ce n'est rien. Ne vous inquiétez pas. J'espère que vous ferez plus attention la prochaine fois.
14586	corpus-6-train	FR	Vous voulez me montrer comment allumer la lumière?
14587	corpus-6-train	FR	Veuillez me montrer celui en vitrine.
14590	corpus-6-test-corpus-26-train	FR	Pouvez-vous tirer par ici?
14591	corpus-6-train	FR	Y a-t-il des changements dans votre emploi du temps?
14592	corpus-6-train	FR	Je vais servir.
14593	corpus-6-test-corpus-26-dev	FR	Est-ce que vous avez quelque chose pour quatre-vingt dollars?
14595	corpus-6-train	FR	Et la plupart des rues n'ont pas de nom ni de panneau. Il est donc très difficile de se rendre dans un lieu rien qu'avec l'adresse.
14597	corpus-6-train	FR	C'est un artiste arnaqueur, alors soyez vigilant.
14598	corpus-6-train	FR	Veuillez me donner une crème solaire.
14600	corpus-6-train	FR	Veuillez m'appeler un taxi.
14601	corpus-6-train	FR	Est-ce que c'est frais?
14602	corpus-6-train	FR	Combien ça coûte de l'heure pour louer un court?
14604	corpus-6-train	FR	Je vais vous donner deux dollars pour que cela fasse deux cent dollars.
14605	corpus-6-test-corpus-26-train	FR	J'ai soif.
14606	corpus-6-train	FR	Est-ce que c'est sur la gauche ou sur la droite?
14607	corpus-6-train	FR	Je veux un pantalon.
14608	corpus-6-train	FR	Je veux seulement faire une promenade pour me détendre.
14609	corpus-6-train	FR	Est-ce que je peux le facturer?
14610	corpus-6-train	FR	Combien ça coûte pour l'envoyer par avion au Japon?
14611	corpus-6-train	FR	Est-ce je pourrais prendre deux cartouches de Seven Stars?
14612	corpus-6-test-corpus-26-train	FR	Pas de lait, s'il vous plaît.
14613	corpus-6-train	FR	Connaissez-vous le numéro de votre billet, votre agence de voyages, la date d'émission et la méthode de paiement?
14614	corpus-6-train	FR	Combien coûte la chambre pour la nuit?
14615	corpus-6-train	FR	Vous avez gagné. Cinq, ce sera très bien.
14616	corpus-6-dev	FR	Je veux retourner à l'hôtel pour trouver mon appareil photo.
14617	corpus-6-train	FR	C'est une question de vie ou de mort.
14618	corpus-6-train	FR	Vous devriez prendre un taxi, puisqu'il n'y a aucun transport public.
14619	corpus-6-train	FR	Il y a douze équipes de base-ball au Japon.
14622	corpus-6-train	FR	C'est le troisième pâté de maisons sur votre gauche.
14623	corpus-6-dev	FR	Je voudrais passer un appel à Tokyo de poste à poste, s'il vous plaît.
14626	corpus-6-train	FR	Je veux les rencontrer.
14627	corpus-6-train	FR	Est-ce que tu voudrais bien jouer au tennis avec moi la semaine prochaine?
14630	corpus-6-train	FR	Est-ce que nous devrions continuer dans celui-là?
14631	corpus-6-train	FR	Excusez-moi, je cherche une veste en cuir.
14632	corpus-6-train	FR	Quel bon repas.
14634	corpus-6-train	FR	Quel magasin de vêtements conseilleriez-vous?
14637	corpus-6-train	FR	Est-ce que je pourrais avoir du pain de viande et annuler le steak que j'ai commandé?
14638	corpus-6-train	FR	Nous aimerions faire une partie tous les trois. Combien ça va coûter?
14642	corpus-6-train	FR	J'arriverai une demi-heure avant l'horaire prévu.
14643	corpus-6-train	FR	Merci de votre appel.
14644	corpus-6-train	FR	Des cigares, si vous en avez, s'il vous plaît. A combien sont-ils?
14646	corpus-6-train	FR	Je voudrais un appel-réveil.
14648	corpus-6-dev	FR	Lequel est le Jungfrau?
14650	corpus-6-dev	FR	Pouvez-vous terminer en une demi-heure?
14652	corpus-6-train	FR	Je voudrais l'itinéraire du bus, s'il vous plaît.
14653	corpus-6-train	FR	Vous êtes responsable de l'accident.
14659	corpus-6-train	FR	Allez tout droit le long de cette rue sur environ cinq pâtés de maisons. Il y a une pharmacie au coin. En y arrivant, tournez à droite. Vous le verrez juste à votre gauche.
14660	corpus-6-train	FR	Veuillez parler plus lentement.
14661	corpus-6-train	FR	Qu'est-ce qu'il y aura comme spectacle la semaine prochaine, je vous prie?
14662	corpus-6-train	FR	Nous pensons qu'il nous faudra neuf heures.
14665	corpus-6-train	FR	Je suis impatient de voir la relève de la garde.
14666	corpus-6-train	FR	Ouah. Tout le monde danse comme des dingues.
14667	corpus-6-train	FR	Comme nous sommes avec un enfant, est-ce que nous pouvons rester à bord?
14669	corpus-6-train	FR	Qu'est-ce qu'il y a au Théâtre National?
14670	corpus-6-train	FR	Est-ce que je peux avoir une chambre pour ce soir?
14674	corpus-6-dev	FR	Oui, je rapporte une poupée japonaise pour mon amie.
14675	corpus-6-train	FR	Le comptoir de la Japan Airline, où est-il?
14677	corpus-6-train	FR	Quel concert génial. Tu as aimé?
14678	corpus-6-train	FR	Je voudrais déclarer cet article.
14681	corpus-6-train	FR	Enchanté de te rencontrer aussi, Bobby. Est-ce que tu veux venir à la piscine avec nous?
14683	corpus-6-test-corpus-26-dev	FR	J'ai trois sacs.
14685	corpus-6-test-corpus-26-train	FR	Où est le lac?
14686	corpus-6-train	FR	Je ne veux pas manger maintenant.
14687	corpus-6-train	FR	Je voudrais des œufs sur le plat.
14688	corpus-6-train	FR	Veuillez élargir la taille de trois centimètres.
14689	corpus-6-train	FR	Je suis à la recherche d'un souvenir intéressant de Las Vegas.
14690	corpus-6-train	FR	Ce n'est pas ce que j'ai commandé.
14691	corpus-6-train	FR	Où étudies-tu? Est-ce que tu étudies dans la pièce là-bas, ou est-ce que tu vas à la bibliothèque?
14693	corpus-6-test-corpus-26-test	FR	Excusez-moi. Appuyez sur l'obturateur, je vous prie.
14696	corpus-6-train	FR	Ouais, mais vous n'êtes pas un gentleman, non?
14697	corpus-6-train	FR	Je voudrais de nouvelles lentilles.
14699	corpus-6-train	FR	Il me faut un peu plus de temps.
14701	corpus-6-train	FR	Quelle est l'heure de début du spectacle?
14702	corpus-6-train	FR	Je vais prendre celui-là.
14705	corpus-6-train	FR	Je veux faire du shopping dans cette ville. Est-ce qu'il y a un grand magasin ou un centre commercial particulièrement bien?
14706	corpus-6-train	FR	Je n'ai pas beaucoup de temps. Est-ce que ça va être long?
14707	corpus-6-dev	FR	Ce sont des typhons. Ils causent beaucoup de dégâts lorsqu'ils frappent le Japon.
14709	corpus-6-test-corpus-26-train	FR	Pourrais-je avoir un magazine ou quelque chose comme ça?
14710	corpus-6-train	FR	Je crois que oui. Je vais vérifier et je vous reviens.
14711	corpus-6-train	FR	Dites-moi, M. Morita, est-ce que votre épouse vous accompagne à New York?
14712	corpus-6-train	FR	Vous changez de train à la troisième station.
14713	corpus-6-train	FR	Quel bus va à la gare centrale?
14714	corpus-6-train	FR	Nous ne sommes mariés que depuis deux jours.
14717	corpus-6-dev	FR	Je veux une réplique du modèle de Lee Riders dix-neuf quarante-quatre cent-un.
14718	corpus-6-test-corpus-26-train	FR	C'est vers le Sud.
14719	corpus-6-train	FR	Excusez-moi, est-ce que ce sera encore long pour notre repas?
14720	corpus-6-train	FR	Je préfère la cuisine italienne.
14721	corpus-6-test-corpus-26-train	FR	A combien sont ces places au balcon?
14722	corpus-6-train	FR	Si vous vous perdez, vous pouvez demander là-bas, au bureau d'information.
14723	corpus-6-train	FR	Est-ce que vous pourriez les emballer séparément?
14729	corpus-6-train	FR	Nous allons décoller dans quelques minutes. Veuillez vous assurer que votre ceinture de sécurité est bien attachée.
14731	corpus-6-dev	FR	Oui, mais, je vous en prie, ne les laissez pas aller du côté le plus profond ni dans le jacuzzi.
14733	corpus-6-train	FR	Quand va se dérouler le championnat du monde?
14734	corpus-6-test-corpus-26-test	FR	Nous aimerions une chambre surplombant le lac.
14737	corpus-6-test-corpus-26-train	FR	Est-ce qu'il y a des boîtes à lettres près d'ici?
14738	corpus-6-train	FR	Je veux acheter un porte-documents.
14740	corpus-6-train	FR	Où étais-tu passé?
14741	corpus-6-train	FR	Si j'avais insisté un peu plus, j'aurais pu l'avoir pour moins cher.
14742	corpus-6-train	FR	Lequel voulez-vous, celui à cinq livres ou celui à dix?
14743	corpus-6-train	FR	Je ne me sens pas bien. Puis-je voir le médecin du bateau?
14745	corpus-6-train	FR	Je suis grec.
14746	corpus-6-train	FR	Le goût vous plaît?
14747	corpus-6-dev	FR	A quelle heure ouvre le magasin?
14749	corpus-6-dev	FR	Il y en a un au fond de ce hall.
14752	corpus-6-train	FR	Je vais rester chez mon ami ce soir.
14753	corpus-6-train	FR	Je crains que votre compte ne soit à découvert.
14754	corpus-6-train	FR	Il est seize heures vingt.
14755	corpus-6-train	FR	Du porridge et deux œufs, avec des saucisses, et du thé au lait aussi.
14757	corpus-6-test-corpus-26-train	FR	D'accord. Je vais vous y emmener.
14758	corpus-6-train	FR	Voici l'adresse et le numéro de téléphone de mon hôtel. Pouvez-vous m'appeler à ce numéro dès que retrouverez mon sac?
14759	corpus-6-train	FR	Voulez-vous une table dans l'espace fumeur ou non fumeur?
14761	corpus-6-test-corpus-26-train	FR	La partie écrite en italique fait référence aux changements qui se sont produits dans les années mille neuf cent quatre-vingt dix.
14762	corpus-6-train	FR	Aujourd'hui, je voudrais manger beaucoup de légumes.
14763	corpus-6-test-corpus-26-train	FR	Il a trente ans.
14764	corpus-6-train	FR	J'ai mes papiers d'identité. Est-ce que mon permis de conduire suffit?
14766	corpus-6-train	FR	C'est trente dollars la demi-journée et cinquante la journée complète.
14770	corpus-6-train	FR	Une planche de surf coûte vingt-cinq dollars pour deux heures et quarante pour la journée entière.
14772	corpus-6-train	FR	Il fait trop chaud. Pourriez-vous régler la climatisation?
14774	corpus-6-train	FR	Quel est le cours du yen aujourd'hui?
14775	corpus-6-dev	FR	C'est Sugita de la chambre mille trois cent vingt. Je viens d'arriver, mais cette chambre est plus petite que je ne m'y attendais. Pouvez-vous la changer?
14777	corpus-6-test-corpus-26-test	FR	D'accord. Pourriez-vous écrire une nouvelle fois l'adresse sur cette enveloppe?
14778	corpus-6-train	FR	Est-ce que le bus de la Cinquième Avenue s'arrête ici?
14781	corpus-6-train	FR	J'ai du liquide pour payer les repas de trois jours.
14783	corpus-6-test-corpus-26-train	FR	Je voudrais aller chez Harrod's. Pouvez-vous me tracer un plan, s'il vous plaît?
14784	corpus-6-train	FR	Où est-ce que je peux acheter des articles d'artisanat?
14786	corpus-6-test-corpus-26-train	FR	Que faites-vous quand vous avez du temps libre?
14787	corpus-6-train	FR	Comment est-ce que je peux passer un appel international?
14788	corpus-6-train	FR	Quels sont les sports populaires au Japon?
14789	corpus-6-test-corpus-26-train	FR	Est-ce que vous vendez des piles pour cet appareil photo?
14790	corpus-6-train	FR	Pourriez-vous, je vous prie, me faxer un plan pour me rendre à votre bureau?
14791	corpus-6-train	FR	Est-ce que vous avez choisi, madame?
14792	corpus-6-train	FR	Nous vous conseillons de choisir la visite de la ville de Boston. Elle vous donnera l'occasion de découvrir les principaux points d'intérêt dans la ville.
14794	corpus-6-train	FR	J'essaie de trouver cette adresse sur la carte.
14796	corpus-6-train	FR	Allô? C'est bien Boston Insurance?
14797	corpus-6-train	FR	Est-ce qu'il y a, dans cet hôtel, un institut de beauté?
14798	corpus-6-train	FR	C'était un repas on ne peut plus délicieux.
14799	corpus-6-train	FR	Voilà, il a tout gâché.
14801	corpus-6-train	FR	Quelle partie de l'Autriche?
14805	corpus-6-test-corpus-26-train	FR	Je voudrais un déclencheur souple.
14807	corpus-6-test-corpus-26-train	FR	Est-ce que vous êtes le dernier dans cette file?
14809	corpus-6-train	FR	Où va ce train?
14810	corpus-6-test-corpus-26-train	FR	Je crois que c'est surbooké.
14813	corpus-6-test-corpus-26-train	FR	Beau tir. Mais raté.
14814	corpus-6-train	FR	Est-ce que je peux me servir de votre téléphone?
14815	corpus-6-train	FR	Quelle est la longueur maximale autorisée pour un paquet à envoyer par la poste?
14816	corpus-6-train	FR	A vingt heures trente si possible.
14818	corpus-6-test-corpus-26-train	FR	Pouvez-vous me dire quels sont les endroits intéressants ici?
14820	corpus-6-test-corpus-26-train	FR	Est-ce qu'il y a de grands magasins dans les environs?
14821	corpus-6-train	FR	Une table pour deux, je vous prie.
14823	corpus-6-train	FR	Pouvez-vous me dire s'il existe de bons restaurants de fruits de mer par ici?
14824	corpus-6-train	FR	OK. L'Empire State Building est juste sur cette route. Ce que vous devez faire, c'est aller à l'arrêt de bus là-bas au coin et prendre le bus jusqu'en bas. Il se trouvera sur votre droite.
14825	corpus-6-train	FR	Quel est son prix?
14829	corpus-6-train	FR	Qu'est-ce que vous préférez comme dessert, de la glace ou du sorbet?
14835	corpus-6-train	FR	Ce n'est pas possible avec mon budget.
14837	corpus-6-train	FR	Est-ce que nous devons commander un menu complet?
14840	corpus-6-train	FR	Non, nous ne sommes pas encore prêts.
14841	corpus-6-train	FR	J'ai retenu pour deux nuits.
14842	corpus-6-train	FR	Est-ce que vous avez du whisky?
14843	corpus-6-train	FR	Pouvez-vous m'avertir si vous trouvez mes bagages?
14844	corpus-6-train	FR	Puis-je voir votre permis de conduire, je vous prie?
14845	corpus-6-train	FR	Qui dois-je annoncer, s'il vous plaît?
14846	corpus-6-train	FR	Est-ce que ça me va?
14848	corpus-6-train	FR	Non, très peu. C'est peut-être l'une des raisons pour lesquelles les femmes ne restent pas dans une compagnie.
14849	corpus-6-train	FR	Combien de temps ça prend de refaire un passeport?
14852	corpus-6-train	FR	Un paquet-cadeau, je vous prie.
14853	corpus-6-train	FR	Ça s'améliore.
14854	corpus-6-test-corpus-26-dev	FR	Moi aussi.
14857	corpus-6-train	FR	Je vais prendre du beurre.
14859	corpus-6-train	FR	Je n'ai pas pris le bon bus.
14860	corpus-6-dev	FR	C'est gros?
14862	corpus-6-test-corpus-26-train	FR	Je voudrais vous rejoindre depuis San Francisco.
14863	corpus-6-test-corpus-26-train	FR	Je pensais suivre cette formation l'été prochain.
14866	corpus-6-train	FR	Pourriez-vous cuire un peu plus cette viande?
14867	corpus-6-train	FR	Veuillez appeler un médecin.
14871	corpus-6-train	FR	Je vais passer une radio.
14873	corpus-6-train	FR	Est-ce qu'il y un endroit où l'on peut échanger de l'argent?
14874	corpus-6-train	FR	Une permanente, j'aimerais bien.
14876	corpus-6-train	FR	Est-ce que je peux prendre des céréales?
14877	corpus-6-train	FR	Non, je ne peux pas aller me coucher à cause de cette mauvaise nouvelle.
14878	corpus-6-train	FR	Comment calculez-vous les frais d'annulation?
14879	corpus-6-train	FR	Notre voyage commence le vingt et un juillet et se termine le vingt-sept.
14881	corpus-6-train	FR	Ça ne m'intéresse pas.
14884	corpus-6-train	FR	Comment prononcez-vous le nom de cette gare?
14885	corpus-6-train	FR	Je paye pour moi-même.
14886	corpus-6-train	FR	Est-ce que le musée est ouvert aujourd'hui?
14887	corpus-6-test-corpus-26-train	FR	Le vin n'est pas assez frais. Pouvez-vous le rafraîchir?
14889	corpus-6-train	FR	Est-ce que je peux en voir une différente?
14890	corpus-6-train	FR	Comme ça, s'il vous plaît.
14895	corpus-6-train	FR	Je vais très bien aussi, merci.
14897	corpus-6-dev	FR	Combien de temps vas-tu rester à New York?
14899	corpus-6-train	FR	Est-ce que je peux annuler le dessert? J'ai vraiment trop mangé.
14901	corpus-6-test-corpus-26-dev	FR	Pouvez-vous transformer ces boucles d'oreilles pour les porter avec des clips?
14902	corpus-6-train	FR	Y a-t-il une navette d'aéroport qui dessert l'Hôtel Sheraton?
14903	corpus-6-test-corpus-26-train	FR	Qu'est-ce qui t'intéresse le plus en ce moment?
14905	corpus-6-test-corpus-26-train	FR	Je voudrais me faire rembourser. Pouvez-vous me redonner mon argent?
14907	corpus-6-train	FR	Oui. Numéro quatre cent quatre-vingt sept.
14910	corpus-6-train	FR	Un seul pour le moment.
14911	corpus-6-train	FR	Juste devant. Vous verrez le panneau. Vous ne pouvez pas le manquer.
14912	corpus-6-train	FR	Il faut que vous le portier au comptoir d'emballage cadeaux.
14915	corpus-6-train	FR	Combien de temps faudra-t-il pour le repasser?
14916	corpus-6-train	FR	J'espère que je pourrai visiter votre pays.
14918	corpus-6-train	FR	Parlez-moi franchement.
14919	corpus-6-train	FR	Quelle est la date de livraison?
14921	corpus-6-dev	FR	Tracez-moi un plan, je vous prie.
14923	corpus-6-train	FR	Je n'ai pas de réservation ici, mais est-ce que vous avez une chambre pour deux nuits?
14925	corpus-6-train	FR	Je veux partir tout de suite. Pouvez-vous descendre mes bagages?
14926	corpus-6-test-corpus-26-train	FR	Je ne pourrais trouver une boisson comme celle-ci nulle part ailleurs.
14927	corpus-6-train	FR	Par où est le sud?
14933	corpus-6-test-corpus-26-train	FR	En achetant ça aussi, vous atteignez la limite du montant hors taxe.
14935	corpus-6-train	FR	Pourriez-vous me donner une couverture, je vous prie?
14936	corpus-6-train	FR	Est-ce qu'il a dit que le prochain arrêt est la Vingt-troisième Rue?
14937	corpus-6-train	FR	Dois-je réserver pour le wagon-restaurant?
14939	corpus-6-train	FR	Bonsoir. Est-ce qu'il reste des tables pour deux?
14940	corpus-6-train	FR	Est-ce que vous avez des passe-temps?
14941	corpus-6-train	FR	Oui. Combien est-ce que je dois déposer à l'ouverture?
14942	corpus-6-train	FR	Oui, je boirai une bière pression avec les hors d'œuvres.
14945	corpus-6-train	FR	Veuillez nettoyer ce chemisier.
14946	corpus-6-train	FR	Est-ce qu'il y a des choses que vous souhaitez omettre?
14947	corpus-6-train	FR	Oui, je suis libre.
14948	corpus-6-train	FR	Qu'est-ce qui a été dérobé?
14951	corpus-6-train	FR	Il était grand et il avait les cheveux blonds.
14952	corpus-6-test-corpus-26-train	FR	Puis-je voir votre certificat de vaccination, je vous prie?
14954	corpus-6-train	FR	Quelles sont les cigarettes?
14956	corpus-6-train	FR	Posez une serviette dessus écrasez avec un marteau.
14957	corpus-6-train	FR	Le bus passe la nuit quand il y a moins de circulation. Il est donc rarement en retard.
14958	corpus-6-dev	FR	Je suis constipé depuis cinq jours.
14959	corpus-6-train	FR	Certainement. Je vais vous y emmener.
14960	corpus-6-test-corpus-26-train	FR	Est-ce vous voyagez beaucoup?
14964	corpus-6-dev	FR	Pouvez-vous me prêter un câble de remorquage?
14967	corpus-6-train	FR	Notre maison est très grande.
14969	corpus-6-test-corpus-26-train	FR	Je viens des Etats-Unis.
14970	corpus-6-train	FR	Est-ce que je peux avoir du thé au lieu du café?
14972	corpus-6-train	FR	Je ne crois pas que nous nous soyons déjà rencontrés.
14973	corpus-6-train	FR	Est-ce qu'il vous reste une carte postale?
14975	corpus-6-dev	FR	Est-ce que vous pourrez poster ça pour moi, s'il vous plaît?
14976	corpus-6-test-corpus-26-train	FR	J'ai un billet d'avion pour San Francisco.
14977	corpus-6-train	FR	Je voudrais du café.
14978	corpus-6-train	FR	Où est le Consulat du Japon?
14979	corpus-6-train	FR	Je voudrais du riz.
14981	corpus-6-train	FR	Oui, absolument. Voici le train. Bonne journée.
14984	corpus-6-dev	FR	Pourrais-je avoir un peu de moutarde?
14985	corpus-6-train	FR	Pourriez-vous envoyer un fax à ce numéro?
14986	corpus-6-train	FR	Est-ce qu'on ne pourrait pas se retrouver à quinze heures plutôt?
14987	corpus-6-dev	FR	J'ai du mal à relativiser quand je vais à l'étranger, et je gaspille mon argent à droite et à gauche.
14989	corpus-6-train	FR	De la tarte aux pommes, s'il vous plaît.
14990	corpus-6-train	FR	Vous avez combien de jours de congé payés par an?
14991	corpus-6-train	FR	Une table pour quatre, s'il vous plaît.
14993	corpus-6-train	FR	Dites.
14994	corpus-6-train	FR	Bon. Voulez-vous venir à la piscine avec moi?
14995	corpus-6-train	FR	Ce serait génial. Depuis le temps que j'attends l'occasion de le faire!
14996	corpus-6-train	FR	Je propose de porter un toast à M. William.
14997	corpus-6-train	FR	Merci, je n'y manquerai pas. On espère bien vous voir chez nous aussi un jour.
14998	corpus-6-test-corpus-26-train	FR	Si la gare n'est qu'à quinze minutes, j'irai à pied.
14999	corpus-6-train	FR	J'aimerais aller au musée A.
15001	corpus-6-train	FR	Je crois que je vais profiter de l'offre spéciale d'ABC Airlines pour Hawaï le mois prochain.
15004	corpus-6-train	FR	Je crois, oui. Tout se passera bien.
15005	corpus-6-dev	FR	Puis-je avoir deux billets pour Les Misérables le dix-sept juin?
15008	corpus-6-train	FR	Vous ne vendez que des livres neufs, ou bien des volumes d'occasion également?
15009	corpus-6-train	FR	Je veux envoyer une lettre au Japon.
15010	corpus-6-train	FR	Pendant que je me promenais sur Broadway.
15011	corpus-6-dev	FR	Je voudrais un récipient alimentaire.
15012	corpus-6-train	FR	Un aller simple en première classe pour Calais, s'il vous plaît.
15013	corpus-6-train	FR	Appelez-moi un taxi pour quatorze heures, s'il vous plaît.
15014	corpus-6-dev	FR	Très bien, merci. Et vous?
15016	corpus-6-train	FR	Y a-t-il quelque chose digne d'intérêt ici?
15019	corpus-6-test-corpus-26-train	FR	Je voudrais un hôtel un peu moins cher.
15020	corpus-6-test-corpus-26-test	FR	L'art du bonsaï, ça évoque une activité pour personnes âgées.
15021	corpus-6-train	FR	Veuillez prévenir le Consulat du Japon après l'avoir signalé à la police.
15023	corpus-6-train	FR	Est-ce que je peux tous les emporter? J'en ai vraiment besoin.
15024	corpus-6-test-corpus-26-dev	FR	Je n'ai pas encore décidé. Pouvez-vous me donner un peu plus de temps?
15025	corpus-6-test-corpus-26-train	FR	J'ai mal à la tête.
15027	corpus-6-train	FR	Voulez-vous boire quelque chose avec votre repas?
15028	corpus-6-train	FR	Donnez-moi trente litres.
15029	corpus-6-train	FR	Ah?
15031	corpus-6-train	FR	Est-ce qu'il y a un défilé demain?
15032	corpus-6-train	FR	Ça ne marche pas. Vous en avez un autre?
15033	corpus-6-train	FR	Ce n'est pas le bon article.
15034	corpus-6-train	FR	J'ai deux bouteilles de whisky.
15036	corpus-6-test-corpus-26-dev	FR	Et si nous allions prendre un café?
15037	corpus-6-test-corpus-26-train	FR	Je voudrais un certificat médical et un reçu pour mon assurance.
15038	corpus-6-train	FR	Migraine.
15040	corpus-6-train	FR	Des cadeaux pour mes amis.
15042	corpus-6-train	FR	J'ai mal à la poitrine.
15043	corpus-6-dev	FR	Il y a un réfrigérateur rempli de boissons à l'arrière de votre chariot.
15046	corpus-6-test-corpus-26-test	FR	Oh, non. S'il vous plaît, dépêchez-vous. Nous sommes en retard.
15048	corpus-6-train	FR	Je voudrais un verre d'eau, s'il vous plaît.
15050	corpus-6-train	FR	Ça revient cher de manger à l'hôtel, alors on va aller ailleurs.
15051	corpus-6-test-corpus-26-train	FR	Je ne veux pas dépenser plus de vingt dollars.
15053	corpus-6-train	FR	Où commence-t-on?
15054	corpus-6-train	FR	Excusez-moi, où se trouve le bureau de poste?
15055	corpus-6-train	FR	Montrez-moi les tarifs, s'il vous plaît.
15058	corpus-6-dev	FR	Vraiment? Je ne savais pas.
15059	corpus-6-train	FR	Deux places à dix dollars, s'il vous plaît.
15060	corpus-6-train	FR	Quelle cuisson pour votre viande?
15061	corpus-6-train	FR	Décrivez-moi ce que vous avez perdu, s'il vous plaît.
15062	corpus-6-test-corpus-26-train	FR	Pourquoi ne décolle-t-on pas? Dites-moi ce qui se passe.
15063	corpus-6-dev	FR	Quel est votre groupe sanguin?
15065	corpus-6-train	FR	Vous pouvez m'indiquer le chemin?
15066	corpus-6-train	FR	Je voudrais un hors-d'œuvre, s'il vous plaît.
15067	corpus-6-train	FR	Quel est le produit allégé qui se vend le mieux dans votre boutique?
15069	corpus-6-train	FR	Il faut que vous alliez à Vienne.
15073	corpus-6-test-corpus-26-test	FR	Combien coûte la course? Pourriez-vous inscrire le montant de la course sur un morceau de papier?
15074	corpus-6-train	FR	Pouvons-nous attendre qu'une table se libère?
15075	corpus-6-dev	FR	Hudson Street est bien le troisième arrêt?
15080	corpus-6-train	FR	Où se trouve le comptoir d'enregistrement de la Lufthansa?
15081	corpus-6-dev	FR	Prenez-nous en photo, s'il vous plaît.
15083	corpus-6-test-corpus-26-train	FR	Je voudrais louer un transat.
15086	corpus-6-train	FR	Veuillez inscrire votre nom et votre adresse ici.
15087	corpus-6-test-corpus-26-train	FR	Un instant, je vous prie.
15088	corpus-6-test-corpus-26-test	FR	Les dames doivent-elles porter une robe habillée?
15091	corpus-6-train	FR	De qui est cette œuvre?
15092	corpus-6-train	FR	Le noir me convient parfaitement.
15093	corpus-6-train	FR	Prenez-moi en photo, s'il vous plaît.
15095	corpus-6-test-corpus-26-train	FR	Ne me touchez pas.
15097	corpus-6-train	FR	J'aimerais contacter une société de location de voitures.
15098	corpus-6-train	FR	Une table près de la fenêtre, je vous prie.
15099	corpus-6-train	FR	Prévenez-moi quand nous serons arrivés à Boston.
15100	corpus-6-train	FR	Je voudrais un rouge sec, merci.
15101	corpus-6-dev	FR	Avez-vous gardé les numéros de vos chèques?
15102	corpus-6-train	FR	Je voudrais les meilleures places possibles.
15103	corpus-6-train	FR	Maintenant, vous devez vous rendre à la douane.
15109	corpus-6-test-corpus-26-train	FR	Vous avez des cigarettes?
15110	corpus-6-train	FR	Je préfère m'asseoir dans la partie avant de l'appareil.
15111	corpus-6-train	FR	Mon voyant de messages est allumé.
15112	corpus-6-train	FR	Vous devriez contacter le bureau d'informations dans le hall de l'hôtel. Il se chargera de la réservation.
15115	corpus-6-train	FR	Quel aérogare?
15116	corpus-6-train	FR	C'est un voleur.
15118	corpus-6-train	FR	Cette soupe a un goût prononcé.
15122	corpus-6-train	FR	Qu'y a-t-il dans le sac?
15123	corpus-6-test-corpus-26-train	FR	S'il n'y a pas trop de vent, on peut aller à Tiki Point.
15125	corpus-6-train	FR	C'est pour mon usage personnel.
15126	corpus-6-test-corpus-26-train	FR	Fantastique.
15129	corpus-6-train	FR	Je voudrais une pellicule pour ce type de lumière artificielle, s'il vous plaît.
15132	corpus-6-train	FR	C'est censé aider les personnes endeuillées à couvrir les dépenses d'obsèques.
15133	corpus-6-test-corpus-26-train	FR	Je vais fermer maintenant. Merci de votre attention.
15138	corpus-6-train	FR	Je suis navré. Je vous apporte votre thé tout de suite.
15139	corpus-6-train	FR	Excusez-moi. Pourrais-je avoir une couverture?
15141	corpus-6-train	FR	Vous me comprenez?
15142	corpus-6-train	FR	Très bien. Tournez à gauche à la prochaine. C'est juste en face.
15143	corpus-6-train	FR	Où peut-on se reposer?
15145	corpus-6-test-corpus-26-dev	FR	Est-ce que vous l'avez dans d'autres couleurs?
15147	corpus-6-train	FR	Les frais express sont-ils inclus?
15148	corpus-6-dev	FR	Où et quand puis-je me le procurer?
15149	corpus-6-test-corpus-26-train	FR	Qui est-ce?
15150	corpus-6-train	FR	A ton avis, qu'est-ce qui va le mieux avec ma peau, le vernis sombre ou le plus clair?
15151	corpus-6-train	FR	Merci. Ça veut dire qu'on va arriver tôt le matin. Vous pensez qu'on pourra prendre le métro pour aller au centre-ville?
15154	corpus-6-train	FR	De quelle sorte de substances est composé ce médicament?
15155	corpus-6-train	FR	Oui, j'ai une réservation pour une personne au nom de Matsui : M-A-T-S-U-I.
15156	corpus-6-train	FR	Avez-vous ce modèle en sandales?
15157	corpus-6-test-corpus-26-train	FR	Excusez-moi. Pourriez-vous me dire où je pourrais trouver une station de taxis?
15158	corpus-6-train	FR	Merci. Ah, je vois ce qui s'est passé.
15163	corpus-6-train	FR	Cet hôtel est à quelle distance?
15167	corpus-6-train	FR	Pouvez-vous me montrer sur un plan où ce trouve cette place, s'il vous plaît?
15168	corpus-6-train	FR	Il a dit qu'il vous rappellerait plus tard.
15169	corpus-6-dev	FR	Veuillez relever le dossier de votre siège.
15170	corpus-6-test-corpus-26-train	FR	Et à boire?
15172	corpus-6-train	FR	Est-ce que cette rue mène au grand magasin C&A?
15173	corpus-6-dev	FR	Désolé de vous déranger. Puis-je avoir un marqueur rouge?
15174	corpus-6-train	FR	Je voudrais prendre rendez-vous avec M. Watson.
15175	corpus-6-train	FR	Je vais vous montrer comment se servir de baguettes.
15179	corpus-6-train	FR	Excusez-moi, Monsieur l'agent. Pouvez-vous m'aider? Je n'arrive pas à trouver l'ABC National Museum.
15180	corpus-6-train	FR	Un serveur va venir prendre votre commande. Appelez-le dès que vous serez prêt à commander.
15181	corpus-6-test-corpus-26-train	FR	Le voici.
15183	corpus-6-train	FR	Non, je les sortirai.
15184	corpus-6-train	FR	Puis-je me servir d'un chèque-voyage?
15185	corpus-6-train	FR	Oui, bien sûr. De quelle sorte?
15186	corpus-6-train	FR	Qu'est-ce qu'il fait froid.
15188	corpus-6-train	FR	Je suis à l'aéroport Kennedy. Quel est le moyen le plus rapide pour se rendre à votre hôtel?
15190	corpus-6-train	FR	Vous êtes au seize A. Descendez cette allée, sur votre droite.
15191	corpus-6-train	FR	Pas de jeans ni de T-shirt, s'il vous plaît.
15192	corpus-6-train	FR	Vous le voulez comment? Je veux dire, que voulez-vous sur votre hamburger?
15194	corpus-6-train	FR	Etes-vous enceinte?
15196	corpus-6-dev	FR	Vous pouvez nous appeler un taxi?
15200	corpus-6-train	FR	Nous serions heureux d'accepter votre offre.
15201	corpus-6-test-corpus-26-train	FR	Où se trouve la quincaillerie la plus proche?
15204	corpus-6-train	FR	Je n'ai jamais fait ça auparavant.
15205	corpus-6-train	FR	Est-ce bien exact?
15206	corpus-6-test-corpus-26-train	FR	Hum. Ça ne marche pas, n'est-ce pas? Vous pouvez changer de place si vous le souhaitez.
15207	corpus-6-train	FR	Y a-t-il un livre en japonais?
15208	corpus-6-train	FR	Il est en commande suite à une rupture de stock.
15210	corpus-6-train	FR	Je préfère un restaurant végétarien.
15216	corpus-6-train	FR	Le verrou de la porte est cassé.
15220	corpus-6-train	FR	Oui, tenez.
15221	corpus-6-test-corpus-26-train	FR	Je recherche ceci.
15224	corpus-6-train	FR	Le cinq cent onze, soixante-douze soixante-treize à Los Angeles, s'il vous plaît.
15226	corpus-6-train	FR	Y a-t-il une excursion?
15232	corpus-6-train	FR	Quel médicament me recommandez-vous contre le rhume?
15234	corpus-6-train	FR	Je ne suis pas grand amateur de porc.
15235	corpus-6-train	FR	Notez ça sur la fiche de service, voulez-vous. Il y a un supplément.
15237	corpus-6-train	FR	Envoyez ce colis au Japon, je vous prie.
15238	corpus-6-train	FR	Je vais l'emporter.
15239	corpus-6-dev	FR	Je reviendrai.
15240	corpus-6-test-corpus-26-train	FR	Très bien, Monsieur. Et que prendrez-vous en dessert?
15243	corpus-6-train	FR	Puis-je rester dans l'avion pendant que nous attendons?
15245	corpus-6-train	FR	Certainement. Ce sera réparé à votre retour.
15246	corpus-6-test-corpus-26-train	FR	Coach ou Pullman?
15247	corpus-6-test-corpus-26-train	FR	En chèque de voyage? Merci. Voici votre billet et votre carte d'embarquement. Veuillez vous présenter une heure avant le départ.
15248	corpus-6-train	FR	C'est moi qui vous remercie.
15249	corpus-6-train	FR	Juste un peu.
15250	corpus-6-train	FR	D'où êtes-vous originaire?
15253	corpus-6-train	FR	Ça faisait longtemps que j'avais envie de venir ici.
15254	corpus-6-train	FR	Bien sûr. Apparemment, il n'y a pas de problème.
15257	corpus-6-test-corpus-26-test	FR	C'est une douleur vive.
15258	corpus-6-dev	FR	Je paierai avec mon assurance.
15259	corpus-6-test-corpus-26-train	FR	Le nom est Goro Motoyama. Et le numéro est le zéro trois trente-deux soixante et un vingt-quatre quatre-vingt quinze.
15260	corpus-6-train	FR	Existe-t-il des excursions pour la Statue de la Liberté?
15262	corpus-6-test-corpus-26-train	FR	J'ai très mal au cœur.
15263	corpus-6-train	FR	Allez. Dis ce que tu penses.
15264	corpus-6-train	FR	Nous avons de la très bonne sole aujourd'hui.
15265	corpus-6-train	FR	Bon. Tu sais quoi? Tu ne dis rien à tes parents, et je ne dirai rien aux miens.
15268	corpus-6-train	FR	Que faites-vous en général de votre temps libre?
15269	corpus-6-train	FR	On se reverra un jour, je l'espère.
15271	corpus-6-train	FR	Il est vert, et à peu près de cette taille.
15272	corpus-6-train	FR	Donnez-moi un plan de la ville, s'il vous plaît.
15274	corpus-6-test-corpus-26-train	FR	"A quelle heure sont les représentations de ""Kussii's Love""?"
15275	corpus-6-train	FR	Désolé, ça ne répond pas.
15278	corpus-6-train	FR	Je saigne du nez.
15279	corpus-6-train	FR	Certains desservent la gare centrale de Tokyo et les hôtels des grandes chaînes.
15280	corpus-6-train	FR	Trente livres, s'il vous plaît.
15282	corpus-6-train	FR	Excusez-moi. Où puis-je trouver un téléphone public?
15283	corpus-6-test-corpus-26-train	FR	Très bien. Vous prendrez votre café maintenant ou plus tard?
15284	corpus-6-train	FR	Merci, en tout cas.
15286	corpus-6-train	FR	Oui, j'ai pris des huîtres fraîches hier soir. Elles avaient un drôle de goût.
15289	corpus-6-train	FR	Je trouve que ça me vieillit.
15291	corpus-6-train	FR	Pouvez-vous me le montrer, s'il vous plaît?
15292	corpus-6-test-corpus-26-train	FR	Dis-moi quel est le club de reggae le plus chaud de New York.
15293	corpus-6-train	FR	Qui joue dans le groupe?
15294	corpus-6-train	FR	Aujourd'hui, nous avons du minestrone, de la crème d'asperges et de la soupe de légumes.
15295	corpus-6-test-corpus-26-test	FR	En quoi votre produit diffère-t-il de la concurrence?
15296	corpus-6-test-corpus-26-train	FR	Ce n'est pas grave si personne n'écoute les consignes de sécurité?
15297	corpus-6-train	FR	Je prendrais un martini sec. Et un jus d'orange pour Madame, merci.
15298	corpus-6-train	FR	Avez-vous des antécédents de maladie cardiaque?
15300	corpus-6-dev	FR	J'ai mal aux yeux.
15303	corpus-6-train	FR	Je cherche un polo.
15306	corpus-6-train	FR	Quelque chose à moins de cent dollars, s'il vous plaît.
15307	corpus-6-train	FR	Il part d'ici à neuf heures.
15308	corpus-6-dev	FR	Merci, c'est gentil, mais je dois vraiment y aller.
15309	corpus-6-train	FR	Fini brillant, s'il vous plaît.
15311	corpus-6-train	FR	Je voudrais huit billets de dix dollars et vingt de un.
15312	corpus-6-train	FR	Nous avons ce nouveau produit conçu spécialement pour les femmes actives.
15313	corpus-6-train	FR	Je vais porter ça.
15318	corpus-6-train	FR	C'est un service fiable et hautement qualifié.
15319	corpus-6-test-corpus-26-train	FR	Une ruelle est-elle dangereuse?
15320	corpus-6-test-corpus-26-train	FR	Oui. Faites le nécessaire.
15323	corpus-6-test-corpus-26-train	FR	Oui, juste un. Je saurai quand? Qu'est-ce que j'aurai en compensation?
15324	corpus-6-train	FR	Je veux juste jeter un œil, merci.
15326	corpus-6-train	FR	Je crois que vous pourrez tout trouver au supermarché. Sinon, ne vous en faites pas. J'irai à la pharmacie demain.
15327	corpus-6-train	FR	Ce n'est pas nécessaire, Monsieur. Nous nous en occuperons lors de votre enregistrement. L'enregistrement ne commence qu'à quatorze heures trente, mais nous pouvons prendre vos sacs si vous voulez faire un peu de tourisme avant.
15331	corpus-6-test-corpus-26-dev	FR	Voici ma carte d'identité.
15332	corpus-6-train	FR	Pourriez-vous m'apporter de l'eau bouillante?
15335	corpus-6-train	FR	J'ai une maladie chronique.
15336	corpus-6-dev	FR	Je crois qu'il y a une erreur dans la note. Vous pouvez vérifier, s'il vous plaît?
15337	corpus-6-test-corpus-26-train	FR	Nous préférerions une table près de la fenêtre.
15339	corpus-6-train	FR	Vous pourriez vider le cendrier, s'il vous plaît?
15340	corpus-6-train	FR	Quels sont les coins touristiques les plus connus par ici?
15342	corpus-6-train	FR	Enchanté de vous rencontrer, M. Smith.
15343	corpus-6-train	FR	Je voudrais prolonger mon séjour de deux jours.
15347	corpus-6-test-corpus-26-train	FR	Dites-moi ce qui revient le moins cher pour aller à San Francisco.
15348	corpus-6-train	FR	Vous pouvez me rendre un service?
15349	corpus-6-dev	FR	Quelle sorte de parfum aimez-vous?
15350	corpus-6-train	FR	Est-ce que c'est la ligne la plus directe?
15351	corpus-6-train	FR	Voyons. Le match commence à quatorze heures? Ouais, on doit pouvoir le faire.
15353	corpus-6-dev	FR	Je voudrais descendre à St. Paul.
15354	corpus-6-train	FR	Sans risque jusqu'à quel point?
15356	corpus-6-train	FR	Puis-je y joindre une lettre?
15359	corpus-6-train	FR	M. Watson, poste deux cent un, s'il vous plaît.
15360	corpus-6-dev	FR	Je ne sais pas lequel mettre.
15362	corpus-6-test-corpus-26-train	FR	Vous connaissez le restaurant Kyoka?
15363	corpus-6-dev	FR	Voici. C'est celui qui a le plus de succès.
15365	corpus-6-train	FR	J'ai une réservation au nom de Akiyama.
15366	corpus-6-train	FR	C'est sur votre droite en sortant de l'ascenseur.
15368	corpus-6-train	FR	Et bien, appuyez sur ce bouton. Aïe, ça ne marche pas. Désolé, c'est cassé.
15370	corpus-6-train	FR	Comment allez-vous, M. Takagi? On ne s'est pas vu depuis le printemps dernier, n'est-ce pas?
15372	corpus-6-train	FR	On a vu beaucoup de poissons migrateurs.
15374	corpus-6-train	FR	On repassera plus tard alors.
15375	corpus-6-train	FR	Je me demande quand je vais pouvoir revenir.
15378	corpus-6-test-corpus-26-train	FR	Aller simple.
15380	corpus-6-test-corpus-26-train	FR	Je vais grossir à rester ici manger en permanence.
15382	corpus-6-train	FR	Si vous avez besoin d'aide, n'hésitez pas à faire appel à notre équipage. Il parle japonais, français, chinois et espagnol.
15385	corpus-6-train	FR	Cent dollars, sans les taxes.
15386	corpus-6-dev	FR	"Veuillez attacher votre ceinture et respecter le panneau ""DEFENSE DE FUMER"" jusqu'à l'extinction du signal lumineux."
15387	corpus-6-train	FR	Il y a une baignoire?
15389	corpus-6-train	FR	Voici votre carte d'embarquement et votre étiquette d'enregistrement des bagages en cas de litige.
15391	corpus-6-train	FR	Puis-je avoir une assiette supplémentaire?
15392	corpus-6-train	FR	Je voudrais un comprimé.
15393	corpus-6-train	FR	Et si on prenait une grande portion vu que nous sommes deux?
15395	corpus-6-train	FR	J'ai laissé mon passeport dans un taxi.
15398	corpus-6-train	FR	Quarante dollars.
15400	corpus-6-test-corpus-26-train	FR	Est-ce qu'il y a un bon night-club avec des spectacles de flamenco?
15401	corpus-6-train	FR	Notre hôtel se charge de réserver une baby-sitter.
15402	corpus-6-train	FR	Pardonnez-moi, nous aurons vingt minutes de retard.
15403	corpus-6-train	FR	Est-ce qu'il y a des restaurants japonais dans le coin?
15405	corpus-6-train	FR	Quelque chose qui se conduit facilement, avec le volant à gauche, dans la gamme deux litres.
15408	corpus-6-train	FR	C'est en salle ou en plein air?
15410	corpus-6-train	FR	Voici l'adresse de livraison.
15413	corpus-6-train	FR	Oui. Voici l'étiquette d'enregistrement des bagages et votre carte d'embarquement.
15414	corpus-6-train	FR	Oh, vers dix-neuf heures, je suppose.
15415	corpus-6-train	FR	Je me suis enfermé à l'extérieur. Ma clé est dans la voiture.
15416	corpus-6-train	FR	Tu peux faire encore un meilleur score.
15419	corpus-6-test-corpus-26-train	FR	C'est une jolie robe qui vous portez là.
15420	corpus-6-train	FR	Je ne pensais pas qu'il y aurait autant de monde.
15421	corpus-6-dev	FR	J'ai une douleur lancinante à l'estomac.
15422	corpus-6-train	FR	Pourriez-vous échanger ma place contre une dans la section fumeur?
15423	corpus-6-train	FR	C'est la taxe pour les appels longue distance.
15424	corpus-6-train	FR	Avez-vous l'intention de vendre vos produits aux Etats-Unis?
15425	corpus-6-train	FR	Pourriez-vous m'apporter une autre bière?
15426	corpus-6-train	FR	Jim et moi étions amis au lycée.
15427	corpus-6-dev	FR	Des œufs au plat avec du bacon, s'il vous plaît.
15429	corpus-6-train	FR	Un billet navette pour dix trajets, s'il vous plaît.
15430	corpus-6-train	FR	Un instant, Madame. Je vais le vérifier.
15431	corpus-6-test-corpus-26-train	FR	J'ai mal au pied.
15434	corpus-6-dev	FR	Personne de ce nom-là n'habite ici.
15436	corpus-6-test-corpus-26-train	FR	Où est la laverie la plus proche?
15437	corpus-6-train	FR	Où puis-je trouver un bus de tourisme? Où et quand puis-je monter dans le bus?
15440	corpus-6-train	FR	Le haut est un peu trop grand. Vous pouvez le reprendre?
15443	corpus-6-test-corpus-26-train	FR	Pourriez-vous changer de place avec moi, s'il vous plaît?
15444	corpus-6-train	FR	Y a-t-il un terrain de golf ici?
15446	corpus-6-train	FR	J'aimerais annuler ma réservation pour le vol du cinq mai, et réserver celui du neuf à la place, s'il vous plaît.
15447	corpus-6-test-corpus-26-train	FR	On ne sera pas assis côte à côte.
15450	corpus-6-train	FR	Puis-je garder cette carte magnétique?
15451	corpus-6-train	FR	Est-ce que quelqu'un comprend le japonais?
15452	corpus-6-test-corpus-26-train	FR	En fait, j'aimerais aussi assurer ce colis.
15453	corpus-6-train	FR	Je suis désolé d'apprendre le décès de votre père. Je vous présente mes sincères condoléances.
15454	corpus-6-train	FR	Italien pour moi, merci.
15455	corpus-6-train	FR	Tu as fait tes devoirs?
15459	corpus-6-train	FR	Cinq billets de dix dollars, je vous prie.
15460	corpus-6-dev	FR	"Puis-je avoir deux billets adultes pour ""Cats""?"
15462	corpus-6-train	FR	Tu ferais mieux de t'asseoir et de reprendre ton souffle après ton long voyage depuis le Japon.
15463	corpus-6-test-corpus-26-train	FR	La note atteint les cent dollars.
15464	corpus-6-test-corpus-26-test	FR	Les issues de secours se situent à l'avant, au centre, et à l'arrière de l'appareil.
15466	corpus-6-train	FR	Quelle taxe n'est pas incluse?
15469	corpus-6-train	FR	Est-ce que ça a été suivi?
15470	corpus-6-test-corpus-26-train	FR	Très bien, votre réservation est reconfirmée.
15471	corpus-6-train	FR	Où t'es-tu brûlé la main?
15472	corpus-6-train	FR	Qui sont vos designers?
15473	corpus-6-train	FR	Pouvez-vous les emballer ensemble?
15474	corpus-6-dev	FR	Blue Cat. Un vieux quatuor de jazz.
15475	corpus-6-train	FR	Dans quelle voiture se trouve ce compartiment?
15476	corpus-6-test-corpus-26-train	FR	Les talons sont trop hauts.
15477	corpus-6-test-corpus-26-train	FR	Nous voudrions une table en terrasse.
15480	corpus-6-train	FR	Félicitations, j'ai su que vous avez trouvé un poste chez ABC.
15481	corpus-6-train	FR	Le service est-il inclus dans le montant?
15482	corpus-6-test-corpus-26-train	FR	Cela signifie que le film ne convient pas aux enfants de moins de quinze ans. Les parents doivent donc décider de laisser les enfants regarder le film ou non.
15483	corpus-6-train	FR	J'aimerais réserver une bonne table pour voir le spectacle.
15484	corpus-6-train	FR	Cela coûte quatre-vingt dix-neuf dollars US.
15485	corpus-6-train	FR	Vous aurez une heure pour faire tout ce que vous souhaitez ici.
15486	corpus-6-train	FR	J'aimerais être de retour à Tokyo d'ici à vendredi.
15487	corpus-6-test-corpus-26-train	FR	Sous quelle forme voulez-vous l'argent? Veuillez remplir ce papier et signer ici.
15488	corpus-6-dev	FR	Les bijoux sont-ils hors taxe?
15489	corpus-6-train	FR	Quel est le film qui marche le mieux en ce moment?
15494	corpus-6-train	FR	Je n'en suis pas encore sûr.
15495	corpus-6-train	FR	J'ai acheté un rouge à lèvre comme cadeau.
15496	corpus-6-train	FR	Il part à quelle heure?
15497	corpus-6-train	FR	Pardon, vous pouvez répéter s'il vous plaît?
15498	corpus-6-train	FR	Jusqu'en septembre mille neuf cent quatre-vingt dix-neuf.
15499	corpus-6-train	FR	Est-ce que je peux m'inscrire à ce cours même si je suis débutant?
15502	corpus-6-train	FR	Je voudrais aller faire les boutiques. Où se trouve la zone commerciale la plus proche?
15503	corpus-6-train	FR	Nous voulons voir un film. Que nous recommandez-vous?
15504	corpus-6-train	FR	C'est de qui?
15505	corpus-6-train	FR	"Mais comme vous le savez, ce sera moins cher par ""LT""."
15506	corpus-6-train	FR	Combien coûte un appel longue distance pour Tokyo?
15507	corpus-6-train	FR	Cette Chevrolet existe dans quels autres coloris?
15508	corpus-6-train	FR	Je n'arrive pas à me décider. Que me conseillez-vous?
15509	corpus-6-test-corpus-26-train	FR	J'ai parfois mal à l'estomac.
15510	corpus-6-train	FR	C'est combien par personne?
15516	corpus-6-train	FR	J'ai avancé l'heure de départ.
15519	corpus-6-train	FR	Vous ne les vendez pas séparément?
15522	corpus-6-test-corpus-26-train	FR	Avez-vous des plats allégés? Je suis au régime en ce moment.
15523	corpus-6-train	FR	Pourriez-vous me réserver une place de théâtre?
15524	corpus-6-train	FR	Par là, tournez à droite.
15526	corpus-6-train	FR	J'ai une bouteille d'alcool de riz japonais.
15527	corpus-6-dev	FR	Une place non réservée, s'il vous plaît.
15528	corpus-6-train	FR	Oh, je suis navré. Tenez. Puis-je vous offrir quelque chose à boire?
15529	corpus-6-test-corpus-26-dev	FR	Vous n'avez rien à payer.
15531	corpus-6-train	FR	J'aimerais que vous m'accompagniez, s'il vous plaît.
15532	corpus-6-train	FR	Votre réservation a bien été prise en compte.
15533	corpus-6-train	FR	Je voudrais réserver une place en classe économie pour Londres dimanche prochain.
15534	corpus-6-train	FR	Il y a trente mots. Ça fait donc trois dollars, s'il vous plaît.
15535	corpus-6-train	FR	Notre concierge peut vous aider, ou vous pouvez l'avoir en taxi.
15538	corpus-6-dev	FR	Le zoo est fermé?
15539	corpus-6-test-corpus-26-train	FR	Oui, j'ai deux billets pour Giants and Dodgers.
15546	corpus-6-test-corpus-26-train	FR	Nous sommes l'un des meilleurs fournisseurs de micro-ordinateurs.
15549	corpus-6-train	FR	Quel est votre deuxième prénom?
15550	corpus-6-dev	FR	Je voudrais réserver une petite chambre.
15552	corpus-6-train	FR	Deux personnes.
15553	corpus-6-test-corpus-26-train	FR	Merci. Moi aussi. A la prochaine.
15554	corpus-6-train	FR	Je m'appelle Suzuki. J'ai réservé pour dix-huit heures.
15558	corpus-6-train	FR	Des cigarettes, s'il vous plaît.
15561	corpus-6-train	FR	Je voudrais juste une coupe.
15562	corpus-6-train	FR	Je voudrais une gourmette.
15564	corpus-6-test-corpus-26-train	FR	Une chambre avec lits jumeaux et baignoire, s'il vous plaît.
15566	corpus-6-test-corpus-26-train	FR	Je suis tombé dans les escaliers.
15569	corpus-6-train	FR	Je veux faire le tour de l'île.
15572	corpus-6-train	FR	Faisons une pause. Est-ce que vous aimeriez un café?
15573	corpus-6-train	FR	J'arrive.
15574	corpus-6-train	FR	J'ai laissé la clé dans ma chambre. Puis-je emprunter un double, s'il vous plaît?
15575	corpus-6-test-corpus-26-train	FR	Quelle glace me recommandez-vous?
15577	corpus-6-test-corpus-26-dev	FR	Hum. Celui-ci. La couleur te va bien.
15578	corpus-6-train	FR	Combien dois-je laisser de pourboire?
15579	corpus-6-train	FR	Excusez-moi. Ce bus va-t-il au Holiday Inn de Union Square?
15581	corpus-6-train	FR	Puis-je rendre la voiture à Boston?
15586	corpus-6-train	FR	Est-ce que tu peux me prendre un billet?
15587	corpus-6-train	FR	Puis-je avoir un grand sac?
15588	corpus-6-train	FR	Cette soupe est trop chaude.
15589	corpus-6-train	FR	Je voudrais des carottes.
15590	corpus-6-train	FR	Nous vous contacterons dès que nous l'aurons trouvé.
15591	corpus-6-train	FR	C'est votre passe-temps de collectionner des animaux empaillés?
15594	corpus-6-dev	FR	J'aimerais faire une réservation sur le vol JAL du vingt mars.
15596	corpus-6-train	FR	Il n'y a pas de glace.
15598	corpus-6-test-corpus-26-test	FR	Où sont les livres en langue étrangère?
15599	corpus-6-train	FR	Le Japon se suffit-il à lui-même sur le plan alimentation?
15601	corpus-6-train	FR	Avez-vous des romans japonais?
15604	corpus-6-test-corpus-26-train	FR	Deux parts et un Sprite.
15606	corpus-6-train	FR	Il y a du monde aujourd'hui?
15607	corpus-6-test-corpus-26-test	FR	Donne-moi des cigarettes.
15608	corpus-6-train	FR	Ça veut donc dire que je n'échoue pas du tout.
15610	corpus-6-test-corpus-26-dev	FR	C'est illégal d'apporter ça dans le pays, désolé. Eh bien, je crois que c'est à peu près tout.
15612	corpus-6-train	FR	Combien de jours de vacances avez-vous dans l'année?
15613	corpus-6-train	FR	Nous allons rester au moins une semaine.
15614	corpus-6-train	FR	Je voudrais un gonfleur.
15615	corpus-6-train	FR	Est-ce que je peux prendre le métro pour aller à Marine Tower?
15617	corpus-6-train	FR	Le vol que j'étais censé prendre, le AA onze, a été annulé.
15620	corpus-6-train	FR	Oh, vraiment? Je vis à Kamakura, j'espère que vous passerez me voir.
15622	corpus-6-train	FR	Où sont les toilettes pour hommes?
15623	corpus-6-train	FR	Je trouve que c'est un peu trop quelconque pour moi.
15625	corpus-6-train	FR	J'ai quelques vêtements à faire repasser.
15626	corpus-6-train	FR	Donnez-moi votre numéro de téléphone, s'il vous plaît.
15627	corpus-6-train	FR	Excusez-moi, pouvez-vous me recommander un hôtel?
15628	corpus-6-train	FR	Oh. Tiens donc, toi ici?
15629	corpus-6-train	FR	C'est la dernière chose qui me viendrait à l'idée.
15630	corpus-6-dev	FR	Les trains partent de King's Cross.
15631	corpus-6-train	FR	J'ai perdu ma valise.
15634	corpus-6-train	FR	A quelle heure revient-on?
15635	corpus-6-train	FR	Les adolescents japonais s'intéressent à la musique.
15638	corpus-6-train	FR	Je voudrais essayer ces chaussures.
15642	corpus-6-train	FR	Oui, j'ai appelé il y a un petit moment.
15643	corpus-6-train	FR	Avez-vous du vin sec, pas trop cher?
15644	corpus-6-train	FR	J'ai mis de la mousse coiffante aujourd'hui.
15646	corpus-6-train	FR	L'avion est-il à l'heure?
15648	corpus-6-train	FR	Combien coûte la réédition?
15649	corpus-6-train	FR	Où puis-je acheter des forfaits pour les remontées mécaniques?
15652	corpus-6-test-corpus-26-train	FR	Oui. Ils habitaient près de chez moi en Californie mais ils ont déménagé en Floride il y a deux ans. Et toi? Tu voyages seul?
15653	corpus-6-train	FR	Stonehenge a l'air intéressant. Il y a des excursions pour y aller?
15655	corpus-6-train	FR	J'ai été sérieusement blessé au pied droit.
15656	corpus-6-train	FR	Je suis descendu au Hilton.
15658	corpus-6-dev	FR	Vous n'avez rien à manger?
15659	corpus-6-train	FR	A quelle heure part le train?
15660	corpus-6-train	FR	Par voie de surface.
15662	corpus-6-train	FR	Quelle cuisson pour votre steak, Monsieur?
15663	corpus-6-train	FR	Je veux prendre la navette pour l'aéroport.
15664	corpus-6-test-corpus-26-train	FR	Je suis malade.
15665	corpus-6-train	FR	Merci d'être passé me prendre à l'aéroport. C'est très aimable à vous.
15666	corpus-6-test-corpus-26-train	FR	Mon enfant a l'air épuisé par la fièvre.
15668	corpus-6-train	FR	J'ai peur que le temps soit couvert, samedi.
15669	corpus-6-train	FR	Combien coûte une location de voiture avec chauffeur?
15673	corpus-6-test-corpus-26-train	FR	Dans cette taille, s'il vous plaît.
15674	corpus-6-test-corpus-26-train	FR	L'Ordre du Mérite Culturel est décerné aux artistes et universitaires à cette occasion.
15676	corpus-6-test-corpus-26-train	FR	Je suis Japonais.
15678	corpus-6-dev	FR	J'aime bien les pommes, mais aujourd'hui, j'ai envie de raisin.
15679	corpus-6-train	FR	Veuillez invalider ma carte.
15680	corpus-6-train	FR	Un verre de vin rouge, d'accord?
15682	corpus-6-train	FR	Certainement. Vous avez quelque chose de particulier à l'esprit, un plat quelconque?
15683	corpus-6-train	FR	C'est du nickel argent?
15684	corpus-6-train	FR	Qu'est-ce que cette sauce accompagne?
15686	corpus-6-train	FR	J'ai mille dollars en liquide.
15687	corpus-6-train	FR	Tournez à gauche. C'est sur la droite.
15688	corpus-6-train	FR	Quel est le prix pour trois jours?
15690	corpus-6-train	FR	Vous pourriez porter ces bagages, s'il vous plaît?
15692	corpus-6-test-corpus-26-train	FR	C'est trop cher.
15694	corpus-6-train	FR	Une voiture compacte, une japonaise de préférence.
15696	corpus-6-train	FR	Quelle est la spécialité de ce pays?
15698	corpus-6-train	FR	Nous en avons deux ou trois particulièrement bons dans le quartier. Voulez-vous que je me charge d'une réservation?
15699	corpus-6-test-corpus-26-train	FR	Oui. Prenez le bus pour Kyoto-eki.
15700	corpus-6-train	FR	Puis-je avoir cent grammes de salade de potiron?
15702	corpus-6-train	FR	Avez-vous un autre timbre?
15705	corpus-6-train	FR	Au fait, avez-vous fait le plein avant de rendre la voiture?
15706	corpus-6-train	FR	Je veux aller à San Diego.
15708	corpus-6-train	FR	Après sa mort, il y a eu une réforme politique connue sous le nom de Réforme de l'ère Taika.
15710	corpus-6-test-corpus-26-train	FR	C'est réservé aux membres?
15711	corpus-6-train	FR	J'ai laissé mon sac à main dans le train.
15713	corpus-6-train	FR	Excusez-moi, mais ce mot, OMEDETOUGOZAIMASU, est trop long pour faire un décompte. Un mot étant limité à quinze lettres, il faudrait que vous le divisiez en deux.
15715	corpus-6-train	FR	Il part de l'arrêt de bus numéro deux.
15716	corpus-6-train	FR	Si tu en as envie.
15717	corpus-6-train	FR	Quelles sortes de salades avez-vous?
15719	corpus-6-train	FR	Pouvez-vous me tracer un plan pour m'indiquer le chemin?
15723	corpus-6-train	FR	Je prendrais ce que vous me recommandez.
15724	corpus-6-train	FR	Qu'est-ce qui passe actuellement?
15727	corpus-6-train	FR	Je voudrais un stylo-plume, s'il vous plaît.
15729	corpus-6-dev	FR	Oui, oh, et je paye par carte de crédit.
15730	corpus-6-train	FR	Faites monter le petit déjeuner dans ma chambre, merci.
15731	corpus-6-train	FR	Vous faites des excursions au Panthéon?
15732	corpus-6-train	FR	J'ai fait tomber ma cuillère.
15733	corpus-6-train	FR	Veuillez encaisser un chèque personnel.
15735	corpus-6-test-corpus-26-dev	FR	La chambre coûte six mille yens la nuit.
15736	corpus-6-train	FR	Oui, merci. Je m'appelle Mayumi Yamaguchi et je viens du Japon. Je suis arrivé à l'hôtel il y a quelques instants.
15737	corpus-6-train	FR	J'ai mal au pied.
15738	corpus-6-train	FR	Le soleil tape vraiment fort. Tu t'es mis de la crème solaire?
15739	corpus-6-train	FR	Ça prend environ une demi-journée. Le guide touristique viendra vous prendre ici vers neuf heures du matin.
15740	corpus-6-train	FR	Où est le stade?
15741	corpus-6-train	FR	Il manque un verre.
15743	corpus-6-train	FR	Je veux un assaisonnement italien.
15747	corpus-6-train	FR	Ma foi, on dirait que nous faisons la même taille. En général, je prends une taille moyenne.
15749	corpus-6-train	FR	Cette pendule ancienne s'est arrêtée. Pouvez-vous la remplacer?
15752	corpus-6-train	FR	Eh bien, ça a l'air un petit peu serré au niveau des épaules.
15753	corpus-6-train	FR	Je voudrais une carte de rechange. Quand est-ce que je l'aurai?
15754	corpus-6-train	FR	Vous pouvez appeler la police?
15759	corpus-6-train	FR	Mon numéro de téléphone est le quarante quarante et un vingt-trois quarante-cinq soixante sept.
15760	corpus-6-train	FR	Il y a un problème?
15761	corpus-6-train	FR	Les plats du Nouvel An appelés osechi ryori sont encore préparés dans presque tous les foyers, même maintenant.
15763	corpus-6-test-corpus-26-train	FR	Puis-je emmener ceci à bord de l'appareil?
15765	corpus-6-train	FR	Une excursion d'une demi-journée laisse à désirer.
15766	corpus-6-train	FR	Je vais demander si on peux nous prendre en photo.
15767	corpus-6-dev	FR	Ce cartable est fait à partir de quel cuir?
15775	corpus-6-test-corpus-26-train	FR	OK. Tout ce que je veux savoir, c'est si l'affaire va finir par se rentabiliser.
15776	corpus-6-train	FR	C'est un vrai délice.
15777	corpus-6-train	FR	Le prix de la course ne correspond pas au compteur.
15781	corpus-6-train	FR	Vous plaisantez. Il n'y a pas moins cher pour l'envoyer?
15783	corpus-6-train	FR	Je veux changer des yens japonais en dollars américains.
15784	corpus-6-test-corpus-26-train	FR	Bien. Voudriez-vous une écharpe avec ceci?
15785	corpus-6-train	FR	Est-ce que je peux m'avancer jusqu'au premier rang?
15787	corpus-6-train	FR	Je voudrais régler ma note immédiatement. Pouvez-vous descendre mes bagages?
15788	corpus-6-test-corpus-26-train	FR	Rechargez la batterie, s'il vous plaît.
15790	corpus-6-train	FR	Y a-t-il une clinique près d'ici?
15791	corpus-6-test-corpus-26-train	FR	Je suis prêt à commander.
15795	corpus-6-dev	FR	Avez-vous des tournevis?
15796	corpus-6-train	FR	Qui dois-je contacter si j'ai des ennuis?
15797	corpus-6-train	FR	Cet avion va-t-il partir à l'heure?
15798	corpus-6-test-corpus-26-dev	FR	Les sels de bain aux plantes laissent votre peau douce et lisse.
15799	corpus-6-train	FR	Je vais prendre trois cents grammes de ceci.
15801	corpus-6-train	FR	Il s'est rué en plein milieu de la rue, là où il n'y avait pas de passage protégé.
15802	corpus-6-train	FR	A ce propos, avez-vous une assurance pour ce voyage?
15803	corpus-6-train	FR	C'est pour votre usage personnel, bien sûr.
15804	corpus-6-test-corpus-26-train	FR	Ecrivez le nom de la compagnie aérienne ainsi que le numéro de vol.
15805	corpus-6-train	FR	J'aimerais déposer la voiture à l'aéroport de San Francisco.
15807	corpus-6-dev	FR	Un dessert?
15808	corpus-6-train	FR	Je voudrais m'assurer de l'heure de départ.
15809	corpus-6-train	FR	Je serai au Hilton.
15811	corpus-6-train	FR	Pouvez-vous me poster cette lettre?
15814	corpus-6-test-corpus-26-train	FR	Vraiment. Aujourd'hui, c'est dimanche, et dimanche est le pire des jours.
15817	corpus-6-train	FR	Une famille de quatre personnes : mes parents, ma petite sœur et moi.
15819	corpus-6-train	FR	Quel est le nom de l'artiste?
15821	corpus-6-train	FR	Demandez-lui d'appeler avant dix heures, heure du Japon.
15828	corpus-6-train	FR	Comment puis-je me rendre au temple?
15829	corpus-6-train	FR	Que buvez-vous?
15831	corpus-6-train	FR	Vous pouvez me donner le numéro de téléphone d'une chaîne de taxis?
15832	corpus-6-train	FR	Trois beignets et un cookie, s'il vous plaît.
15834	corpus-6-train	FR	Je serai là d'ici une heure.
15835	corpus-6-train	FR	Bonjour. Pier One Fish and Grill. Que puis-je pour vous?
15836	corpus-6-train	FR	Merci. Puis-je parler à Mlle Yamato, s'il vous plaît?
15838	corpus-6-train	FR	Y a-t-il une boutique hors taxes ici?
15839	corpus-6-train	FR	Comment peut-on retirer de l'argent?
15840	corpus-6-train	FR	Oui. J'aimerais reconfirmer ma réservation sur le vol dix-sept pour Tokyo dimanche prochain. Mon nom est Reiko Mori. M-O-R-I.
15842	corpus-6-train	FR	Je me demande quelles couleurs seront à la mode cette automne.
15845	corpus-6-train	FR	J'aimerais réserver un siège-couchette pour Washington D.C., s'il vous plaît.
15849	corpus-6-train	FR	Je vous conseille de visiter le bâtiment des Nations Unies également situé sur East River.
15853	corpus-6-train	FR	Elle a quatre-vingt dix-neuf. J'aimerais dépenser quatre-vingt dix-neuf dollars environ.
15854	corpus-6-train	FR	Montrez-moi cette pipe. La troisième.
15855	corpus-6-train	FR	Si la personne était bouddhiste, oui. Mais beaucoup de familles organisent les funérailles à domicile.
15856	corpus-6-train	FR	Une chemise blanche et deux paires de chaussettes.
15857	corpus-6-train	FR	Environ mille dollars.
15859	corpus-6-train	FR	Combien coûte le billet le moins cher?
15862	corpus-6-train	FR	Un bifteck dans l'aloyau et une salade verte, s'il vous plaît.
15863	corpus-6-train	FR	D'accord, prenez votre temps, je vous prie. Si vous avez besoin de quoi que ce soit, faites-moi le savoir.
15864	corpus-6-train	FR	C'est pour moi.
15866	corpus-6-train	FR	Je veux commander une pizza. Qui livre ici? Quel est le numéro?
15867	corpus-6-train	FR	Je vais être en retard.
15870	corpus-6-train	FR	Avez-vous une meilleure chambre?
15871	corpus-6-train	FR	Il faut une journée complète. Le guide viendra vous prendre ici à neuf heures du matin.
15872	corpus-6-train	FR	Choisissez un bon vin pour accompagner notre repas, je vous prie.
15873	corpus-6-dev	FR	Je voudrais un billet de cinquante dollars et cinq billets de dix dollars, s'il vous plaît.
15878	corpus-6-train	FR	La population de Tokyo est de près de douze millions d'habitants. C'est une ville surpeuplée et le prix du logement y est élevé.
15880	corpus-6-train	FR	Vous pouvez appeler directement de votre chambre.
15881	corpus-6-train	FR	Combien coûte le supplément pour une personne?
15883	corpus-6-train	FR	Non frappé, s'il vous plaît.
15885	corpus-6-train	FR	Combien de temps encore avant le départ?
15890	corpus-6-train	FR	Cette crème est-elle pour peau sèche ou pour peau grasse?
15893	corpus-6-train	FR	Excusez-moi. Je me suis perdu.
15894	corpus-6-train	FR	Eh bien, je pensais aux sushi. Et vous?
15895	corpus-6-train	FR	J'aimerais participer à l'excursion facultative de demain.
15896	corpus-6-test-corpus-26-train	FR	Oui, c'est un problème de traitement des déchets.
15897	corpus-6-test-corpus-26-train	FR	J'aimerais ce modèle en cinq places.
15898	corpus-6-train	FR	Si je les achète ensemble, vous me ferez un prix?
15899	corpus-6-test-corpus-26-train	FR	Beaucoup de familles ont deux revenus.
15902	corpus-6-test-corpus-26-train	FR	"Oh. C'est un argent rare ""Lune et clocher"". Etes-vous sûr de vouloir l'échanger?"
15903	corpus-6-train	FR	Puis-je avoir deux litres de lait?
15904	corpus-6-train	FR	Nous resterons pour la nuit.
15905	corpus-6-train	FR	Je voudrais louer une voiture.
15906	corpus-6-train	FR	Le trois novembre, c'est la Journée de la Culture.
15907	corpus-6-dev	FR	Je cherche un chemisier pour une fillette de dix ans.
15908	corpus-6-train	FR	J'ai perdu mon passeport.
15910	corpus-6-train	FR	Oui, j'ai ceux-ci.
15911	corpus-6-test-corpus-26-train	FR	Ma mère et ma sœur viennent du Japon pour me voir. Elles arriveront ici vers dix-neuf heures.
15916	corpus-6-dev	FR	Raccrochez une fois, s'il vous plaît.
15918	corpus-6-train	FR	AU SECOURS.
15919	corpus-6-train	FR	Vous faites payer plus cher que le prix du ticket.
15920	corpus-6-train	FR	Attendez. Trois pâtés de maisons, puis à gauche?
15922	corpus-6-train	FR	Qui est le chanteur?
15925	corpus-6-train	FR	Est-ce qu'il y a un marché près d'ici?
15926	corpus-6-train	FR	Je ne sais pas comment fermer ces rideaux.
15928	corpus-6-train	FR	Comment puis-je me rendre à Central Park?
15929	corpus-6-train	FR	Je me suis fâchée contre lui.
15931	corpus-6-train	FR	Envoyez-le en express, s'il vous plaît.
15932	corpus-6-train	FR	Envoyez ceci en bagage non accompagné, voulez-vous?
15933	corpus-6-dev	FR	Combien coûte le ticket de bus pour Boston?
15934	corpus-6-train	FR	Passez par cette porte et prenez à droite.
15935	corpus-6-train	FR	Vous devez payer un supplément pour le dessert.
15938	corpus-6-train	FR	J'en cherche d'autres.
15939	corpus-6-train	FR	Je m'appelle Hisae Chiba. Je suis Japonaise.
15940	corpus-6-train	FR	Il me faut de la moutarde.
15941	corpus-6-train	FR	Donnez-moi une brique de cette marque.
15942	corpus-6-test-corpus-26-train	FR	Le marron a beaucoup de succès cette année.
15946	corpus-6-train	FR	Oui. Mais dans les villes plus petites et même dans la vieille ville de Tokyo, nous avons beaucoup de petits distributeurs spécialisés indépendants.
15947	corpus-6-train	FR	Avez-vous autre chose de meilleure qualité?
15949	corpus-6-dev	FR	Que me conseilleriez-vous de voir par-dessus tout à Kyoto?
15950	corpus-6-test-corpus-26-test	FR	Bonne idée. Tu comptes venir quand?
15951	corpus-6-dev	FR	Où travaillez-vous?
15952	corpus-6-train	FR	Puis-je vous demander un menu végétarien?
15955	corpus-6-train	FR	Combien coûte la chambre?
15958	corpus-6-train	FR	C'est pas trop mal. Mais je le préfère un peu plus épicé.
15960	corpus-6-train	FR	Pourriez-vous me conseiller un dictionnaire français-anglais?
15961	corpus-6-train	FR	Merci. Ça m'a fait plaisir de vous voir. Au revoir.
15962	corpus-6-train	FR	Puis-je faire une pause à l'hôtel d'à côté?
15963	corpus-6-train	FR	Ça fera dix-huit dollars pour les timbres. Voici une déclaration de douanes pour votre colis.
15966	corpus-6-train	FR	A quelle heure le médecin peut-il venir?
15967	corpus-6-test-corpus-26-train	FR	OK. Deux places, s'il vous plaît.
15970	corpus-6-train	FR	Y a-t-il de quoi boire sur le bateau?
15971	corpus-6-train	FR	Les nuages sont magnifiques vus d'ici.
15972	corpus-6-train	FR	Puis-je vous venir en aide?
15973	corpus-6-train	FR	Je veux voir le quartier des finances.
15975	corpus-6-train	FR	Je prends des cours de natation.
15976	corpus-6-train	FR	Vous avez du café instantané?
15977	corpus-6-train	FR	Le mardi après-midi, ce terminal n'est pas très fréquenté.
15978	corpus-6-dev	FR	C'est violent?
15981	corpus-6-train	FR	Oui, voyons. Je vais commencer par un verre de vin.
15983	corpus-6-train	FR	Réparez la lampe, je vous prie.
15984	corpus-6-train	FR	Je voudrais changer la réservation.
15985	corpus-6-train	FR	Si vous oubliez, vous risquez de perdre votre réservation.
15986	corpus-6-train	FR	Quelqu'un de bien fera l'affaire.
15987	corpus-6-train	FR	On te retrouve à la piscine vers treize heures, d'accord?
15988	corpus-6-train	FR	Non. Ce quai est pour les trains en direction opposée.
15989	corpus-6-test-corpus-26-train	FR	Où est le marché?
15990	corpus-6-dev	FR	Merci. J'apprécie énormément votre prévenance.
15992	corpus-6-train	FR	Je désirerais dîner pour moins de trente dollars, boissons comprises.
15993	corpus-6-train	FR	Je veux faire repasser ces vêtements.
15995	corpus-6-train	FR	Bonjour. J'ai réservé pour dix-neuf heures ce soir. Mais j'aimerais changer l'heure, c'est au nom de Suzuki.
15996	corpus-6-train	FR	Avez-vous votre passeport et votre billet? C'est une boutique hors taxe, vous comprenez?
15997	corpus-6-train	FR	Quel genre de produits convient aux peaux grasses?
15998	corpus-6-train	FR	Il est temps de commencer.
15999	corpus-6-train	FR	Et si on allait au cinéma?
16002	corpus-6-train	FR	Je voudrais encaisser un chèque-voyage.
16005	corpus-6-train	FR	Non, pas du tout, Monsieur.
16007	corpus-6-test-corpus-26-train	FR	J'ai hâte d'essayer ma nouvelle combinaison de course.
16009	corpus-6-train	FR	Vous pouvez y aller à pied ou en métro. Voici un plan du métro.
16011	corpus-6-train	FR	Tenez, votre pourboire.
16012	corpus-6-train	FR	Je voudrais une paire de sandales, s'il vous plaît.
16014	corpus-6-train	FR	Des fleurs de cerisier. Elles fleurissent au printemps.
16015	corpus-6-train	FR	Deux autres bières, s'il vous plaît.
16016	corpus-6-test-corpus-26-train	FR	Je pensais que vous mangiez juste des beignets.
16018	corpus-6-train	FR	Dix de un, je vous prie.
16019	corpus-6-train	FR	Merci. Prévenez-moi quand on arrive. Je ne connais pas vraiment Londres.
16020	corpus-6-train	FR	Noir. Vous pouvez me montrer une autre paire en noir?
16021	corpus-6-train	FR	Combien coûtent les retouches et combien de temps demandent-elles?
16024	corpus-6-train	FR	Faites chauffer la pièce tout de suite.
16026	corpus-6-train	FR	OK. Je vais prendre un billet aller-retour.
16027	corpus-6-train	FR	C'était comment? C'était bien?
16028	corpus-6-train	FR	Ce sont généralement de légères chutes de neige d'un pouce ou deux.
16029	corpus-6-train	FR	Au Plaza Hotel, chambre sept cent deux.
16030	corpus-6-train	FR	Je n'en sais rien. Je n'en connais aucun.
16031	corpus-6-train	FR	Vous avez un très bon smash.
16032	corpus-6-train	FR	Je vous le passe.
16033	corpus-6-train	FR	J'ai mangé il y a un moment.
16034	corpus-6-test-corpus-26-train	FR	Combien coûte le billet pour Edimbourg en première classe, s'il vous plaît?
16036	corpus-6-train	FR	Je vous en prie.
16037	corpus-6-dev	FR	Avez-vous des étiquettes?
16038	corpus-6-train	FR	Bien sûr. Quand voulez-vous jouer?
16041	corpus-6-dev	FR	Le plus tôt serait quand?
16042	corpus-6-test-corpus-26-train	FR	On dirait qu'il manque dix dollars à la somme que vous m'avez remise.
16043	corpus-6-train	FR	Bonjour. Je suis bien chez les Brown?
16045	corpus-6-train	FR	Puis-je voir le chapeau en vitrine, s'il vous plaît?
16046	corpus-6-test-corpus-26-train	FR	Je viens d'appeler M. Smith à la chambre deux cent un, mais personne n'a répondu. Savez-vous s'il est descendu ici?
16048	corpus-6-train	FR	Ce serait sympa pour demain.
16049	corpus-6-train	FR	Ça prend combien de temps d'ici?
16050	corpus-6-train	FR	J'avais demandé un siège non fumeur, mais je me retrouve avec une place fumeur.
16051	corpus-6-train	FR	Parfait. Réservez deux places en première classe sur ce vol.
16054	corpus-6-train	FR	Vous avez l'appendicite.
16058	corpus-6-train	FR	Pouvez-vous me trouver une baby-sitter?
16060	corpus-6-train	FR	Un petit sac marron en cuir.
16061	corpus-6-test-corpus-26-train	FR	J'en voudrais un moderne.
16062	corpus-6-train	FR	Qu'est-ce qui est plus pratique, le bus ou le métro?
16066	corpus-6-train	FR	Il est quatorze heures dix.
16067	corpus-6-train	FR	J'ai la cheville enflée.
16068	corpus-6-train	FR	J'ai vraiment eu de la chance de trouver un billet pour ce soir. Je ne suis arrivé en ville qu'à quinze heures.
16069	corpus-6-train	FR	Un des verrous de la fenêtre est cassé.
16070	corpus-6-test-corpus-26-train	FR	Je travaille pour une maison d'édition.
16071	corpus-6-train	FR	Je souhaiterais l'envoyer en express.
16073	corpus-6-test-corpus-26-train	FR	Vous voulez bien remplir ceci?
16074	corpus-6-train	FR	Est-ce qu'il vous reste des compartiments isolés en première classe?
16075	corpus-6-train	FR	Est-ce que vous pouvez me faire des paquets cadeaux pour ces deux-là?
16080	corpus-6-test-corpus-26-test	FR	Quelle est cette rue?
16081	corpus-6-train	FR	Comme j'ai acheté trop de souvenirs et que je ne peux pas tout mettre dans ma valise, j'aimerais avoir un sac ou quelque chose de ce genre.
16082	corpus-6-test-corpus-26-test	FR	Pouvez-vous peser ce paquet?
16083	corpus-6-train	FR	Très bien, Monsieur. Je vais d'abord m'occuper de vos bagages.
16086	corpus-6-train	FR	La même chose, s'il vous plaît.
16088	corpus-6-train	FR	Eh bien, ma réservation a été confirmée, alors est-ce que vous pourriez appeler le responsable, s'il vous plaît?
16089	corpus-6-test-corpus-26-train	FR	Comment dit-on ça en anglais?
16091	corpus-6-test-corpus-26-train	FR	Remontez cette allée tout droit. Vous le trouverez sur la droite.
16094	corpus-6-train	FR	Je n'ai pas d'argent.
16098	corpus-6-test-corpus-26-train	FR	Je voudrais assurer ceci.
16100	corpus-6-dev	FR	Vérifiez tout, je vous prie.
16101	corpus-6-dev	FR	Donnez-nous une bonne table près de la scène, s'il vous plaît.
16103	corpus-6-train	FR	Et si on allait au pub?
16104	corpus-6-train	FR	Vous pouvez me trouver une taille plus petite?
16106	corpus-6-test-corpus-26-train	FR	Bonjour. Vous êtes à l'accueil. Que puis-je faire pour vous?
16107	corpus-6-dev	FR	Si vous voulez fumer, veuillez reculer jusqu'aux rangs quarante à cinquante.
16108	corpus-6-train	FR	SILENCE.
16109	corpus-6-train	FR	Relevez vos manches, merci.
16110	corpus-6-train	FR	C'est gentil à vous de me laisser séjourner ici.
16115	corpus-6-train	FR	Ce bus va-t-il à l'aéroport?
16116	corpus-6-train	FR	J'aimerais réserver une table pour trois.
16117	corpus-6-train	FR	Pourquoi pas cet après-midi, vers seize heures?
16121	corpus-6-train	FR	Trois heures du matin.
16122	corpus-6-dev	FR	Au cinquième étage.
16123	corpus-6-dev	FR	Où dois-je le signaler?
16124	corpus-6-train	FR	Vous avez un cours pour débutants?
16125	corpus-6-train	FR	Je voudrais des crayons.
16126	corpus-6-train	FR	Il n'est pas nécessaire de faire la chambre.
16127	corpus-6-test-corpus-26-train	FR	Très bien. Entrez donc.
16130	corpus-6-test-corpus-26-test	FR	Oui, Monsieur. Je viens prendre mon petit déjeuner ici tous les jours, du lundi au vendredi, avant d'aller travailler.
16133	corpus-6-train	FR	N'est-ce pas une magnifique journée?
16136	corpus-6-train	FR	Qui est le réalisateur?
16137	corpus-6-train	FR	Ouvrez votre sac, s'il vous plaît. Ce sont des pilules, n'est-ce pas?
16138	corpus-6-train	FR	Je peux réserver pour huit heures trente demain matin?
16140	corpus-6-test-corpus-26-dev	FR	Pas de problème.
16141	corpus-6-test-corpus-26-train	FR	Passez-moi le trente-deux soixante-neuf dix-huit.
16143	corpus-6-train	FR	Samedi, ça tombe mal, je dois aider mon père.
16144	corpus-6-dev	FR	Je voudrais me rendre à l'arrêt de bus le plus proche.
16146	corpus-6-train	FR	On a volé mon passeport.
16147	corpus-6-train	FR	C'est servi avec du riz et des légumes.
16148	corpus-6-train	FR	Je voudrais changer ma commande.
16149	corpus-6-train	FR	Oui, Monsieur. Je vais vous mettre en relation immédiatement. Ne quittez pas.
16150	corpus-6-train	FR	J'aimerais t'inviter à ma fête d'anniversaire.
16151	corpus-6-train	FR	Ben, il faudra m'appeler avant de venir la prochaine fois.
16153	corpus-6-train	FR	Où se trouve le square?
16154	corpus-6-train	FR	Avez-vous d'autres vols?
16156	corpus-6-train	FR	Vous pouvez les prendre à la porte avant l'embarquement. Merci de montrer ce reçu.
16158	corpus-6-test-corpus-26-train	FR	Oui, nous pouvons vous servir à partir de sept heures.
16159	corpus-6-train	FR	Il n'y a pas de boutiques comme ça au Japon. Alors, qu'est-ce que je vais faire?
16164	corpus-6-train	FR	Ouais.
16167	corpus-6-test-corpus-26-train	FR	Allongez-vous ici.
16169	corpus-6-test-corpus-26-test	FR	Quel service rapide!
16171	corpus-6-dev	FR	J'aimerais changer mon vol pour le neuf octobre.
16179	corpus-6-train	FR	Les travers de porc ont beaucoup de succès ici.
16181	corpus-6-train	FR	Pourriez-vous me dire quand le bus arrivera sur la quarante-deuxième rue?
16182	corpus-6-train	FR	Tournez à gauche au deuxième feu, s'il vous plaît.
16183	corpus-6-train	FR	Où sont les autres?
16186	corpus-6-dev	FR	Quel étage?
16189	corpus-6-train	FR	En différents coloris?
16191	corpus-6-test-corpus-26-train	FR	Peut-être que ça va encore arriver.
16193	corpus-6-train	FR	Y a-t-il un micro-ondes?
16195	corpus-6-train	FR	Où se trouve le centre de conférences?
16196	corpus-6-train	FR	Une place non fumeur en première classe, s'il vous plaît.
16197	corpus-6-train	FR	Est-ce que je dois rester alité?
16198	corpus-6-train	FR	Pouvez-vous le rééditer en un jour?
16199	corpus-6-train	FR	Quelle est votre spécialité?
16200	corpus-6-train	FR	Je suis avec mon mari.
16203	corpus-6-dev	FR	Pouvez-vous me montrer une pièce d'identité?
16204	corpus-6-dev	FR	Je suis de groupe sanguin A.
16205	corpus-6-train	FR	Puis-je changer pour une chambre avec vue sur l'océan?
16206	corpus-6-train	FR	Un aller simple, s'il vous plaît.
16210	corpus-6-train	FR	Je peux y aller à pied?
16211	corpus-6-train	FR	Quelle sorte de chambre désirez-vous?
16217	corpus-6-test-corpus-26-train	FR	Veuillez tourner à gauche à la prochaine intersection.
16218	corpus-6-train	FR	Montrez-moi, je vous prie.
16219	corpus-6-test-corpus-26-dev	FR	Excusez-moi. Comment fait-on pour rejoindre la rive?
16220	corpus-6-train	FR	Bien sûr. C'est T-A-N-A-K-A. Le numéro de carte est le douze trente-quatre cinquante-six soixante-dix-huit. Et la date d'expiration est septembre deux mille un.
16221	corpus-6-train	FR	Presque, quelle heure?
16222	corpus-6-test-corpus-26-train	FR	Est-ce que le Ford Museum est desservi par un bus?
16224	corpus-6-train	FR	Réglez les étriers, s'il vous plaît.
16227	corpus-6-test-corpus-26-train	FR	Oui. Votre nom et numéro de chambre, s'il vous plaît.
16228	corpus-6-dev	FR	En chèque-voyage, c'est bon?
16231	corpus-6-test-corpus-26-train	FR	Ça arrive au Japon en combien de temps par avion?
16232	corpus-6-train	FR	Est-ce que les taxis viennent ici?
16233	corpus-6-train	FR	Peut-être au World Trade Center?
16235	corpus-6-train	FR	Qu'est-ce qu'il a dit?
16237	corpus-6-train	FR	Quel est le code vestimentaire?
16238	corpus-6-test-corpus-26-train	FR	OK. A dimanche, quatorze heures.
16240	corpus-6-train	FR	C'est un petit nécessaire de voyage bleu.
16241	corpus-6-train	FR	Une correspondance est obligatoire?
16243	corpus-6-train	FR	Pouvez-vous m'indiquer l'indicatif régional pour St. Louis?
16244	corpus-6-train	FR	Je voudrais un téléobjectif.
16245	corpus-6-dev	FR	Bien sûr. Je conduis dans ce secteur depuis plus de dix ans.
16247	corpus-6-train	FR	Je voudrais du feu.
16248	corpus-6-train	FR	Puis-je avoir un médicament?
16249	corpus-6-train	FR	J'ai des frissons et la nausée. Est-ce que je peux m'allonger quelque part?
16250	corpus-6-train	FR	C'est du vinyle?
16253	corpus-6-dev	FR	Ma clé, s'il vous plaît. Chambre trois cent quarante et un.
16255	corpus-6-train	FR	Pourriez-vous le marquer sur ma carte?
16256	corpus-6-train	FR	Où dois-je attendre?
16257	corpus-6-train	FR	Où se trouve le centre commercial?
16258	corpus-6-test-corpus-26-train	FR	Je voudrais aller de New York à Toronto.
16259	corpus-6-test-corpus-26-train	FR	La fermeture-éclair est cassée. En avez-vous d'autres du même modèle?
16262	corpus-6-dev	FR	Veuillez changer cet argent en dollars.
16263	corpus-6-dev	FR	J'ai pris de l'eau du robinet, avec des glaçons.
16265	corpus-6-train	FR	Vous avez des films gratuits?
16266	corpus-6-train	FR	Le premier site de plongée d'aujourd'hui est l'un des arrêts les plus populaires d'Hawaï.
16268	corpus-6-train	FR	Mettez-moi dans une chambre différente, je vous prie.
16270	corpus-6-train	FR	Je voudrais un thermomètre.
16271	corpus-6-test-corpus-26-train	FR	C'est plutôt sale.
16272	corpus-6-train	FR	Quelque chose ne va pas avec le filtre.
16273	corpus-6-train	FR	Je voudrais réserver pour dix-neuf heures.
16276	corpus-6-train	FR	J'aimerais réserver deux places pour vendredi soir.
16279	corpus-6-test-corpus-26-dev	FR	Pouvez-vous reconfirmer mon vol? Voici mon billet d'avion.
16282	corpus-6-train	FR	C'est là-bas, derrière l'hôpital.
16283	corpus-6-train	FR	Combien coûte un billet en seconde classe pour New York?
16284	corpus-6-train	FR	Quel roman policier me conseillez-vous?
16285	corpus-6-train	FR	Nous avons de l'aspirine.
16287	corpus-6-train	FR	Je me suis fait mal.
16288	corpus-6-train	FR	Raccrochez, s'il vous plaît.
16289	corpus-6-train	FR	Comment s'y rendre?
16290	corpus-6-train	FR	Je veux un échantillon de votre urine.
16291	corpus-6-test-corpus-26-train	FR	Vous l'avez en vert plus foncé?
16292	corpus-6-test-corpus-26-test	FR	Tu pourras m'emmener à Canterbury et me ramener?
16293	corpus-6-train	FR	Vous êtes censé récupérer vos bagages au tapis roulant.
16296	corpus-6-train	FR	Combien de temps le train s'arrête-t-il ici?
16297	corpus-6-dev	FR	Vous devez prendre un médicament contre les maux d'estomac.
16299	corpus-6-train	FR	Ils sont ouverts le dimanche?
16301	corpus-6-train	FR	Quel est le prix mensuel?
16302	corpus-6-train	FR	Donnez-moi votre honnête opinion.
16311	corpus-6-test-corpus-26-train	FR	Puis-je avoir une nouvelle fourchette?
16312	corpus-6-test-corpus-26-train	FR	Merci beaucoup de votre gentillesse.
16314	corpus-6-train	FR	A combien s'élève le supplément?
16315	corpus-6-train	FR	Quand j'appuie sur ma gencive, elle saigne.
16316	corpus-6-train	FR	Pourriez-vous me garder ça?
16318	corpus-6-train	FR	J'ai collé les étiquettes d'enregistrement des bagages sur votre billet.
16320	corpus-6-train	FR	Les ivrognes sont les mêmes dans tous les pays.
16321	corpus-6-train	FR	OK. Et si vous alliez d'abord vérifier dans les toilettes? Je vais aller voir s'il est à la cafétéria.
16322	corpus-6-train	FR	Montrez-moi un autre un peu plus petit.
16323	corpus-6-train	FR	Je suis blessé et il me faut une ambulance.
16325	corpus-6-dev	FR	Où puis-je trouver la limousine pour le Hilton?
16326	corpus-6-train	FR	Il y a une fuite d'eau dans le tuyau.
16330	corpus-6-dev	FR	Pouvez-vous m'envoyer les choses que j'ai oubliées?
16332	corpus-6-train	FR	Je peux appeler depuis ce téléphone?
16333	corpus-6-train	FR	Je ne suis pas sûr.
16334	corpus-6-train	FR	Je veux essayer la spécialité locale.
16335	corpus-6-test-corpus-26-train	FR	Désolé, nous ne vendons pas de billets pour le théâtre.
16337	corpus-6-test-corpus-26-train	FR	Je veux voir ça.
16339	corpus-6-test-corpus-26-train	FR	Oh, c'est bien. Qu'est-ce que je dois faire?
16341	corpus-6-train	FR	Ensuite, je voudrais attirer votre attention sur le graphique un tiret trois.
16342	corpus-6-train	FR	Il n'y a aucun changement pour le vol numéro deux cinq deux pour Osaka?
16344	corpus-6-test-corpus-26-dev	FR	Je veux prolonger mon séjour ici de deux jours.
16346	corpus-6-train	FR	Et ce cerf-volant fabriqué en Ecosse?
16350	corpus-6-train	FR	Oh, c'est ce que je veux faire maintenant. Un, deux, dormir.
16351	corpus-6-test-corpus-26-train	FR	Changez-moi de place, je vous prie.
16352	corpus-6-train	FR	Je voudrais une permanente pas trop serrée, s'il vous plaît.
16357	corpus-6-dev	FR	Est-ce qu'il y a une navette du Holiday Inn?
16359	corpus-6-train	FR	Il doit y avoir erreur.
16360	corpus-6-train	FR	Bien sûr. Combien de temps ça va prendre à votre avis?
16361	corpus-6-train	FR	Je peux vous donner un cataplasme, mais je vous conseille d'aller chez le médecin et de faire une radio.
16362	corpus-6-train	FR	N'hésitez pas à vous dégourdir les jambes.
16363	corpus-6-train	FR	Vous avez raison, je sais, pourquoi n'irions-nous pas là-bas ensemble?
16365	corpus-6-test-corpus-26-train	FR	Nous avons de très bonnes crevettes aujourd'hui.
16366	corpus-6-train	FR	Ça s'est passé très vite. Je n'ai pas pu voir leur visage.
16367	corpus-6-dev	FR	Merci. Tu peux faire la salade?
16368	corpus-6-train	FR	Est-ce que je peux me le faire livrer à cette adresse?
16370	corpus-6-train	FR	Oh, encore une, s'il vous plaît. J'ai peut-être cligné des yeux.
16371	corpus-6-test-corpus-26-train	FR	C'est ouvert jusqu'à quelle heure?
16374	corpus-6-train	FR	Apportez-moi une assiette, s'il vous plaît.
16376	corpus-6-train	FR	Je parle un peu anglais.
16377	corpus-6-train	FR	Eh bien, je n'aime pas cette couleur. Vous l'avez en bleu?
16378	corpus-6-train	FR	Donnez-moi votre adresse de contact en cas d'urgence.
16379	corpus-6-train	FR	Je n'oublierai pas de faire le plein avant de rendre la voiture.
16380	corpus-6-train	FR	Cette maison a l'air agréable à vivre.
16387	corpus-6-train	FR	Quand cet avion part-il?
16388	corpus-6-train	FR	C'est abîmé.
16389	corpus-6-train	FR	Oui, d'accord.
16391	corpus-6-train	FR	On y retourne.
16392	corpus-6-dev	FR	Deux billets pour ce soir, s'il vous plaît.
16395	corpus-6-test-corpus-26-train	FR	Fumeur ou non fumeur?
16397	corpus-6-train	FR	Vous vendez des marchandises détaxées?
16398	corpus-6-train	FR	Elle s'est blessée à la tête.
16399	corpus-6-train	FR	Est-ce que c'est le tapis bagages du vol sept cent quatre?
16400	corpus-6-train	FR	On m'a dit dans les vingt dollars.
16401	corpus-6-train	FR	Je me nomme Noguchi. Je viens juste de vous appeler de l'hôtel.
16403	corpus-6-test-corpus-26-train	FR	C'est trop cher pour moi. Vous ne pouvez pas baisser le prix?
16407	corpus-6-train	FR	Où est l'ambassade du Japon? Ça vous ennuierait de me faire un plan?
16408	corpus-6-train	FR	Je voudrais une chambre avec une belle vue.
16409	corpus-6-test-corpus-26-dev	FR	Je suis ouvert le mercredi matin ou le vendredi après-midi.
16410	corpus-6-train	FR	C'est près de la station de métro?
16413	corpus-6-test-corpus-26-train	FR	Je n'ai pas fait de réservation.
16414	corpus-6-train	FR	Le bus? Je pense que vous voulez dire la limousine pour vous emmener à l'hôtel. A quel hôtel allez-vous?
16415	corpus-6-train	FR	Vous pouvez me prendre en photo, s'il vous plaît?
16417	corpus-6-train	FR	Je voudrais retirer quatre cents dollars de mon compte.
16418	corpus-6-train	FR	J'arrive dans dix minutes.
16419	corpus-6-train	FR	Quelles sont leurs heures d'ouverture?
16421	corpus-6-train	FR	C'est M. Suzuki à l'appareil, ce serait pour une réservation d'hôtel.
16423	corpus-6-train	FR	Combien de temps resterez-vous en Allemagne?
16425	corpus-6-train	FR	Je peux prendre un cours particulier?
16428	corpus-6-train	FR	Ce film est trop violent pour les enfants. Il devrait leur être interdit.
16431	corpus-6-train	FR	Vous pouvez augmenter le thermostat, s'il vous plaît?
16432	corpus-6-train	FR	Changez le plan pour l'après-midi.
16434	corpus-6-test-corpus-26-train	FR	Parce que l'été au Japon est généralement très chaud, et nous n'avions pas la climatisation autrefois.
16435	corpus-6-train	FR	Merci. Venez récupérer votre monnaie ensuite.
16438	corpus-6-train	FR	Déposez-moi sur la Cinquième Avenue.
16439	corpus-6-train	FR	Combien de temps faut-il pour aller à l'aéroport?
16440	corpus-6-dev	FR	Je veux quelque chose contre les boutons.
16442	corpus-6-dev	FR	Je voudrais réserver pour dix-neuf heures.
16444	corpus-6-test-corpus-26-train	FR	Vous pourriez m'appeler un taxi pour huit heures demain matin?
16445	corpus-6-train	FR	Vous avez des films érotiques?
16447	corpus-6-train	FR	Y a-t-il un menu japonais?
16451	corpus-6-train	FR	Ma voiture est tombée en panne.
16453	corpus-6-test-corpus-26-train	FR	C'est sinistre.
16459	corpus-6-dev	FR	Mon ami est tombé d'une falaise.
16460	corpus-6-train	FR	Je suis enchanté de faire votre connaissance, Monsieur.
16461	corpus-6-dev	FR	Combien a coûté la communication pour le Japon?
16463	corpus-6-train	FR	Je ne peux pas entrer.
16465	corpus-6-test-corpus-26-train	FR	Pourquoi n'attendons-nous pas le bus sous l'auvent?
16467	corpus-6-train	FR	Quand est-ce que ce sera disponible?
16468	corpus-6-train	FR	Excusez-moi. Je crois que je suis assis à côté de vous.
16470	corpus-6-train	FR	Nous y sommes. Voici le British Museum.
16472	corpus-6-train	FR	Bonjour. Voici le menu.
16475	corpus-6-dev	FR	Je voudrais faire cirer mes chaussures.
16477	corpus-6-test-corpus-26-train	FR	Venez, Kenji. Permettez-moi vous faire visiter le bureau.
16478	corpus-6-test-corpus-26-train	FR	Oui, c'est ouvert de neuf heures à vingt et une heures.
16479	corpus-6-train	FR	C'était comme un rêve.
16480	corpus-6-train	FR	Trois heures.
16481	corpus-6-train	FR	Je suis désolé, je ne peux pas accepter l'invitation en raison d'un autre rendez-vous.
16483	corpus-6-train	FR	Jusqu'à quelle heure pouvons-nous profiter des équipements?
16484	corpus-6-test-corpus-26-dev	FR	Je ne dors pas bien la nuit.
16485	corpus-6-dev	FR	J'ai laissé mon sac à main quelque part.
16486	corpus-6-train	FR	Quel menu recommandez-vous?
16487	corpus-6-test-corpus-26-train	FR	Dans quelle mesure la récession a-t-elle affecté vos affaires?
16488	corpus-6-train	FR	Le service et les taxes sont-ils inclus?
16489	corpus-6-train	FR	J'irai à la porte dans mon fauteuil roulant.
16492	corpus-6-train	FR	Je me sens beaucoup mieux maintenant. Merci beaucoup pour tout.
16493	corpus-6-train	FR	Où est-ce que je peux le faire réparer?
16494	corpus-6-train	FR	Non, pas encore. Mais j'aimerais y aller un jour.
16495	corpus-6-test-corpus-26-train	FR	J'ai un autre rendez-vous.
16496	corpus-6-train	FR	Je peux avoir quelque chose à lire?
16499	corpus-6-train	FR	Je voudrais prendre rendez-vous pour un brushing à quinze heures.
16501	corpus-6-train	FR	Il faut combien de temps pour y aller?
16502	corpus-6-train	FR	Il fait froid. Je vais peut-être demander une autre couverture?
16503	corpus-6-train	FR	C'est la ligne pour San Diego?
16504	corpus-6-train	FR	Combien de temps met le courrier pour arriver au Japon par voie de surface?
16505	corpus-6-train	FR	Tournez à gauche après le pont piéton.
16507	corpus-6-train	FR	Alors, ces conditions sont acceptables?
16508	corpus-6-train	FR	Je ne peux plus le supporter.
16509	corpus-6-train	FR	Une pinte de bière brune, s'il vous plaît.
16511	corpus-6-train	FR	Je veux acheter un étui à cigarettes.
16516	corpus-6-test-corpus-26-train	FR	Puis-je avoir un plan de la ville?
16517	corpus-6-train	FR	Il y a beaucoup de rhumes qui traînent ces jours-ci.
16519	corpus-6-train	FR	Réchauffez encore ce plat.
16520	corpus-6-train	FR	Dois-je porter une cravate?
16522	corpus-6-train	FR	Je voudrais un shampooing pour cheveux secs.
16524	corpus-6-train	FR	Comment se rendre au Wani Hotel?
16527	corpus-6-train	FR	Je crains que vous ne soyez venu à la mauvaise table.
16528	corpus-6-train	FR	Je veux étudier la médecine.
16529	corpus-6-train	FR	Vous me donnez un dollar et soixante-dix centimes.
16531	corpus-6-train	FR	Y a-t-il d'autres consignes d'entretien?
16535	corpus-6-train	FR	OK. Je vais prendre le Chablis. Et toi, Jane?
16536	corpus-6-test-corpus-26-dev	FR	Exactement ce que je cherchais.
16537	corpus-6-train	FR	Non, les valises en cuir sont plus chères. Celle-ci est en cuir. Elle est à cent soixante-quinze dollars.
16540	corpus-6-train	FR	Nous sommes intéressés par les meubles.
16541	corpus-6-train	FR	Pouvez-vous suggérer un bon restaurant?
16542	corpus-6-test-corpus-26-train	FR	Je ne comprends pas votre explication.
16544	corpus-6-dev	FR	Vous vendez de l'encre pour stylo-plume?
16545	corpus-6-train	FR	Non, il ne vaut mieux pas. Je dois rentrer chez moi avant dix-neuf heures.
16546	corpus-6-test-corpus-26-train	FR	J'ai une correspondance. Je vais à Boston.
16547	corpus-6-test-corpus-26-train	FR	Où est le meilleur endroit pour faire du tourisme?
16548	corpus-6-train	FR	La partie est finie.
16549	corpus-6-train	FR	Avez-vous ceci en argent pur?
16550	corpus-6-train	FR	Je crois que j'ai perdu ma MasterCard en faisant les boutiques ici.
16551	corpus-6-train	FR	Non, merci. J'ai sommeil maintenant.
16552	corpus-6-train	FR	J'ai des ennuis. Aidez-moi.
16553	corpus-6-train	FR	A quel étage se trouve le prêt-à-porter masculin?
16554	corpus-6-train	FR	Je me suis brûlé la main droite avec l'eau chaude du pot.
16557	corpus-6-train	FR	Comment puis-je me procurer les billets?
16559	corpus-6-train	FR	Je m'appelle Kamei. J'ai réservé ici pour deux nuits.
16560	corpus-6-train	FR	A l'aéroport en vitesse, s'il vous plaît.
16561	corpus-6-train	FR	Je ne suis pas bon en anglais.
16562	corpus-6-train	FR	Vous êtes tellement gentil.
16563	corpus-6-dev	FR	On prend le métro, mais d'abord, il nous faut des jetons.
16567	corpus-6-train	FR	On m'a fait les poches. J'avais près de deux cents dollars dans mon portefeuille.
16569	corpus-6-train	FR	Oui. Sous le siège.
16571	corpus-6-train	FR	Où est l'épicerie diététique la plus proche?
16572	corpus-6-train	FR	Non, plus tard, s'il vous plaît.
16573	corpus-6-train	FR	J'ai des frissons.
16576	corpus-6-test-corpus-26-train	FR	C'est résistant?
16577	corpus-6-test-corpus-26-train	FR	Je me suis beaucoup amusé.
16580	corpus-6-train	FR	A quoi ressemble l'auteur?
16581	corpus-6-test-corpus-26-train	FR	Dans ce cas, je voudrais avoir un visage plus petit à la Julia Roberts.
16584	corpus-6-dev	FR	Où se situe ce siège?
16585	corpus-6-train	FR	Les lieux historiques ne manquent pas.
16586	corpus-6-test-corpus-26-train	FR	Vous pouvez prendre ça, s'il vous plaît?
16587	corpus-6-train	FR	Quel est le meilleur endroit à visiter avec mon petit ami?
16588	corpus-6-train	FR	Non, non. Je voudrais te voir.
16589	corpus-6-train	FR	Est-ce qu'il y a une garantie?
16590	corpus-6-train	FR	OK. Je peux m'en occuper pour vous.
16591	corpus-6-train	FR	Où est le supermarché le plus proche d'ici?
16593	corpus-6-train	FR	On arrive quand?
16595	corpus-6-dev	FR	Ensuite, prenez le couloir vert.
16598	corpus-6-train	FR	Quels sont les plats à la carte aujourd'hui?
16599	corpus-6-train	FR	Pouvez-vous changer des francs en livres sterling?
16601	corpus-6-test-corpus-26-train	FR	Les passagers du vol ABC Airlines sept cent trois à destination de Tokyo sont priés de se rendre à la porte d'embarquement numéro vingt pour les formalités gouvernementales.
16606	corpus-6-train	FR	Où puis-je récupérer mes bagages du vol JAL vingt et un?
16607	corpus-6-test-corpus-26-train	FR	Où est l'arrêt de bus pour B?
16608	corpus-6-train	FR	Six boissons reviennent à dix dollars et cinquante centimes, Monsieur.
16609	corpus-6-train	FR	Oh, je suis désolé. Je suis sûr que vous savez déjà où vous voulez aller?
16610	corpus-6-dev	FR	Puis-je prendre votre commande, Monsieur?
16611	corpus-6-train	FR	Pouvez-vous assurer ce colis?
16612	corpus-6-train	FR	Quel est le style de coiffure à la mode aux Etats-Unis en ce moment?
16614	corpus-6-train	FR	Quelle est la pierre porte-bonheur pour le mois de juin?
16615	corpus-6-train	FR	Vous avez la rougeole.
16618	corpus-6-train	FR	Aimez-vous la musique?
16620	corpus-6-train	FR	Toilettes, inondation.
16623	corpus-6-train	FR	Oui, j'ai été admis hier par le Dr Johnson.
16624	corpus-6-dev	FR	Savez-vous où est-ce qu'il va avoir lieu?
16626	corpus-6-train	FR	Pourriez-vous m'expliquer comment on ferme la porte à clé?
16629	corpus-6-train	FR	Je voudrais prendre un cours de plongée.
16632	corpus-6-dev	FR	Où est-ce qu'il a été fabriqué à l'origine, et il y a combien de temps?
16634	corpus-6-train	FR	Où dois-je le laisser après une semaine?
16636	corpus-6-train	FR	Je comprends. Vous ne payez qu'un supplément.
16640	corpus-6-train	FR	Bonjour. Je voudrais commander un café et un sandwich club.
16642	corpus-6-train	FR	Bon sang, j'ai encore été arrêté au contrôle de sécurité.
16643	corpus-6-test-corpus-26-train	FR	En simples, s'il vous plaît.
16644	corpus-6-train	FR	Allez tout droit, et vous le trouverez sur votre gauche.
16645	corpus-6-train	FR	J'ai mal à la cheville.
16646	corpus-6-train	FR	J'ai la tête qui tourne un peu.
16647	corpus-6-train	FR	On dirait qu'il passe un bon séjour.
16648	corpus-6-train	FR	Dans quel car étiez-vous?
16651	corpus-6-train	FR	Vous pouvez me conseiller une bonne comédie?
16652	corpus-6-train	FR	Eh bien, que pensez-vous de cette ceinture fine en peau de bouc?
16653	corpus-6-test-corpus-26-dev	FR	Où puis-je acheter une nappe?
16656	corpus-6-train	FR	C'est sur ce bout de papier.
16658	corpus-6-train	FR	Puis-je avoir un rapport médical et un reçu pour mon assurance?
16659	corpus-6-train	FR	Je voudrais réserver un hôtel, s'il vous plaît.
16662	corpus-6-train	FR	Veuillez patienter un instant. Je vais aller lui demander.
16663	corpus-6-dev	FR	Déposez-le au Big Hotel, je vous prie.
16668	corpus-6-train	FR	Combien coûte la place la moins chère?
16670	corpus-6-train	FR	Les places les plus proches possible, s'il vous plaît.
16672	corpus-6-train	FR	La porte ne veut pas s'ouvrir.
16676	corpus-6-train	FR	On peut vous prendre en photo avec nous?
16678	corpus-6-train	FR	Vous avez du poisson frit?
16679	corpus-6-test-corpus-26-train	FR	Puis-je engager un guide qui parle japonais?
16680	corpus-6-train	FR	A votre avis, quel genre de cadeau conviendrait le mieux à un garçon de huit ans?
16681	corpus-6-train	FR	Vous voulez dire en ville?
16682	corpus-6-train	FR	Un Menu Assiette Bleue. C'est tout?
16683	corpus-6-train	FR	Avez-vous des plans du centre-ville?
16684	corpus-6-train	FR	C'est moi qui régale.
16685	corpus-6-train	FR	Je suis juste passer lui dire bonjour.
16687	corpus-6-dev	FR	Veuillez faire le plein avant de rendre la voiture.
16688	corpus-6-train	FR	Que recommandez-vous? Je ne sais pas ce qui est bon car je ne fume pas.
16689	corpus-6-train	FR	Combien de temps souhaitez-vous l'utiliser?
16690	corpus-6-train	FR	Pouvez-vous appeler quelqu'un qui parle japonais?
16692	corpus-6-dev	FR	Je voudrais dîner pour quarante dollars.
16696	corpus-6-test-corpus-26-train	FR	Vous voulez que je vous prenne en photo?
16697	corpus-6-train	FR	On dirait qu'on l'a volé.
16700	corpus-6-train	FR	Des toasts et du café, s'il vous plaît.
16702	corpus-6-train	FR	Vos nom et adresse, je vous prie.
16705	corpus-6-train	FR	Bonjour. Puis-je vous aider?
16708	corpus-6-train	FR	Vers huit heures cinquante, si vous n'y voyez pas d'inconvénient.
16709	corpus-6-test-corpus-26-train	FR	Je n'ai pas pris ce plat.
16710	corpus-6-train	FR	Y a-t-il des équipements pour personnes handicapées?
16712	corpus-6-train	FR	La cicatrice va-t-elle rester visible?
16714	corpus-6-dev	FR	Nous utilisons des baguettes pour manger les repas.
16716	corpus-6-train	FR	Sous les cerisiers se tiennent des fêtes de contemplation des fleurs.
16717	corpus-6-train	FR	Je suis arrivé par le vol United Airlines numéro cinq cent quarante-trois.
16718	corpus-6-test-corpus-26-train	FR	Je me suis coupé le doigt. Avez-vous du désinfectant?
16719	corpus-6-train	FR	Je suis honoré d'avoir pu rencontrer un homme comme vous.
16720	corpus-6-train	FR	M. Einstein, puis-je poser une question concernant le taux de change? Je ne vois pas comment vous pouvez accuser le Japon de pratiques commerciales non équitables de façon aussi catégorique.
16721	corpus-6-train	FR	Quand peut-on commencer à jouer?
16722	corpus-6-train	FR	Nous passerons vous prendre devant l'hôtel.
16723	corpus-6-test-corpus-26-train	FR	Puis-je avoir un timbre à quatre-vingt-quinze centimes?
16724	corpus-6-train	FR	Prenons votre température. Avez-vous de l'appétit?
16728	corpus-6-train	FR	Oui, juste un instant, je vous prie. Vous pouvez vous mettre à l'arrière. Il y a une place libre.
16729	corpus-6-train	FR	Comment me rendre à cette adresse?
16735	corpus-6-train	FR	Pourriez-vous me réserver une chambre?
16736	corpus-6-test-corpus-26-train	FR	Je serai ici à huit heures moins le quart.
16737	corpus-6-train	FR	Je vais prendre une place orchestre.
16738	corpus-6-train	FR	Je veux quelque chose de moins cher.
16739	corpus-6-train	FR	Ceux-ci sont un peu serrés.
16740	corpus-6-dev	FR	Ils ont dit qu'on était bon pour de la neige.
16741	corpus-6-train	FR	Merci. Bonne journée.
16743	corpus-6-train	FR	Un sushi est une petite boule de riz ovale enrobée d'une fine tranche de poisson cru ou de fruits de mer.
16744	corpus-6-train	FR	Je crains de ne pas pouvoir obtenir une autorisation sur cette carte de crédit.
16746	corpus-6-test-corpus-26-train	FR	Je voudrais du parfum.
16747	corpus-6-test-corpus-26-train	FR	Puis-je avoir un horaire?
16750	corpus-6-train	FR	J'organise une fête. J'espérais vous y voir.
16751	corpus-6-test-corpus-26-test	FR	C'est ici que vous allez à l'école?
16753	corpus-6-train	FR	Désirez-vous fumeur ou non-fumeur?
16754	corpus-6-train	FR	Pouvez-vous m'indiquer le montant?
16755	corpus-6-train	FR	Non, je ne fais que regarder.
16758	corpus-6-test-corpus-26-dev	FR	Il y en avait beaucoup à l'intérieur?
16760	corpus-6-test-corpus-26-train	FR	Est-ce que le Hilton est loin d'ici?
16761	corpus-6-train	FR	Je veux contacter notre guide. Vous pouvez me dire comment on passe un coup de fil?
16763	corpus-6-dev	FR	Vérifiez ma voiture.
16766	corpus-6-train	FR	Je vais faire ça. Merci de votre aide.
16767	corpus-6-train	FR	Vingt dollars en pièces de vingt-cinq, s'il vous plaît.
16768	corpus-6-dev	FR	Connaissez-vous des restaurants qui restent ouverts tard dans la nuit?
16769	corpus-6-test-corpus-26-train	FR	Je suis sûr de l'avoir mis dans mon porte-documents.
16770	corpus-6-test-corpus-26-train	FR	Les mains en l'air.
16771	corpus-6-test-corpus-26-train	FR	Y a-t-il un restaurant que vous nous conseillez près d'ici?
16773	corpus-6-test-corpus-26-train	FR	Que préféreriez-vous, du foncé ou du clair?
16775	corpus-6-train	FR	Je suis désolé, je n'ai pas compris la signification de ce panneau de signalisation.
16776	corpus-6-train	FR	Etes-vous ouvert vingt-quatre heures sur vingt-quatre?
16777	corpus-6-train	FR	Je ne sais pas exactement quel bus va à Wall Street.
16778	corpus-6-train	FR	Est-ce que ce bus s'arrête près de Green Park?
16781	corpus-6-test-corpus-26-train	FR	Vous pouvez me dire où on va?
16784	corpus-6-train	FR	Pouvez-vous en trouver un à ma taille?
16785	corpus-6-train	FR	Merci. Je vais prendre un autre verre, s'il vous plaît.
16786	corpus-6-train	FR	Pourriez-vous me recommander une agence de voyages?
16787	corpus-6-train	FR	Trois pressions, s'il vous plaît.
16788	corpus-6-train	FR	Vous avez de la fièvre?
16789	corpus-6-train	FR	Quel genre de valise?
16790	corpus-6-train	FR	Je voudrais un seau.
16792	corpus-6-train	FR	Le ticket coûte au total quatre-vingt-quinze mille neuf cent trente yens.
16793	corpus-6-test-corpus-26-train	FR	Un billet de correspondance, s'il vous plaît.
16794	corpus-6-train	FR	Les visites en chambre coûtent cher. Allez plutôt en salle d'examen.
16795	corpus-6-train	FR	Prenez tout droit sur cette route et tournez à droite à l'intersection. Le musée se trouve juste là.
16796	corpus-6-test-corpus-26-train	FR	Où peut-on trouver un bel endroit pour faire une excursion d'une journée?
16797	corpus-6-train	FR	Je voudrais un sandwich au rosbif.
16798	corpus-6-train	FR	Je ne m'occupe pas des gants. Voyez avec le responsable de ce rayon, je vous prie.
16799	corpus-6-test-corpus-26-train	FR	Je veux le sac Kelly rouge dans le même style que celui-ci.
16801	corpus-6-train	FR	Excusez-moi. Comment fait-on pour aller à Union Church?
16802	corpus-6-dev	FR	Dites-lui de m'appeler à son retour.
16803	corpus-6-train	FR	A environ dix minutes de marche.
16805	corpus-6-test-corpus-26-train	FR	On peut encore tenir les dates?
16806	corpus-6-dev	FR	Quand est-ce qu'on arrive à Chester?
16810	corpus-6-test-corpus-26-train	FR	A quelle heure ouvre la banque?
16811	corpus-6-test-corpus-26-train	FR	Je ne me sens pas bien.
16812	corpus-6-train	FR	Excusez-moi, mais ça ne semble pas correct.
16813	corpus-6-train	FR	Ma voiture est en panne d'essence.
16814	corpus-6-train	FR	Bonjour, c'est la chambre cent vingt-trois. Je voudrais une couverture, s'il vous plaît.
16816	corpus-6-train	FR	Veuillez me réserver une table pour quatre à dix-neuf heures. Mon nom est Sakata.
16819	corpus-6-test-corpus-26-train	FR	C'est confus. Pourriez-vous me tracer un plan?
16820	corpus-6-train	FR	Je ne crois pas qu'ils en aient encore, mais je l'ai trouvé sur la Troisième Rue.
16822	corpus-6-test-corpus-26-test	FR	Dehors.
16824	corpus-6-train	FR	Conseillez-moi une boutique.
16825	corpus-6-train	FR	L'heure d'été commence demain aux Etats-Unis, si je me souviens bien.
16827	corpus-6-train	FR	Vous pouvez me garder mes sacs jusqu'à seize heures?
16828	corpus-6-train	FR	Pourriez-vous m'indiquer où dîner pour pas trop cher?
16829	corpus-6-test-corpus-26-test	FR	Emmenez-moi à l'hôpital.
16830	corpus-6-dev	FR	J'ai grillé le stop.
16832	corpus-6-train	FR	Vingt-trois heures quarante.
16833	corpus-6-test-corpus-26-train	FR	Est-ce que je dois venir à l'hôpital tous les jours?
16834	corpus-6-train	FR	Je voudrais de l'eau minérale.
16837	corpus-6-test-corpus-26-train	FR	J'ai mal à l'estomac.
16838	corpus-6-train	FR	La climatisation n'a pas l'air de marcher.
16839	corpus-6-test-corpus-26-train	FR	Combien coûte l'affranchissement pour envoyer cette lettre au Japon?
16842	corpus-6-test-corpus-26-train	FR	Je voudrais un verre de sherry.
16843	corpus-6-train	FR	Où est servi le dîner?
16845	corpus-6-train	FR	Vous trouvez que ça vaut le coup d'aller voir la Statue de Liberté?
16846	corpus-6-train	FR	Tokyo zéro trois vingt-quatre soixante cinq cent soixante-dix-neuf.
16847	corpus-6-train	FR	Puis-je commander un verre de vin?
16848	corpus-6-train	FR	C'était exceptionnel.
16850	corpus-6-train	FR	Je n'ai pas compris ça. Il a dit trop de choses.
16851	corpus-6-train	FR	Mettez-les au réfrigérateur dès que vous le pourrez.
16852	corpus-6-train	FR	Où se trouve le magasin de prêt-à-porter le plus proche?
16855	corpus-6-train	FR	Quels papiers faut-il pour la procédure?
16857	corpus-6-train	FR	Je vous suggère de venir en mai ou en octobre qui sont les meilleurs mois de l'année.
16858	corpus-6-dev	FR	Ce rayon offre le meilleur choix de toute la ville. Je suis sûr que vous y trouverez le tapis que vous recherchez.
16859	corpus-6-dev	FR	J'adore parce que ça fait longtemps que je voulais y venir.
16863	corpus-6-dev	FR	Je voudrais une place couloir proche d'une issue de secours.
16865	corpus-6-train	FR	Je suis en nage.
16866	corpus-6-dev	FR	Oui, que voudriez-vous changer?
16867	corpus-6-train	FR	Oui. Puis-je voir votre carte étudiant?
16868	corpus-6-train	FR	Les trois et cinq mai sont des jours fériés. Nous avons donc décidé de faire le pont en ajoutant le quatre.
16869	corpus-6-test-corpus-26-train	FR	Faut-il venir vous chercher à l'aéroport?
16870	corpus-6-dev	FR	Notre commande n'est pas encore arrivée.
16871	corpus-6-train	FR	Pouvez-vous recommander un concert?
16872	corpus-6-test-corpus-26-dev	FR	L'embarquement débute à quatre heures trente. Soyez en avance.
16875	corpus-6-train	FR	C'est quatre-vingt-cinq centimes. N'oubliez pas de prendre une correspondance en montant pour éviter d'avoir à payer en changeant de bus.
16877	corpus-6-train	FR	Appel en PCV pour le Japon, s'il vous plaît.
16878	corpus-6-test-corpus-26-train	FR	A partir de trente mille yens.
16879	corpus-6-test-corpus-26-train	FR	Où est-ce que je peux acheter une carte téléphonique?
16880	corpus-6-train	FR	Le compteur de poses ne marche pas bien.
16881	corpus-6-train	FR	Les deux aéroports vont sûrement devenir de nouvelles fenêtres pour promouvoir la communication avec les peuples d'autres pays.
16883	corpus-6-train	FR	A quelle heure ouvre la boutique?
16884	corpus-6-train	FR	Prenez la ligne E vers la Quatrième rue et changez pour la F.
16886	corpus-6-dev	FR	Beaucoup d'enfants font leurs études secondaires dans le privé afin d'intégrer de meilleurs lycées et universités.
16887	corpus-6-train	FR	Ce sont des accessoires pour appareil photo. Ils sont très fragiles.
16888	corpus-6-test-corpus-26-train	FR	Je peux le rendre dans une autre ville?
16889	corpus-6-test-corpus-26-dev	FR	Je compte rester douze jours.
16890	corpus-6-train	FR	Je vais à New York pour affaires.
16891	corpus-6-train	FR	Le tarif pour les trois premières minutes est de dix centimes.
16893	corpus-6-test-corpus-26-train	FR	Allongez un peu le haut.
16895	corpus-6-train	FR	Où y a-t-il une laverie automatique?
16896	corpus-6-test-corpus-26-train	FR	Vous devez voir un spécialiste.
16899	corpus-6-test-corpus-26-dev	FR	Encore quelques minutes, s'il vous plaît.
16903	corpus-6-train	FR	Qu'est-ce qui passe à l'opéra ce soir?
16904	corpus-6-test-corpus-26-train	FR	Quai numéro quatorze.
16906	corpus-6-train	FR	Je prends ce médicament toutes les six heures.
16907	corpus-6-train	FR	Pouvez-vous poster ceci?
16909	corpus-6-train	FR	Le fond est recouvert de corail.
16910	corpus-6-train	FR	Je voudrais passer un appel en PCV.
16911	corpus-6-test-corpus-26-train	FR	Oh, vraiment? Vous avez certainement un grand choix.
16913	corpus-6-train	FR	C'est combien le yard?
16915	corpus-6-dev	FR	Bien sûr que oui. Ouvrez-le, je vous prie.
16916	corpus-6-train	FR	Tournez-vous.
16917	corpus-6-train	FR	On va tous entrer en même temps?
16918	corpus-6-train	FR	Allez tout droit dans cette rue, prenez la deuxième à gauche, et c'est là.
16919	corpus-6-train	FR	Pouvez-vous garder la clé de ma chambre?
16920	corpus-6-train	FR	Vous pouvez prendre le vol ANA numéro cinquante-neuf, départ de Tokyo à neuf heures cinquante-cinq, arrivée à Sapporo à onze heures vingt-cinq.
16921	corpus-6-train	FR	Notre assiette d'huîtres est plutôt légère.
16923	corpus-6-train	FR	Un de cinquante, cinq de vingt et dix de dix, s'il vous plaît.
16925	corpus-6-train	FR	Tournez à gauche à la deuxième. C'est sur votre droite.
16928	corpus-6-test-corpus-26-dev	FR	Je ne les trouve nulle part.
16934	corpus-6-train	FR	Deux billets pour Rome en seconde.
16936	corpus-6-test-corpus-26-test	FR	Il vous reste des places pour Londres?
16937	corpus-6-train	FR	Puis-je payer maintenant?
16939	corpus-6-train	FR	Pourriez-vous me montrer la liste de types de voitures et leur prix?
16941	corpus-6-train	FR	A quelle heure commence l'embarquement?
16942	corpus-6-train	FR	Montrez-moi sur cette carte où je me trouve.
16945	corpus-6-dev	FR	J'aimerais bien aller faire de la plongée.
16946	corpus-6-train	FR	Pour une femme d'âge mûr.
16948	corpus-6-train	FR	Vous l'avez en bleu?
16949	corpus-6-dev	FR	Ça, c'est King Street.
16950	corpus-6-dev	FR	Prenez la troisième intersection.
16952	corpus-6-test-corpus-26-train	FR	Je voudrais une copie de la déclaration de vol.
16953	corpus-6-train	FR	La bonde de la baignoire ne marche pas.
16954	corpus-6-dev	FR	Y a-t-il un bon magasin de prêt-à-porter féminin?
16955	corpus-6-test-corpus-26-dev	FR	C'est à un pâté de maisons le long de cette rue.
16956	corpus-6-train	FR	Vous devez me trouver une place à bord de ce vol.
16957	corpus-6-train	FR	Cette valise ressemble à la mienne, mais ce n'est pas la mienne.
16958	corpus-6-train	FR	Où puis-je changer de l'argent?
16959	corpus-6-train	FR	C'est une billetterie à prix cassés. Vous pouvez y acheter des billets à cinquante pour cent de réduction.
16960	corpus-6-test-corpus-26-train	FR	Pouvez-vous me donner du feu tant que vous y êtes?
16961	corpus-6-train	FR	Oh, c'est assez loin, Monsieur. Un taxi reviendrait à cher. Mais si vous apprenez à prendre le métro, vous pourrez aller partout.
16962	corpus-6-test-corpus-26-test	FR	Ce sont des cigarettes légères?
16964	corpus-6-test-corpus-26-train	FR	Très bien. Juste comme ça.
16966	corpus-6-train	FR	Quand commence le cours?
16967	corpus-6-test-corpus-26-train	FR	Le prochain express est dans une heure.
16970	corpus-6-train	FR	Je t'enverrai une photo.
16971	corpus-6-train	FR	Y a-t-il un délai de grâce après l'heure de départ?
16972	corpus-6-train	FR	Pouvez-vous me faire la monnaie en billets d'un dollar?
16974	corpus-6-train	FR	Non, je le rappellerai.
16976	corpus-6-test-corpus-26-train	FR	Je voudrais allonger les manches de cette veste de sport.
16977	corpus-6-train	FR	Le café est au comptoir là-bas, alors servez-vous.
16979	corpus-6-train	FR	Je voudrais une coupe d'entretien.
16981	corpus-6-train	FR	Cette route vous conduit au lac.
16983	corpus-6-train	FR	Les deux graphiques illustrent les changements que connaît notre part de marché.
16984	corpus-6-train	FR	J'ai loupé mon arrêt. Il faut combien de temps jusqu'au prochain?
16985	corpus-6-train	FR	Où puis-je le trouver?
16987	corpus-6-train	FR	Je vais prendre une radio.
16989	corpus-6-train	FR	Vous feriez mieux de prendre rendez-vous avec un médecin.
16991	corpus-6-train	FR	J'ai réservé pour deux nuits. Mon nom est Risa Kobayashi.
16992	corpus-6-test-corpus-26-train	FR	J'ai une réservation. Voici le numéro de confirmation.
16994	corpus-6-train	FR	Vous vous joignez à nous pour la photo?
16995	corpus-6-train	FR	Où sont les douches?
16996	corpus-6-train	FR	Je vais au club de fitness. Je peux l'utiliser gratuitement?
16998	corpus-6-train	FR	Je l'ai mis ici, comme ceci, il y a à peu près trente minutes.
16999	corpus-6-train	FR	Je peux manger la peau de ce fruit et tout le reste?
17001	corpus-6-train	FR	Qu'est-ce qui est le moins cher, ça ou ça?
17002	corpus-6-dev	FR	Puis-je me mettre près de la fenêtre?
17003	corpus-6-train	FR	Je voudrais une voiture à boîte automatique.
17004	corpus-6-train	FR	Une pellicule couleur trente-cinq millimètres, s'il vous plaît.
17005	corpus-6-train	FR	Quand êtes-vous ouvert?
17006	corpus-6-train	FR	Tournez à gauche au croisement.
17007	corpus-6-train	FR	Je voudrais un guide privé pour toute une journée.
17009	corpus-6-train	FR	Ma gencive saigne.
17010	corpus-6-train	FR	Je suis assuré.
17011	corpus-6-train	FR	Non, pas beaucoup. Juste deux sacs.
17012	corpus-6-train	FR	Une petite bouteille de Moselle, s'il vous plaît.
17013	corpus-6-dev	FR	Je ne mérite pas un tel honneur.
17014	corpus-6-train	FR	Et si on se retrouvait ici demain?
17017	corpus-6-train	FR	Quels sont les produits locaux?
17018	corpus-6-train	FR	Voici votre note. Cela fait deux cent quatre-vingt-quatre dollars.
17019	corpus-6-train	FR	Voudriez-vous jeter un œil à notre nouvelle ligne de chemisiers?
17021	corpus-6-train	FR	Si vous ne vous en occupez pas, pouvez-vous me conseiller un magasin spécialisé?
17022	corpus-6-train	FR	Y a-t-il un hôtel dans les environs?
17024	corpus-6-train	FR	Savez-vous s'il y a un restaurant espagnol près d'ici?
17025	corpus-6-train	FR	Je dois le prendre tous les combien de temps?
17026	corpus-6-dev	FR	Merci d'avoir patienté. Ohno à l'appareil.
17027	corpus-6-test-corpus-26-train	FR	Votre anniversaire approche.
17028	corpus-6-train	FR	Vous me ferez une réduction de combien?
17029	corpus-6-train	FR	Je trouve très relaxant d'aller au musée.
17030	corpus-6-test-corpus-26-dev	FR	Les trains ne circulent pas à cause de la grève.
17035	corpus-6-train	FR	Puis-je avoir du jus de fruit?
17036	corpus-6-dev	FR	OK. Un instant. Je vous envoie quelqu'un dans votre chambre.
17038	corpus-6-test-corpus-26-train	FR	Pouvez-vous réparer ceci?
17040	corpus-6-train	FR	Avez-vous une chambre simple pour ce soir?
17042	corpus-6-dev	FR	Y a-t-il des pistes pour débutants?
17046	corpus-6-train	FR	Le vingt-six quatre-vingt-onze zéro cinquante et un, l'indicatif régional est le zéro trois.
17049	corpus-6-train	FR	Je vois que vous avez un joli salon.
17050	corpus-6-train	FR	J'ai bien peur de ne pas pouvoir l'accepter. Nous prenons la carte Visa.
17052	corpus-6-train	FR	Je recommanderais ceci.
17054	corpus-6-dev	FR	A-t-on le droit de les sortir du pays?
17055	corpus-6-train	FR	Il me faut plus de temps pour faire mes bagages.
17056	corpus-6-train	FR	J'ai demandé à Ann de chanter une chanson.
17058	corpus-6-train	FR	Je voudrais réserver une table pour dix-huit heures le jeudi sept août.
17062	corpus-6-train	FR	Quel est le programme du jour?
17063	corpus-6-train	FR	Mon Dieu, on va vraiment toucher le fond?
17067	corpus-6-train	FR	Un sherry, s'il vous plaît.
17068	corpus-6-test-corpus-26-dev	FR	La rue était encombrée de voitures.
17069	corpus-6-train	FR	Pourriez-vous recommander un bon restaurant chinois par ici?
17070	corpus-6-train	FR	C'est combien à peu près pour l'aéroport?
17071	corpus-6-train	FR	Je voudrais partir. C'est la chambre deux cent six.
17072	corpus-6-train	FR	J'ai réservé une chambre avec baignoire par le biais de l'agence de voyages à Tokyo.
17073	corpus-6-train	FR	Il a pris combien?
17074	corpus-6-train	FR	Ça ressemble à quoi?
17077	corpus-6-train	FR	Puis-je avoir un laxatif?
17078	corpus-6-dev	FR	Pouvez-vous m'indiquer comment aller à la station de métro?
17079	corpus-6-test-corpus-26-train	FR	C'est le deuxième immeuble à gauche de ce bâtiment blanc.
17087	corpus-6-train	FR	C'est trop discret.
17088	corpus-6-train	FR	Je veux rester un jour de plus.
17091	corpus-6-train	FR	Où sont les objets trouvés?
17093	corpus-6-train	FR	Vous permettez?
17094	corpus-6-test-corpus-26-train	FR	Nous avons réservé une place pour le vingt-cinq octobre à onze heures du matin.
17097	corpus-6-test-corpus-26-train	FR	Non, un peu plus devant. Voilà, oui.
17098	corpus-6-train	FR	C'est un film d'horreur?
17099	corpus-6-train	FR	Je suis ici pour rencontrer mon ami.
17101	corpus-6-dev	FR	Je voudrais un poste de radio.
17103	corpus-6-train	FR	Où est le salon de beauté?
17105	corpus-6-train	FR	L'opérateur international, s'il vous plaît.
17106	corpus-6-train	FR	Excusez-moi. Je descends.
17107	corpus-6-dev	FR	"Les billets ""S"" sont tous vendus."
17108	corpus-6-train	FR	Y a-t-il une banque japonaise dans le coin?
17110	corpus-6-train	FR	Quel est le numéro du bar?
17111	corpus-6-train	FR	Pouvez-vous prescrire des somnifères?
17112	corpus-6-train	FR	Vous n'avez rien en coton?
17113	corpus-6-dev	FR	Je voudrais une place orchestre, s'il vous plaît.
17115	corpus-6-test-corpus-26-train	FR	Oui, les repas ne sont pas inclus.
17117	corpus-6-test-corpus-26-train	FR	Où puis-je me faire rembourser ce billet?
17118	corpus-6-train	FR	Est-ce que vous aller payer le supplément de cinq pour cent?
17120	corpus-6-test-corpus-26-train	FR	Pourquoi cela arrive-t-il aussi souvent?
17122	corpus-6-train	FR	Je voudrais agrandir cette photo au format poster.
17123	corpus-6-train	FR	Composez le zéro suivi du numéro de téléphone de votre correspondant.
17125	corpus-6-train	FR	Des règles spéciales?
17126	corpus-6-train	FR	OK. Quel type de chambre désirez-vous?
17127	corpus-6-train	FR	Il y a un problème de climatisation.
17132	corpus-6-train	FR	Oui, certainement.
17133	corpus-6-train	FR	Je voudrais une paire de chaussures en cuir.
17134	corpus-6-train	FR	Vous pensez qu'on peut le mettre sur l'étagère qui est là-bas?
17135	corpus-6-train	FR	Pourrions-nous avoir un guide qui parle japonais?
17136	corpus-6-train	FR	Deux billets pour Chicago, aller-retour, wagon-bar, s'il vous plaît.
17138	corpus-6-train	FR	Où y a-t-il une boîte en vogue?
17140	corpus-6-train	FR	Pourriez-vous ajuster la longueur?
17144	corpus-6-train	FR	Eh, vous. Qu'est-ce que vous faites dans ma voiture?
17149	corpus-6-test-corpus-26-train	FR	Je veux voir le reste.
17151	corpus-6-train	FR	Je vais le prendre, s'il vous plaît.
17152	corpus-6-train	FR	Je dois changer mes lentilles de contact. Voici l'ordonnance.
17153	corpus-6-dev	FR	Oui, je crois que je vais commencer par une soupe de palourdes.
17154	corpus-6-train	FR	Pourriez-vous m'avertir avant d'arriver à cette gare?
17155	corpus-6-train	FR	Ouah. J'ai passé toutes les procédures d'entrée.
17158	corpus-6-test-corpus-26-train	FR	Ma voiture est tombée en panne. Venez la récupérer, s'il vous plaît.
17159	corpus-6-train	FR	J'ai une réservation pour deux semaines.
17160	corpus-6-train	FR	Je suis désolé, ma montre ne fonctionne pas très bien. Mais je suis sûr qu'il est plus de quatorze heures de toute façon.
17162	corpus-6-train	FR	Vous pourriez nous garder ce vin jusqu'à demain soir?
17163	corpus-6-test-corpus-26-train	FR	Je voudrais mes cheveux un peu plus long derrière.
17164	corpus-6-train	FR	Je voudrais un peu de monnaie aussi.
17165	corpus-6-train	FR	Est-ce que cette rue mène à Central Park?
17168	corpus-6-train	FR	Je n'arrive pas à uriner et j'ai mal en bas de l'abdomen.
17169	corpus-6-dev	FR	Avez-vous des allergies?
17171	corpus-6-train	FR	Il y a de plus en plus de femmes dans les postes de la direction.
17172	corpus-6-train	FR	Avez-vous une carte de débarquement?
17173	corpus-6-train	FR	Avec quoi servez-vous le steak?
17174	corpus-6-train	FR	Permettez-moi de vérifier.
17175	corpus-6-train	FR	Laissez-moi l'essayer, s'il vous plaît.
17176	corpus-6-train	FR	Allons voir un match de tennis.
17177	corpus-6-test-corpus-26-train	FR	Quelles sortes avez-vous?
17178	corpus-6-train	FR	Apportez-moi un oreiller, je vous prie.
17179	corpus-6-test-corpus-26-dev	FR	Je suis d'accord. C'est l'un de mes endroits préférés.
17180	corpus-6-test-corpus-26-train	FR	Quel genre de maquette avez-vous en tête?
17181	corpus-6-train	FR	Pourquoi ne peut-on pas descendre à l'hôtel que nous avons réservé?
17185	corpus-6-train	FR	Vous avez le mauvais numéro.
17192	corpus-6-train	FR	Nous avons de la très bonne côte de bœuf aujourd'hui.
17196	corpus-6-dev	FR	C'est jeudi.
17198	corpus-6-train	FR	Quelle est la comédie musicale la plus en vue en ce moment?
17199	corpus-6-train	FR	Dois-je lui demander de vous rappeler à son retour?
17204	corpus-6-test-corpus-26-test	FR	Mon nom est Michiko Tanaka et mon numéro de vol est le cinq cent un pour Tokyo.
17205	corpus-6-train	FR	Envoyez cette lettre en express.
17209	corpus-6-train	FR	Votre système de développement de produit est tout à fait compatible avec la protection de l'environnement.
17212	corpus-6-train	FR	Toute cette nourriture grasse est difficile à digérer.
17216	corpus-6-test-corpus-26-train	FR	Pouvez-vous me dessiner un plan simple de l'endroit où nous sommes?
17217	corpus-6-test-corpus-26-train	FR	On se donne rendez-vous où?
17218	corpus-6-train	FR	Veuillez faire ma chambre, merci.
17219	corpus-6-train	FR	Avez-vous une page de garde pour les fax?
17221	corpus-6-train	FR	La douleur m'empêche de dormir.
17222	corpus-6-test-corpus-26-train	FR	Je voudrais la même coiffure qu'avant.
17223	corpus-6-train	FR	Il faut combien de temps pour aller à la gare?
17224	corpus-6-dev	FR	Je n'ai pas utilisé votre service de blanchisserie.
17225	corpus-6-train	FR	Je voudrais des contraceptifs.
17226	corpus-6-train	FR	Je voudrais reconfirmer mon vol, le trente et un juillet de Londres à Tokyo. Mon nom est Tanaka.
17228	corpus-6-train	FR	C'est trop cher pour moi.
17229	corpus-6-test-corpus-26-train	FR	Donne-moi cinquante, s'il te plaît.
17231	corpus-6-train	FR	Bien entendu. Puis-je avoir votre nom et votre numéro de téléphone?
17233	corpus-6-train	FR	J'ai eu un accident de moto.
17236	corpus-6-train	FR	Je suis contraint d'annuler notre rendez-vous.
17237	corpus-6-train	FR	J'aimerais louer un meublé pour un mois.
17240	corpus-6-train	FR	Nous vous demandons de bien vouloir faire examiner vos plantes et animaux éventuels au comptoir de quarantaine.
17242	corpus-6-dev	FR	Tout droit.
17243	corpus-6-train	FR	Je voudrais changer cinquante mille yens en dollars.
17244	corpus-6-train	FR	Je peux le prendre plus tôt? Parce que j'en ai besoin le plus rapidement possible.
17245	corpus-6-train	FR	Il est né en soixante-neuf.
17247	corpus-6-train	FR	Il me faut au moins une demi-heure pour faire mes bagages.
17249	corpus-6-train	FR	Ces boissons non alcoolisées sont gratuites.
17252	corpus-6-train	FR	Je suis navré, mais je ne sais pas. Je suis touriste moi aussi.
17253	corpus-6-dev	FR	J'aimerais vous parler plus longuement.
17254	corpus-6-train	FR	Je voudrais un assortiment de jambon.
17256	corpus-6-train	FR	Quelle taille faites-vous?
17257	corpus-6-train	FR	Je peux l'essayer?
17258	corpus-6-train	FR	Voyez-vous, nous souffrons des effets directs de l'explosion de la récession.
17260	corpus-6-train	FR	Pouvez-vous me trouver une place pour le vol de demain, s'il vous plaît?
17261	corpus-6-train	FR	Naturellement. En voulez-vous cinq de dix dollars?
17262	corpus-6-train	FR	Je suis descendu à l'hôtel abc. Contactez-moi là-bas.
17263	corpus-6-train	FR	Il a surgi d'une rue adjacente et je n'ai pas eu le temps de l'éviter.
17265	corpus-6-train	FR	J'emmène mon fils au zoo.
17267	corpus-6-train	FR	On arriverait à Los Angeles après environ cinq cent cinquante kilomètres de route au sud de San Francisco.
17268	corpus-6-train	FR	Ce fut un plaisir de faire votre connaissance.
17269	corpus-6-train	FR	Nous aimerions des pommes de terre au four, s'il vous plaît. Et mettez le beurre séparément.
17270	corpus-6-train	FR	Combien faut-il payer l'instructeur?
17271	corpus-6-train	FR	Vous avez terminé?
17272	corpus-6-test-corpus-26-train	FR	Où puis-je m'enregistrer pour JAL?
17273	corpus-6-dev	FR	A quelle heure commence l'opéra?
17276	corpus-6-train	FR	Voici notre nouveau modèle. Nous l'appelons l'ordinateur de rêve.
17280	corpus-6-test-corpus-26-train	FR	Quel est le contenu?
17284	corpus-6-train	FR	Je veux essayer un plat typique de ce port de pêche.
17287	corpus-6-dev	FR	Vous pourriez me réserver une place?
17288	corpus-6-train	FR	Vous pouvez payer les deux cents dollars en yens japonais.
17290	corpus-6-train	FR	Donnez-moi une pellicule de trente-cinq millimètres, trente-six poses, cent ASA et une autre de trente-cinq millimètres, vingt poses, quatre cents ASA.
17292	corpus-6-train	FR	L'accident a aggravé la circulation.
17293	corpus-6-train	FR	Quelle tranche de prix avez-vous en tête?
17294	corpus-6-train	FR	Pouvez-vous envoyer ce colis au Japon par voie maritime?
17295	corpus-6-test-corpus-26-train	FR	Y a-t-il des endroits sont fortement recommandés dans le quartier?
17297	corpus-6-train	FR	Bon. Tournez à la prochaine à droite. Vous le verrez juste en face de vous.
17298	corpus-6-train	FR	J'aimerais réserver une chambre d'hôtel en ville.
17301	corpus-6-train	FR	Pour cinq jours.
17302	corpus-6-train	FR	Le pull rouge que j'ai acheté la semaine dernière ne me va pas. Pourrais-je l'échanger contre une autre couleur?
17303	corpus-6-train	FR	Où sont les toilettes les plus proches d'ici?
17304	corpus-6-dev	FR	Où est ma place?
17305	corpus-6-train	FR	Très bien, donc trois pellicules font neuf dollars et soixante-dix-sept centimes.
17306	corpus-6-train	FR	Qu'est-ce qui m'arrive?
17308	corpus-6-train	FR	Je suis désolé, vous n'avez pas le droit.
17309	corpus-6-dev	FR	Oui, Monsieur. Le voici.
17310	corpus-6-train	FR	Gardez-moi cette place, voulez-vous?
17311	corpus-6-test-corpus-26-train	FR	Donnez-moi de la monnaie, s'il vous plaît.
17312	corpus-6-train	FR	Y a-t-il des ruines antiques?
17313	corpus-6-test-corpus-26-train	FR	Parfait. Je veillerai à ce que vos sacs soient ici.
17314	corpus-6-train	FR	"Si tu dis juste ""de l'eau"", ils ne vont pas t'apporter plutôt de l'eau gazeuse?"
17315	corpus-6-test-corpus-26-train	FR	Ceci est notre spécialité, la sole de Douvres grillée.
17316	corpus-6-train	FR	Je n'ai pas envie de vomir, mais je n'ai pas d'appétit.
17317	corpus-6-train	FR	Où ça?
17320	corpus-6-train	FR	Où se trouve le bureau de poste le plus proche?
17321	corpus-6-train	FR	J'ai perdu la clé de ma chambre. L'a-t-on rapportée ici?
17322	corpus-6-train	FR	Y a-t-il un guide parlant japonais?
17323	corpus-6-train	FR	A Miami, s'il vous plaît.
17324	corpus-6-train	FR	C'est une telle galère pour obtenir un visa.
17325	corpus-6-dev	FR	Les affaires ont été bonnes aujourd'hui, n'est-ce pas?
17326	corpus-6-train	FR	Pourriez-vous me tracer un plan?
17329	corpus-6-train	FR	Je voudrais la table la plus proche, s'il vous plaît.
17330	corpus-6-train	FR	Où est le guichet?
17331	corpus-6-train	FR	Avez-vous quelque chose de plus petit?
17332	corpus-6-train	FR	OK. Et quel genre de fruit voudriez-vous? Nous avons des oranges, des fraises et du raisin.
17333	corpus-6-train	FR	Je prendrais un décaféiné.
17334	corpus-6-train	FR	Puis-je prendre à bord un sac de cette taille?
17335	corpus-6-train	FR	Je voudrais une permanente serrée.
17336	corpus-6-train	FR	Je n'arrive pas à joindre ce numéro.
17339	corpus-6-test-corpus-26-train	FR	Nous allons rester.
17340	corpus-6-train	FR	Je suis vraiment contrarié, mais je n'aime pas me disputer avec les gens.
17341	corpus-6-train	FR	Où puis-je trouver la limousine pour le Summit Hotel?
17343	corpus-6-train	FR	Non. Nous sommes maintenant dans l'œil du typhon. Bientôt les fortes pluies et les vents violents recommenceront.
17344	corpus-6-train	FR	Comment puis-je regarder les émissions de télévision câblée?
17345	corpus-6-train	FR	Le quinze ou le seize mai?
17349	corpus-6-train	FR	J'avais des cartes de crédit et deux cents dollars dans mon portefeuille.
17350	corpus-6-test-corpus-26-train	FR	On m'a agressé.
17353	corpus-6-train	FR	Je voudrais acheter un nouvel étui à lunettes.
17356	corpus-6-test-corpus-26-train	FR	Très bien. Dois-je faire la mise au point?
17358	corpus-6-train	FR	Vous connaissez un bon hôtel?
17359	corpus-6-train	FR	Il est professeur à l'Université A.
17361	corpus-6-train	FR	J'ai besoin d'un porteur, s'il vous plaît.
17362	corpus-6-train	FR	C'est ouvert jusqu'à quelle heure aujourd'hui?
17366	corpus-6-train	FR	Pouvez-vous confirmer ma réservation sur le vol du douze octobre?
17368	corpus-6-train	FR	C'est exactement ce qu'il me faut.
17372	corpus-6-train	FR	Prends-toi cinq dollars.
17373	corpus-6-train	FR	Le base-ball est très populaire.
17374	corpus-6-train	FR	Je veux acheter des fruits. Qu'est-ce qui est bon en ce moment?
17376	corpus-6-train	FR	Est-ce qu'ils servent de bons vins au restaurant?
17381	corpus-6-test-corpus-26-dev	FR	On partagera.
17383	corpus-6-train	FR	Vous n'avez rien de plus grand?
17385	corpus-6-train	FR	Où se trouve la gare routière pour les bus Greyhound?
17386	corpus-6-train	FR	Excusez-moi. Y a-t-il un grand magasin près ici?
17388	corpus-6-train	FR	A mon avis, oui. Les Japonais évaluent leur expérience et leur sagesse notamment dans le domaine de l'administration et de la gestion.
17391	corpus-6-train	FR	Le restaurant est là-bas.
17392	corpus-6-train	FR	C'était un faux numéro.
17393	corpus-6-train	FR	Nous avons du très bon homard aujourd'hui.
17394	corpus-6-test-corpus-26-train	FR	Nous n'avons actuellement pas ce style particulier. Je vais vérifier notre stock. Patientez une minute, s'il vous plaît.
17395	corpus-6-dev	FR	Est-ce qu'il permis de prendre une photo de ce bâtiment?
17396	corpus-6-train	FR	Changez ce billet en pièces.
17398	corpus-6-test-corpus-26-train	FR	Un scotch avec de l'eau, s'il vous plaît.
17399	corpus-6-test-corpus-26-train	FR	Ça a l'air intéressant. Combien est-ce que ça coûte?
17400	corpus-6-train	FR	Est-ce que quelqu'un parle anglais ici?
17402	corpus-6-train	FR	Je m'appelle Miyuki Kato et je suis un ami de Mary depuis l'époque où elle étudiait au Japon. Est-ce que Mary est là?
17405	corpus-6-train	FR	C'est à combien de milles d'ici?
17408	corpus-6-train	FR	Excusez-moi, comment puis-je me rendre à la gare?
17409	corpus-6-train	FR	Où et vers quelle heure est-ce que tu vas rentrer?
17410	corpus-6-train	FR	C'est cassé.
17411	corpus-6-train	FR	Je vais très bien, merci.
17412	corpus-6-train	FR	Je suis membre du groupe d'excursion A.
17413	corpus-6-train	FR	Le numéro est le zéro trois trente-trois cinquante et un six centre quatre-vingt-onze.
17414	corpus-6-test-corpus-26-train	FR	Portez cette ordonnance à la pharmacie. Vous y trouverez le médicament.
17419	corpus-6-train	FR	Pourriez-vous me montrer cette bague?
17421	corpus-6-train	FR	La taille est trop grande pour moi. Vous l'avez dans une plus petite taille?
17423	corpus-6-train	FR	Pourriez-vous raccourcir les manches de cette chemise, s'il vous plaît?
17424	corpus-6-train	FR	Quelque chose ne va pas?
17429	corpus-6-train	FR	Donnez-moi deux bouteilles de whisky et une bouteille de cognac, s'il vous plaît.
17431	corpus-6-train	FR	Je suis allergique au pollen.
17432	corpus-6-dev	FR	Ce transistor, c'est un cadeau?
17433	corpus-6-dev	FR	Dans une semaine, je retourne au Japon.
17434	corpus-6-train	FR	Vous devez faire le neuf et le un d'abord, puis l'indicatif régional et le numéro du téléphone.
17438	corpus-6-test-corpus-26-train	FR	J'ai commandé ça.
17439	corpus-6-train	FR	Du thé au lait.
17442	corpus-6-train	FR	Juste une coupe, s'il vous plaît.
17443	corpus-6-dev	FR	Vendez-vous des articles détaxés à bord du vol?
17444	corpus-6-train	FR	Pourquoi est-ce ça se produit?
17445	corpus-6-train	FR	Puis-je vous demander votre nom?
17447	corpus-6-train	FR	Y a-t-il un magasin discount par ici?
17448	corpus-6-train	FR	J'ai mal au ventre.
17449	corpus-6-train	FR	Mais pourquoi?
17453	corpus-6-test-corpus-26-train	FR	Oui, vous pouvez vous arrêter à la gare que vous souhaitez entre ici et Chicago.
17454	corpus-6-train	FR	Est-ce un train direct pour Chicago?
17457	corpus-6-train	FR	Je croyais qu'on allait à la plage cet après-midi.
17458	corpus-6-dev	FR	Où est le bureau de poste le plus proche?
17459	corpus-6-dev	FR	Excusez-moi. Vous êtes M. Smith, je présume?
17460	corpus-6-test-corpus-26-train	FR	Où puis-je acheter des souvenirs?
17465	corpus-6-train	FR	C'est un appareil photo.
17466	corpus-6-train	FR	Je ne crois pas que j'aurai le temps de visiter un zoo pendant ce séjour. Merci de votre suggestion en tout cas.
17468	corpus-6-train	FR	J'ai perdu ma lentille de contact par ici. Vous pouvez m'aider à la chercher?
17470	corpus-6-train	FR	Je vais traverser l'Amérique et séjourner dans différents hôtels, motels, auberges et chambres d'hôte, si j'ai de la chance.
17472	corpus-6-train	FR	J'ai besoin d'une ampoule neuve.
17473	corpus-6-train	FR	Nous pouvons terminer les modifications d'ici demain après-midi quinze heures. Ça vous va?
17474	corpus-6-train	FR	Y a-t-il une station de métro à proximité?
17475	corpus-6-test-corpus-26-train	FR	C'est trop cher. Je ne peux pas l'acheter.
17476	corpus-6-train	FR	Où se trouve le quartier commerçant dans cette ville?
17478	corpus-6-train	FR	Je crois que vous avez mal calculé.
17480	corpus-6-train	FR	Pouvez-vous me changer de table?
17482	corpus-6-test-corpus-26-train	FR	Puis-je avoir le numéro de ABC and Company à Chicago, s'il vous plaît.
17483	corpus-6-train	FR	J'ai fait des réservations sur votre vol numéro deux cent sept qui part demain à dix-neuf heures cinquante pour New York.
17488	corpus-6-test-corpus-26-test	FR	Où est la cathédrale?
17489	corpus-6-train	FR	J'ai perdu la clé de la chambre.
17491	corpus-6-dev	FR	Quatre de vingt, un de dix et le reste en billets d'un dollar.
17492	corpus-6-train	FR	Je crois que ce reçu est erroné. Vous pourriez vérifier, s'il vous plaît?
17493	corpus-6-dev	FR	J'ai sept cents dollars en chèques-voyages et trois cents dollars en liquide.
17494	corpus-6-train	FR	C'est une algue séchée. On appelle ça du yakinori.
17496	corpus-6-test-corpus-26-train	FR	Comment voulez-vous vos œufs?
17497	corpus-6-train	FR	Environ quinze minutes à pied. Vous pouvez vous y rendre en métro aussi. C'est plus rapide.
17500	corpus-6-train	FR	Taille normale, s'il vous plaît.
17502	corpus-6-train	FR	Je n'ai pas assez d'argent aujourd'hui.
17503	corpus-6-train	FR	Le nombre de personnes âgées est en constante croissance.
17504	corpus-6-test-corpus-26-train	FR	C'est juste à côté de ce bâtiment.
17505	corpus-6-dev	FR	Je veux reconfirmer mon vol retour pour Tokyo mercredi prochain.
17507	corpus-6-train	FR	Y a-t-il un court de tennis ici?
17509	corpus-6-train	FR	Il va falloir patienter. Souhaitez-vous attendre?
17513	corpus-6-train	FR	Faites-vous une excursion chaque jour?
17515	corpus-6-train	FR	Quel temps fera-t-il demain?
17517	corpus-6-train	FR	Des bonbons ou des chewing-gums, s'il vous plaît.
17518	corpus-6-train	FR	On a le temps d'aller aux toilettes avant le décollage?
17519	corpus-6-train	FR	Est-ce qu'il a une clé?
17520	corpus-6-train	FR	Il me faut un Dramamine.
17522	corpus-6-train	FR	Oh, oui bien sûr. J'adore ça.
17523	corpus-6-train	FR	J'aime beaucoup, mais je n'aime pas le design.
17524	corpus-6-train	FR	Je suis reconnaissant d'avoir un ami comme toi.
17526	corpus-6-test-corpus-26-train	FR	Non, je crois qu'ils ont oublié de nous en apporter un.
17527	corpus-6-train	FR	Veuillez vous asseoir. Quel est le problème?
17529	corpus-6-train	FR	Je n'en suis pas sûr mais je lui dirai que vous avez appelé.
17530	corpus-6-train	FR	Pourriez-vous m'apporter une couverture?
17531	corpus-6-train	FR	Vendez-vous des chaussettes épaisses?
17533	corpus-6-dev	FR	A quelle heure part le dernier bus?
17534	corpus-6-train	FR	OK. Ça et un gin tonic.
17535	corpus-6-train	FR	Il y a la télé?
17537	corpus-6-test-corpus-26-train	FR	D'accord. C'est confirmé. Pouvons-nous avoir votre numéro de téléphone, si jamais nous devons vous contacter?
17538	corpus-6-train	FR	Que se passe-t-il avec les bagages que j'ai enregistrés?
17539	corpus-6-train	FR	Oh, je ne tiens pas à faire une chose pareille.
17540	corpus-6-train	FR	Il faut que quelqu'un m'aide.
17542	corpus-6-train	FR	J'irai à Chicago aussi.
17543	corpus-6-train	FR	Avez-vous des machines à sous à cinq centimes dans ce casino?
17544	corpus-6-dev	FR	Qu'est-ce que vous prenez?
17545	corpus-6-train	FR	Quelle est votre spécialité ici?
17546	corpus-6-train	FR	A quelle heure atterrirons-nous à New York?
17547	corpus-6-train	FR	Non, rien.
17548	corpus-6-test-corpus-26-train	FR	Comment s'appelle le peintre?
17549	corpus-6-train	FR	Que désirez-vous prendre pour le petit déjeuner?
17553	corpus-6-train	FR	Je voudrais un manteau long.
17556	corpus-6-train	FR	Vous n'avez pas à aller là-bas. Je crois que vous pouvez en prendre un ici.
17558	corpus-6-train	FR	Au Boston Hotel, s'il vous plaît.
17559	corpus-6-test-corpus-26-train	FR	Dois-je lui demander de vous rappeler à son arrivée?
17560	corpus-6-dev	FR	Nettoyez ça, je vous prie.
17561	corpus-6-train	FR	Midi précise.
17564	corpus-6-train	FR	Pouvez-vous me donner la date et les numéros de vol?
17568	corpus-6-train	FR	Servent-ils à manger?
17570	corpus-6-train	FR	Où est le salon?
17571	corpus-6-train	FR	Juste un peu.
17572	corpus-6-train	FR	Pourriez-vous vérifier cela en urgence, je vous prie?
17575	corpus-6-train	FR	Avez-vous ceci en différents styles?
17577	corpus-6-train	FR	Voici mon voisin.
17578	corpus-6-train	FR	Hum, délicieux. Tiens, prends-en un bout.
17582	corpus-6-train	FR	On s'arrête dans un café?
17583	corpus-6-train	FR	Cent yens pour un dollar.
17584	corpus-6-train	FR	C'est douloureux à supporter.
17585	corpus-6-train	FR	Oui, nous pouvons nous arranger pour finir ça demain soir.
17590	corpus-6-train	FR	J'ai un rhume des foins.
17593	corpus-6-test-corpus-26-train	FR	Je voudrais celui-là.
17594	corpus-6-train	FR	Bien sûr, tenez.
17596	corpus-6-train	FR	Y a-t-il quelque part où l'on peut prendre un verre en regardant un spectacle de hula?
17597	corpus-6-train	FR	Descendez cette rue jusqu'au deuxième passage protégé.
17598	corpus-6-train	FR	Je m'appelle Taro Takai.
17599	corpus-6-train	FR	Je veux jouer juste un peu plus longtemps.
17602	corpus-6-dev	FR	Avez-vous des timbres?
17603	corpus-6-train	FR	Où est le wagon-restaurant?
17604	corpus-6-train	FR	Nous arriverons avec trente minutes de retard.
17605	corpus-6-train	FR	C'est la chambre numéro trois cent cinquante sept. Il me faudrait plus d'après shampooing.
17606	corpus-6-test-corpus-26-train	FR	J'apprécie cette coupe de champagne de bienvenue après l'embarquement. Je propose de boire à ta santé.
17607	corpus-6-dev	FR	Où se trouve la foire?
17609	corpus-6-test-corpus-26-train	FR	Quarante dollars par jour plus dix cents par mille.
17611	corpus-6-train	FR	Le zoo du Bronx, mondialement connu, est un autre lieu qui pourrait vous intéresser.
17612	corpus-6-train	FR	Le vent va-t-il se renforcer dans l'après-midi?
17615	corpus-6-test-corpus-26-train	FR	Je parie cinq dollars.
17616	corpus-6-train	FR	Dix timbres à trente-deux centimes, s'il vous plaît. Avez-vous de jolis timbres?
17619	corpus-6-train	FR	Bonsoir, s'il vous plaît.
17620	corpus-6-train	FR	Avez-vous ce modèle en marron?
17621	corpus-6-train	FR	Je suis ici pour un cours de langue.
17624	corpus-6-train	FR	Donnez-moi deux billets balcon pour jeudi prochain.
17625	corpus-6-train	FR	Ecrivez-moi une lettre, s'il vous plaît.
17628	corpus-6-train	FR	A quelle heure part le bus de Pimlico?
17629	corpus-6-train	FR	Puis-je me servir de ce bon pour les avions?
17630	corpus-6-train	FR	Je voudrais un rasage.
17633	corpus-6-train	FR	Je me suis tordu la cheville. Et j'ai très mal.
17636	corpus-6-test-corpus-26-train	FR	Ce n'est pas la commande de quelqu'un d'autre?
17640	corpus-6-train	FR	Je cherche un dissolvant qui n'agresse pas les ongles.
17641	corpus-6-train	FR	Avez-vous une table pour trois?
17645	corpus-6-test-corpus-26-train	FR	Pourriez-vous me dire comment se rendre au musée?
17647	corpus-6-train	FR	J'aimerais acheter des appâts.
17649	corpus-6-test-corpus-26-train	FR	Je suis vraiment désolé, mais je souhaiterais reporter le rendez-vous.
17651	corpus-6-train	FR	Permettez-moi vérifier s'il reste des places.
17652	corpus-6-test-corpus-26-test	FR	Pouvez-vous me recommander une excursion?
17653	corpus-6-train	FR	Où est la réception?
17656	corpus-6-train	FR	J'ai été touché.
17660	corpus-6-test-corpus-26-train	FR	Votre train partira du quai numéro huit.
17661	corpus-6-train	FR	Opératrice. Je voudrais passer un appel longue distance au Sheraton.
17662	corpus-6-train	FR	Je serai à l'hôtel vers dix heures et demie ce soir.
17663	corpus-6-train	FR	Veuillez appeler l'ambassade du Japon.
17664	corpus-6-train	FR	Le kimono est la tenue traditionnelle du Japon.
17665	corpus-6-train	FR	Oui, mais j'ai fait ma première partie il y a quelques mois seulement. Je suis débutant.
17666	corpus-6-train	FR	Le dossier de ma chaise ne bouge pas.
17667	corpus-6-train	FR	Cela m'aidera beaucoup. D'ailleurs, je me demandais si je pouvais rester dans la même chambre.
17669	corpus-6-train	FR	La climatisation ne fonctionne pas. Il fait très froid dans ma chambre.
17673	corpus-6-test-corpus-26-train	FR	Je cherche un sac avec une bandoulière réglable.
17674	corpus-6-test-corpus-26-train	FR	J'aimerais que cela reste à moins de cent quatre-vingt dollars.
17676	corpus-6-train	FR	Puis-je avoir un billet pour un match de la ligue majeure de base-ball?
17677	corpus-6-train	FR	Puis-je avoir une salade de chou et de carotte au lieu du buffet de salades?
17678	corpus-6-train	FR	Veillez à passer me voir à sept heures demain matin.
17681	corpus-6-train	FR	Mon passeport a été volé.
17682	corpus-6-train	FR	De la cuisine italienne, ça vous dirait?
17683	corpus-6-train	FR	Je voudrais une part de pizza à la saucisse, s'il vous plaît.
17686	corpus-6-train	FR	Je prendrais un steak américain.
17689	corpus-6-train	FR	Avez-vous du jus d'orange?
17690	corpus-6-train	FR	Trente-six poses couleur trente-cinq millimètres, s'il vous plaît.
17691	corpus-6-train	FR	S'il vous plaît. Montrez-moi des sacs, je vous prie.
17692	corpus-6-dev	FR	A combien de kilomètres se trouve la station-essence la plus proche?
17697	corpus-6-train	FR	A quelle heure est le prochain train pour Boston?
17699	corpus-6-dev	FR	Envoyez-moi cette lettre par avion, je vous prie.
17700	corpus-6-dev	FR	Je veux reconfirmer un vol.
17702	corpus-6-train	FR	J'ai la tête qui tourne.
17703	corpus-6-train	FR	Quel est le tarif par tente?
17704	corpus-6-train	FR	J'ai rendez-vous avec M. Wilson à quinze heures.
17705	corpus-6-train	FR	Pourriez-vous me changer ces lentilles contre des plus fortes?
17706	corpus-6-train	FR	Laissez-moi m'exprimer.
17707	corpus-6-dev	FR	C'est combien, ça?
17709	corpus-6-train	FR	Puis-je lui laisser un message?
17711	corpus-6-train	FR	Est-ce que le Hard Rock Café est loin d'ici?
17712	corpus-6-dev	FR	Salut. Regarde.
17713	corpus-6-train	FR	OK. Bon, est-ce que je peux acheter des billets pour Le Fantôme de l'Opéra pour la matinée de samedi?
17714	corpus-6-train	FR	Vous pouvez me faire un Pina Colada?
17717	corpus-6-train	FR	Je suis pressé. Je veux que vous m'appeliez un taxi tout de suite.
17719	corpus-6-train	FR	Il fait froid ce matin, pas vrai?
17720	corpus-6-train	FR	J'ai réservé par JTB au Japon il y a deux semaines.
17721	corpus-6-train	FR	On s'arrête au Beverly Hotel. Vous pouvez descendre là. Ce n'est qu'à quelques minutes de marche du Summit.
17726	corpus-6-train	FR	Pourriez-vous garder ces sacs jusqu'à seize heures cet après-midi?
17727	corpus-6-train	FR	Pourrais-je utiliser un rétroprojecteur dans cette salle?
17728	corpus-6-train	FR	Je vois. Prenez votre temps.
17729	corpus-6-train	FR	Y a-t-il des terrains de golf publics à dix-huit trous?
17731	corpus-6-train	FR	Je ne comprends rien de ce que disent les gens autour de moi.
17736	corpus-6-train	FR	La cafétéria est au rez-de-chaussée.
17737	corpus-6-train	FR	Bonsoir. J'ai réservé. Au nom de Yamada.
17738	corpus-6-train	FR	L'essentiel, c'est de bien vous reposer.
17739	corpus-6-test-corpus-26-train	FR	Je vous demanderai une fois que j'aurai eu le temps de jeter un œil.
17740	corpus-6-train	FR	Avez-vous des cigarettes?
17741	corpus-6-train	FR	Une commande à emporter, s'il vous plaît.
17742	corpus-6-train	FR	Bon, tu promets que tu n'achèteras qu'une paire, d'accord?
17744	corpus-6-train	FR	Y a-t-il une pharmacie à proximité?
17745	corpus-6-test-corpus-26-test	FR	Oui. Une réservation pour six nuits, s'il vous plaît. A compter du vingt-trois juin.
17748	corpus-6-train	FR	Puis-je avoir des vitamines?
17749	corpus-6-dev	FR	Tu peux passer me prendre chez moi à sept heures?
17750	corpus-6-train	FR	Il part toutes les dix minutes.
17755	corpus-6-train	FR	Donnez-moi un de dix, un de cinq, et le reste en petite monnaie.
17756	corpus-6-train	FR	Mon linge n'a pas encore été livré.
17757	corpus-6-test-corpus-26-train	FR	Pourriez-vous m'en montrer d'autres avec des motifs différents?
17758	corpus-6-train	FR	Oui, il y en a un de l'autre côté du bâtiment.
17759	corpus-6-train	FR	Où est-ce que je descends?
17760	corpus-6-train	FR	Pourriez-vous me dire comment on utilise un téléphone public?
17762	corpus-6-train	FR	Dois-je payer à l'avance?
17763	corpus-6-train	FR	Y a-t-il un magasin de jouets près d'ici?
17765	corpus-6-test-corpus-26-train	FR	Quel genre de jus de fruit désirez-vous?
17767	corpus-6-train	FR	Je voudrais de la crème pour les pieds.
17768	corpus-6-train	FR	C'est une communication immédiate d'un esprit à l'autre. Cela veut dire que l'un lit l'esprit de l'autre personne sans employer de mots.
17770	corpus-6-train	FR	Puis-je encaisser un chèque personnel?
17773	corpus-6-train	FR	Je voudrais du jus d'orange, des corn flakes avec du lait et des crêpes avec du miel.
17775	corpus-6-train	FR	Ce sont des imprimés, rien de cher.
17776	corpus-6-train	FR	Je peux essayer?
17777	corpus-6-train	FR	Je vais rentrer par voie terrestre.
17778	corpus-6-train	FR	En quoi est faite cette épingle de cravate?
17779	corpus-6-train	FR	Combien coûte le billet en première classe?
17780	corpus-6-test-corpus-26-train	FR	Tu rentres chez toi pour les vacances?
17781	corpus-6-train	FR	Avez-vous une valise plus grande?
17782	corpus-6-test-corpus-26-dev	FR	Où puis-je avoir une vue vraiment belle?
17783	corpus-6-train	FR	Je vous enverrai une copie. Ecrivez votre adresse ici.
17784	corpus-6-train	FR	Où est le monument?
17786	corpus-6-test-corpus-26-test	FR	C'était déjà cassé quand j'ai ouvert le paquet.
17788	corpus-6-train	FR	OK, M. Aozora, votre vol a bien été confirmé.
17789	corpus-6-train	FR	Trouvez-moi un billet.
17790	corpus-6-test-corpus-26-test	FR	Le vingt-neuf août.
17791	corpus-6-train	FR	Où est le téléski?
17792	corpus-6-train	FR	J'ai la diarrhée. Pouvez-vous me conseiller quelque chose pour y remédier?
17793	corpus-6-train	FR	Il est dix heures moins dix.
17795	corpus-6-train	FR	Tu ne devrais pas entrer dans ce parc la nuit.
17797	corpus-6-test-corpus-26-train	FR	J'aimerais envoyer ceci par avion au Japon.
17798	corpus-6-test-corpus-26-train	FR	La d'Action de Grâces. C'est un jour de remerciements pour tous ceux qui soutiennent la société par leur travail.
17799	corpus-6-test-corpus-26-train	FR	Cette chambre est trop petite.
17803	corpus-6-test-corpus-26-train	FR	Puis-je avoir encore du thé, s'il vous plaît?
17805	corpus-6-test-corpus-26-train	FR	Je voudrais faire nettoyer ces vêtements pour plus tard dans la journée.
17806	corpus-6-dev	FR	Ce n'est pas nécessaire quand vous ne dépassez pas la limite hors taxe, mais je vous conseille de les déclarer ne serait-ce que pour faire les choses en bonne et due forme.
17808	corpus-6-test-corpus-26-train	FR	Y a-t-il une banque par ici?
17811	corpus-6-test-corpus-26-train	FR	Vous pouvez débarrasser la table, s'il vous plaît?
17812	corpus-6-train	FR	Faites repasser ceci, s'il vous plaît.
17814	corpus-6-train	FR	Naturellement. Ne quittez pas, s'il vous plaît. Votre correspondant est en ligne. Parlez-y, je vous en prie.
17815	corpus-6-train	FR	Cela vous ennuie si je le touche?
17816	corpus-6-train	FR	A quelle heure commence l'embarquement?
17817	corpus-6-train	FR	Est-ce que ce style me va?
17818	corpus-6-train	FR	Donne-moi ton emploi du temps pour cette semaine.
17819	corpus-6-train	FR	Il n'y a pas de papier à lettre.
17821	corpus-6-train	FR	Qu'entendez-vous pour là?
17822	corpus-6-train	FR	Vous avez tort.
17823	corpus-6-train	FR	Certainement, allez-y.
17824	corpus-6-train	FR	Pourriez-vous garder mes bagages jusqu'à seize heures, s'il vous plaît?
17825	corpus-6-train	FR	Je n'ai pas assez d'argent pour en acheter un neuf.
17829	corpus-6-train	FR	A quelle heure est le premier train?
17830	corpus-6-train	FR	Peut-on avoir une table à l'extérieur?
17832	corpus-6-train	FR	On dirait que tu tu as trop bu hier soir.
17833	corpus-6-dev	FR	Oui, Monsieur. Pour combien de personnes et à quelle heure désirez-vous réserver?
17835	corpus-6-train	FR	Je crois que je vais en prendre deux parmi les moins chers.
17836	corpus-6-train	FR	Je vois, j'ai invalidé votre ancienne carte.
17837	corpus-6-train	FR	Merci beaucoup pour le repas.
17838	corpus-6-train	FR	Où est la gare routière?
17840	corpus-6-test-corpus-26-train	FR	Un couteau, s'il vous plaît.
17841	corpus-6-test-corpus-26-train	FR	Ce sont tous des imprimés.
17842	corpus-6-test-corpus-26-train	FR	Veuillez inscrire le numéro de votre chambre au dos.
17844	corpus-6-train	FR	Au voleur.
17847	corpus-6-test-corpus-26-train	FR	On se sert de baguettes pour manger.
17848	corpus-6-train	FR	Où est le bus de l'aéroport?
17851	corpus-6-train	FR	Cent dollars la nuit, plus taxes et service.
17852	corpus-6-test-corpus-26-train	FR	Le vol Delta numéro vingt-huit pour la Nouvelle Orléans sera retardé d'environ une heure.
17854	corpus-6-test-corpus-26-train	FR	A mon retour au Japon, je t'écrirai une lettre. Si tu as le temps, répond-moi.
17855	corpus-6-test-corpus-26-train	FR	J'ai laissé mon billet d'avion à l'hôtel.
17856	corpus-6-dev	FR	A quelle vitesse volons-nous maintenant?
17857	corpus-6-train	FR	La lumière ne marche pas dans ma chambre.
17858	corpus-6-train	FR	Merci beaucoup. Allez. On y va.
17860	corpus-6-train	FR	Au drugstore.
17861	corpus-6-test-corpus-26-train	FR	Une chambre simple sans douche, s'il vous plaît.
17864	corpus-6-train	FR	Où est la meilleure piste de ski pour les débutants?
17865	corpus-6-train	FR	Je voudrais un siège arrière.
17868	corpus-6-train	FR	Est-ce que c'est le train pour Melbourne?
17869	corpus-6-test-corpus-26-train	FR	Merci encore de me l'avoir rappelé. Est-ce que beaucoup de gens ont tendance à oublier de signer leur nom?
17870	corpus-6-train	FR	Combien mesure cette tour?
17871	corpus-6-train	FR	Vincent, tu t'es enfermé à l'extérieur? C'est Marnie.
17872	corpus-6-train	FR	Je suis encore maquillée. Si vous pouviez donc bien me nettoyer le visage?
17873	corpus-6-dev	FR	Prenez trois comprimés à la fois.
17874	corpus-6-train	FR	Quel est votre taux de commission?
17877	corpus-6-train	FR	Puis-je rendre la voiture dans une autre agence?
17879	corpus-6-dev	FR	Il est inconscient.
17880	corpus-6-train	FR	Hôtel Tokyo. Puis-je vous aider?
17881	corpus-6-train	FR	Je suis ici pour rendre visite à un ami.
17882	corpus-6-train	FR	Y a-t-il un poste de télé?
17883	corpus-6-train	FR	Salade et purée.
17886	corpus-6-test-corpus-26-train	FR	Eh bien, nous allons manquer de temps. Et si nous poursuivions cette discussion jeudi à treize heures?
17888	corpus-6-train	FR	Pourriez-vous m'indiquer le moyen le plus rapide pour l'envoyer?
17889	corpus-6-train	FR	Est-ce que je peux m'exercer au swing?
17891	corpus-6-train	FR	Une valise bleue. Mon nom et mon adresse sont au bas de la valise. Vous pouvez m'aider à la retrouver?
17893	corpus-6-train	FR	Je voudrais partir à huit heures. Pourriez-vous me dire combien je vous dois?
17894	corpus-6-train	FR	Je veux réserver deux places sur le vol huit cent soixante-dix-sept.
17895	corpus-6-dev	FR	Une bouteille de shampooing pour cheveux gras, s'il vous plaît.
17896	corpus-6-dev	FR	Pendant à peu près deux semaines.
17898	corpus-6-train	FR	Oui, je prends des médicaments pour l'hypertension.
17899	corpus-6-test-corpus-26-test	FR	Je voudrais un pyjama.
17900	corpus-6-dev	FR	Où sont les casiers à pièce?
17901	corpus-6-train	FR	Puis-je vous proposer un dessert?
17902	corpus-6-train	FR	Il y a beaucoup de raisons contre.
17903	corpus-6-train	FR	C'est le bon chemin pour la gare?
17905	corpus-6-train	FR	Voyons combien ça va coûter.
17907	corpus-6-train	FR	Je vous suggère d'essayer le Green Inn.
17908	corpus-6-dev	FR	J'ai neuf cents dollars.
17909	corpus-6-train	FR	Nous n'avons pas votre réservation.
17911	corpus-6-train	FR	Je mets mon nom où?
17914	corpus-6-train	FR	Je reviens tout de suite.
17916	corpus-6-train	FR	Faites la réparation pendant mon absence demain, s'il vous plaît.
17917	corpus-6-train	FR	Est-ce que cela compte pour un mot?
17918	corpus-6-train	FR	On peut avoir un cendrier, s'il vous plaît?
17919	corpus-6-test-corpus-26-train	FR	D'accord. Je vous appellerai lorsqu'ils seront prêts.
17922	corpus-6-train	FR	Nous avons d'autres couleurs.
17923	corpus-6-train	FR	Ils restent quelques places à gauche sur le premier balcon.
17925	corpus-6-train	FR	On a horreur de se dépêcher, mais on doit partir.
17926	corpus-6-train	FR	Ça commence où et quand?
17929	corpus-6-train	FR	Comment puis-je obtenir le versement?
17931	corpus-6-train	FR	Oh, je vois. Ce sont les chaînes du système câblé de l'hôtel.
17932	corpus-6-train	FR	Arrêtez de vous moquer des Japonais.
17933	corpus-6-train	FR	Quand pourra-t-il être réédité?
17935	corpus-6-test-corpus-26-train	FR	Et le déjeuner?
17936	corpus-6-train	FR	Je voudrais faire une réservation, s'il vous plaît.
17937	corpus-6-train	FR	J'essaie de trouver du papier cadeau.
17940	corpus-6-train	FR	Il n'y aura pas de taxes si j'envoie ceci au Japon depuis ce magasin?
17941	corpus-6-train	FR	Je suis désolé, mais je veux discuter de certaines choses avec mon patron avant de signer.
17942	corpus-6-train	FR	Je voudrais un radiocassette, s'il vous plaît.
17943	corpus-6-train	FR	Un fer cinq, s'il vous plaît.
17944	corpus-6-train	FR	C'est mon plat favori, vous savez.
17945	corpus-6-train	FR	Merci, Monsieur. Puis-je voir votre permis de conduire?
17946	corpus-6-train	FR	Vous avez raison.
17947	corpus-6-test-corpus-26-test	FR	La limousine s'arrêtera d'abord à la porte nord.
17949	corpus-6-train	FR	Avec assurance, s'il vous plaît.
17953	corpus-6-train	FR	Où se trouve le musée Monet?
17955	corpus-6-train	FR	Est-ce que c'est un train direct?
17958	corpus-6-train	FR	OK. Voici vingt, quarante, soixante, quatre-vingt, quatre-vingt-dix, quatre-vingt-quinze, seize, dix-sept, dix-huit, dix-neuf, cent.
17960	corpus-6-train	FR	Vous devriez d'abord aller au bureau de l'office du tourisme.
17961	corpus-6-train	FR	C'est impressionnant.
17962	corpus-6-train	FR	Pourrez-vous m'emmener en ville?
17963	corpus-6-test-corpus-26-train	FR	Jusqu'à quelle heure puis-je aller au restaurant de l'hôtel?
17965	corpus-6-train	FR	A quoi puis-je reconnaître vos bagages?
17966	corpus-6-test-corpus-26-dev	FR	Est-ce que c'est un train direct?
17967	corpus-6-train	FR	Oui, j'ai beaucoup aimé. Merci.
17968	corpus-6-train	FR	Où dois-je la porter pour la faire développer?
17969	corpus-6-train	FR	Euh, écoutez vous, vous savez où se trouve Riverside Drive?
17970	corpus-6-train	FR	Est-ce que c'est la queue pour le spectacle de vingt et une heures?
17974	corpus-6-train	FR	Avez-vous quelque chose contre la diarrhée?
17977	corpus-6-test-corpus-26-train	FR	Eh bien, il se fait assez tard. Je crois que je dois y aller maintenant. Merci beaucoup pour cette merveilleuse soirée.
17978	corpus-6-train	FR	Nous sommes ouverts de huit heures trente à vingt-trois heures.
17983	corpus-6-train	FR	Notre compagnie est la cinquième mondiale en terme d'employés.
17984	corpus-6-train	FR	C'est là-bas en bas, sur la gauche.
17986	corpus-6-test-corpus-26-train	FR	Puis-je avoir un médicament pour les maux de ventre?
17988	corpus-6-train	FR	Pourrez-vous garder mon pardessus?
17990	corpus-6-train	FR	Désolé, ils sont tous loués. Désirez-vous une couverture supplémentaire?
17993	corpus-6-train	FR	Pouvez-vous me prêter une serviette de plage?
17994	corpus-6-train	FR	Non, nous acceptons aussi vos commandes.
17995	corpus-6-train	FR	C'est pratique d'avoir la date, mais il n'est pas nécessaire d'avoir les jours de la semaine.
17996	corpus-6-train	FR	Je voudrais un jus d'orange, s'il vous plaît.
17997	corpus-6-train	FR	Veuillez me conseiller un bon restaurant.
17998	corpus-6-train	FR	Quelle est la spécialité de cette ville?
18003	corpus-6-test-corpus-26-train	FR	Je voudrais du poulet rôti.
18005	corpus-6-train	FR	J'ai perdu l'appétit.
18006	corpus-6-train	FR	Ne vous laissez pas dépasser par les événements.
18008	corpus-6-train	FR	Est-ce qu'on peut jeter un œil aux boutiques détaxées à l'aéroport?
18009	corpus-6-dev	FR	Je suis désolé. J'ai composé un faux numéro.
18010	corpus-6-train	FR	Pour cinq jours. Je rentre vendredi.
18011	corpus-6-train	FR	Ce n'est pas si loin. Nous voulons y être pour dix heures.
18012	corpus-6-train	FR	Non merci. C'est trop jeune. Vous en avez un autre?
18013	corpus-6-train	FR	D'autres reçus, s'il vous plaît.
18014	corpus-6-train	FR	Pourriez-vous les vendre séparément?
18015	corpus-6-train	FR	Je voudrais une bière, s'il vous plaît.
18017	corpus-6-train	FR	Combien avez-vous payé pour une place spéciale?
18018	corpus-6-test-corpus-26-train	FR	C'est ma faute. Pas la vôtre.
18019	corpus-6-train	FR	Laisse-moi tranquille.
18020	corpus-6-train	FR	Il n'y en pas d'autres?
18021	corpus-6-train	FR	Cette place est prise.
18022	corpus-6-train	FR	Dois-je faire une reconfirmation?
18026	corpus-6-train	FR	Faites-moi voir votre billet. Vous devrez prendre le prochain vol à treize heures.
18027	corpus-6-train	FR	Y a-t-il quelqu'un qui parle anglais ici?
18028	corpus-6-train	FR	Vous devriez réserver à l'avance.
18029	corpus-6-train	FR	Je voudrais sortir quelque chose de mes sacs.
18031	corpus-6-train	FR	Oui, nous avons votre réservation. Si vous voulez bien remplir ce formulaire et le signer?
18032	corpus-6-train	FR	Je ne trouve pas le guide touristique qui est censé passer nous prendre à dix heures trente.
18034	corpus-6-train	FR	Nous ferons en sorte que cela reste une surprise.
18035	corpus-6-train	FR	Pour le Japon, s'il vous plaît.
18036	corpus-6-test-corpus-26-train	FR	Excusez-moi, quand est-ce que le film se termine?
18037	corpus-6-train	FR	J'ai mis ma voiture au fossé.
18038	corpus-6-dev	FR	Vous pourriez me donner un médicament?
18040	corpus-6-test-corpus-26-train	FR	Celui-là, s'il vous plaît.
18041	corpus-6-train	FR	Pouvez-vous me montrer la deuxième bague en partant de la gauche?
18042	corpus-6-train	FR	Oui, par ici s'il vous plaît.
18043	corpus-6-train	FR	Je souffre un peu du décalage horaire.
18045	corpus-6-train	FR	Pourquoi n'êtes-vous pas venu hier soir?
18046	corpus-6-train	FR	Sur le pont, ça me va.
18047	corpus-6-train	FR	J'aimerais passer une commande au service d'étage, s'il vous plaît.
18050	corpus-6-train	FR	Quel train va à Wall Street?
18054	corpus-6-train	FR	Quel est le numéro de la porte d'embarquement de Japan Air Lines pour Tokyo?
18055	corpus-6-train	FR	Montrez-moi le sac noir, le troisième en partant de la gauche sur l'étagère du haut.
18057	corpus-6-train	FR	Vous pouvez vous faire tirer dessus en ville si vous mettez subitement la main dans la poche sur votre poitrine.
18058	corpus-6-train	FR	Avez-vous de l'alcool?
18060	corpus-6-train	FR	Nous avons des places disponibles sur le vol quatre-vingt-cinq le lundi vingt-six.
18065	corpus-6-train	FR	J'aimerais faire une demande de renouvellement de passeport.
18066	corpus-6-train	FR	Tout à fait. C'est faisable.
18067	corpus-6-train	FR	Pourquoi est-ce que ça coûte aussi cher?
18068	corpus-6-train	FR	Soixante-dix dollars.
18071	corpus-6-train	FR	Bonjour. C'est Mme Ono?
18072	corpus-6-train	FR	Puis-je boire l'eau du robinet?
18076	corpus-6-train	FR	J'ai des problèmes d'estomac.
18077	corpus-6-test-corpus-26-train	FR	On a volé mes bijoux. Je dois le déclarer.
18078	corpus-6-train	FR	Allez tout droit, puis tournez à droite.
18079	corpus-6-train	FR	Comment règle-t-on le niveau d'intensité de cette machine?
18081	corpus-6-train	FR	Vous pourriez me réserver une excursion?
18082	corpus-6-train	FR	Dois-je déclarer le contenu et sa valeur?
18083	corpus-6-train	FR	Eh, bébé, t'es seule? Tu veux aller au ciné ou quoi?
18084	corpus-6-dev	FR	Rien ne me plaît. Désolé. Je ne veux rien.
18085	corpus-6-train	FR	A quelle heure arrive-t-on à Des Moines?
18086	corpus-6-train	FR	Deux cheeseburgers et une petite portion de frites, s'il vous plaît.
18088	corpus-6-train	FR	Le quarante-cinq soixante-sept huit centre quatre-vingt-dix, s'il vous plaît.
18091	corpus-6-train	FR	C'est le vingt-trois septembre.
18092	corpus-6-train	FR	J'ai pris rendez-vous avec le président à dix heures.
18095	corpus-6-train	FR	Est-ce que l'eau du robinet est potable ici?
18096	corpus-6-train	FR	Je voudrais une tranche de jambon.
18097	corpus-6-train	FR	Eh bien, je crois que je vais prendre quelque chose de différent.
18098	corpus-6-train	FR	Emmenez-moi au théâtre, s'il vous plaît.
18100	corpus-6-train	FR	Quand est l'entracte?
18101	corpus-6-train	FR	Excusez-moi. Je peux vous poser une question?
18103	corpus-6-test-corpus-26-train	FR	Juste un moment, je vous prie. Je vais vous mettre en relation avec M. Jones.
18104	corpus-6-train	FR	Pourriez-vous m'enregistrer ces deux valises, s'il vous plaît?
18105	corpus-6-train	FR	Ce chapeau ne me va pas.
18108	corpus-6-train	FR	L'évacuation de la baignoire n'a pas de bonde non plus.
18110	corpus-6-test-corpus-26-train	FR	Bonjour. Ici United Airlines.
18111	corpus-6-train	FR	A quelle heure faut-il libérer la chambre?
18114	corpus-6-train	FR	Vous voulez que je paye maintenant ou plus tard?
18116	corpus-6-train	FR	Est-ce que je peux une entrée uniquement?
18119	corpus-6-train	FR	Aimeriez-vous quelque chose à boire pendant que vous regardez?
18121	corpus-6-train	FR	Avez-vous d'autres excursions?
18123	corpus-6-train	FR	Je voudrais prendre le bus jusqu'à l'aérogare. Je pourrais avoir de la monnaie, s'il vous plaît?
18124	corpus-6-train	FR	Avez-vous une pièce d'identité avec votre photo?
18125	corpus-6-dev	FR	Tu penses qu'il n'y a aucun espoir pour cette relation?
18126	corpus-6-train	FR	Eh bien, je dois d'abord aller au centre d'informations et chercher un hôtel.
18127	corpus-6-train	FR	Je crois que vous avez mal compris ce que j'essayais d'expliquer.
18130	corpus-6-train	FR	Qui est cette dame?
18131	corpus-6-test-corpus-26-test	FR	Où M. Jones a-t-il appris le japonais?
18134	corpus-6-train	FR	Vous pourriez me le trouver?
18135	corpus-6-train	FR	Pourriez-vous garder mes bagages pendant l'excursion?
18136	corpus-6-train	FR	A quelle porte dois-je me rendre?
18137	corpus-6-train	FR	Combien d'appareils photo avez-vous?
18138	corpus-6-test-corpus-26-train	FR	J'en ai un petit du même modèle.
18140	corpus-6-train	FR	Puis-je avoir un journal ou autre chose à lire?
18141	corpus-6-train	FR	Quelle est la cause de ces embouteillages?
18143	corpus-6-train	FR	Vous changerez les balais, merci.
18146	corpus-6-train	FR	Vous pouvez me répéter ce qu'a dit l'annonce, s'il vous plaît?
18150	corpus-6-dev	FR	Avez-vous le menu en anglais?
18151	corpus-6-train	FR	Y a-t-il des matchs des Yankees de New York, cette semaine?
18152	corpus-6-train	FR	J'ai le mal de l'air, mais je me sens mieux.
18153	corpus-6-train	FR	Soixante-dix-septième rue et Park Avenue.
18154	corpus-6-train	FR	Est-ce que c'est une cigarette anglaise?
18155	corpus-6-test-corpus-26-train	FR	Pouvez-vous reprendre ce pantalon?
18156	corpus-6-dev	FR	Vous devriez prendre le bus numéro sept.
18157	corpus-6-train	FR	Il n'y a aucun blessé grave.
18158	corpus-6-train	FR	Je voudrais un pansement élastique.
18159	corpus-6-train	FR	Je crois que le numéro du taxi était douze mille trois cent quarante cinq.
18160	corpus-6-train	FR	On va prendre ça.
18161	corpus-6-test-corpus-26-train	FR	Vendredi soir, à vingt et une heures.
18162	corpus-6-train	FR	Je vais faire venir une femme de chambre sur le champ.
18163	corpus-6-train	FR	Mais le prix augmente, n'est-ce pas?
18164	corpus-6-train	FR	En réalité, mon arrière-grand-père est arrivé de Sicile au début du siècle.
18165	corpus-6-train	FR	Y a-t-il une erreur dans cette addition?
18166	corpus-6-test-corpus-26-train	FR	C'est la porte pour Las Vegas?
18167	corpus-6-train	FR	Enchanté de faire votre connaissance. Comment allez-vous?
18168	corpus-6-train	FR	Cette robe me va à ravir.
18170	corpus-6-train	FR	Je prendrais du jus de fruit.
18172	corpus-6-dev	FR	Quelles qualifications sont nécessaires pour ce poste?
18175	corpus-6-train	FR	Vous pourriez l'ajuster sur le champ?
18176	corpus-6-dev	FR	J'aimerais passer un appel longue distance pour le Japon.
18177	corpus-6-train	FR	Pourriez-vous faire une réservation pour le golf?
18179	corpus-6-train	FR	Je voudrais apprendre à faire de la planche à voile.
18181	corpus-6-test-corpus-26-train	FR	Avez-vous un bus depuis l'aéroport?
18183	corpus-6-train	FR	Pouvez-vous le changer pour une taille plus grande?
18184	corpus-6-train	FR	C'est mon portefeuille.
18185	corpus-6-train	FR	Je veux une coupe, rien d'autre, s'il vous plaît.
18187	corpus-6-train	FR	Excusez-moi. Où se trouve la pharmacie la plus proche d'ici?
18188	corpus-6-train	FR	Je voudrais commander quelque chose à emporter.
18189	corpus-6-test-corpus-26-train	FR	Une autre cuillère, s'il vous plaît.
18190	corpus-6-train	FR	Quand est le prochain arrêt?
18191	corpus-6-dev	FR	Non. Juste à un pâté de maisons par là.
18193	corpus-6-train	FR	Mon fils est en troisième cycle à l'université de Harvard.
18194	corpus-6-train	FR	Où se trouve le vestiaire?
18195	corpus-6-train	FR	Je voudrais un appel-réveil, s'il vous plaît.
18197	corpus-6-train	FR	Quels sont vos projets pour ce soir?
18201	corpus-6-train	FR	Dur, s'il vous plaît.
18204	corpus-6-dev	FR	J'ai des rhumatismes.
18209	corpus-6-train	FR	Où puis-je encaisser un mandat international?
18211	corpus-6-test-corpus-26-train	FR	C'est un petit peu salé, mais j'aime bien. Tu l'as ramené du Japon?
18212	corpus-6-train	FR	J'ai été piqué par des épines d'oursin de mer.
18214	corpus-6-train	FR	C'est une valise rouge avec une étiquette.
18216	corpus-6-train	FR	Je voudrais envoyer ce colis.
18224	corpus-6-train	FR	Je vous en prie. C'est très joli.
18225	corpus-6-dev	FR	Qu'est-ce qui s'est passé? Je ne voyais rien.
18226	corpus-6-test-corpus-26-train	FR	Envoyez-le d'urgence, si possible.
18229	corpus-6-train	FR	Dois-je mettre cela sur votre note?
18234	corpus-6-train	FR	Veuillez remplir ce certificat médical et le reçu.
18235	corpus-6-train	FR	Oui, je veux passer un appel en PCV depuis le Japon. Le numéro est Tokyo trente-quatre soixante-seize vingt-neuf trente-six.
18236	corpus-6-train	FR	Quel est le tarif pour une voiture?
18237	corpus-6-train	FR	Je me suis fait piquer par une abeille. Ce n'est pas beau à voir.
18241	corpus-6-train	FR	Combien coûte le porte-clé?
18243	corpus-6-train	FR	Puis-je en avoir un?
18249	corpus-6-train	FR	Vous avez entendu ce qu'il a dit?
18250	corpus-6-train	FR	Sec, s'il vous plaît.
18251	corpus-6-train	FR	Veuillez contacter cette personne.
18253	corpus-6-train	FR	Cassez ce billet de dix dollars en cinq billets de un et un billet de cinq dollars.
18254	corpus-6-test-corpus-26-train	FR	Pourriez-vous verser dix dollars maintenant pour la caution?
18255	corpus-6-train	FR	Non. Mais il y a une douche.
18256	corpus-6-train	FR	Je veux que vous passiez une radio.
18257	corpus-6-train	FR	Est-ce qu'on peut passer par n'importe quel comptoir?
18260	corpus-6-train	FR	C'est pour mon usage personnel.
18261	corpus-6-dev	FR	Des chambres mitoyennes, s'il vous plaît.
18262	corpus-6-train	FR	Pourriez-vous prendre en charge la moitié du coût promotionnel de la première année comme le font tous nos fournisseurs?
18263	corpus-6-train	FR	Où est la papeterie?
18264	corpus-6-test-corpus-26-train	FR	Oui. Réveillez-moi dans trois heures, s'il vous plaît.
18266	corpus-6-train	FR	J'ai une forte fièvre et j'ai un peu la tête qui tourne.
18267	corpus-6-train	FR	Pourriez-vous le mettre sur la note de ma chambre, s'il vous plaît?
18269	corpus-6-train	FR	Y a-t-il une écurie près d'ici?
18270	corpus-6-train	FR	Merci beaucoup. Comment puis-je me rendre à l'hôtel?
18271	corpus-6-train	FR	Je me suis enfermé à l'extérieur. Que me conseillez-vous de faire?
18272	corpus-6-train	FR	Vous êtes si gentil.
18273	corpus-6-test-corpus-26-dev	FR	J'aimerais commander, s'il vous plaît.
18274	corpus-6-test-corpus-26-test	FR	Je devrais dire oui ou non?
18275	corpus-6-train	FR	Est-ce que cela veut dire qu'on n'a pas à laisser de pourboire?
18276	corpus-6-train	FR	Bon, M. Nitta, c'est à peu près tout ce que nous avons à vous montrer dans cette usine.
18277	corpus-6-train	FR	J'ai eu la tuberculose quand j'avais une vingtaine d'années.
18281	corpus-6-train	FR	Puis-je utiliser le chauffage et l'eau chaude toute la journée?
18282	corpus-6-test-corpus-26-train	FR	Deux cuillères, s'il vous plaît?
18284	corpus-6-train	FR	J'ai besoin de faire une réservation.
18285	corpus-6-dev	FR	Je suis désolé, mais nous n'avons que des places couloir à l'avant.
18288	corpus-6-train	FR	Moi non plus. J'ai été trop occupé.
18289	corpus-6-train	FR	Je n'ai pas passé d'appel longue distance vendredi.
18290	corpus-6-train	FR	Où est la pharmacie?
18291	corpus-6-train	FR	Où se trouve la gare routière?
18292	corpus-6-train	FR	Quel est votre numéro de téléphone?
18293	corpus-6-train	FR	Certainement. Les cabines d'essayage sont juste là.
18295	corpus-6-train	FR	Je parie cinq dollars.
18296	corpus-6-train	FR	Donnez-moi votre adresse, je vous prie.
18298	corpus-6-train	FR	Où est le monastère?
18299	corpus-6-train	FR	J'ai une maladie chronique.
18301	corpus-6-train	FR	Je voudrais un ensemble assorti.
18302	corpus-6-train	FR	Puis-je avoir une bouillotte?
18303	corpus-6-train	FR	Pouvez-vous m'examiner les yeux et me fournir une paire de lunettes?
18304	corpus-6-train	FR	Ça pourra être prêt pour vous d'ici deux jours.
18305	corpus-6-dev	FR	Puis-je avoir un billet pour une place au balcon?
18307	corpus-6-train	FR	Merci. Alors, voyons voir. En fait, ce n'est pas ce que je veux.
18309	corpus-6-train	FR	Je voudrais deux pellicules noir et blanc, s'il vous plaît.
18310	corpus-6-train	FR	J'ai bien peur de ne pas avoir encore eu ma monnaie.
18311	corpus-6-train	FR	Donnez-moi, euh, le Menu Assiette Bleue.
18313	corpus-6-train	FR	Votre père était quelqu'un de formidable. Il va nous manquer.
18314	corpus-6-train	FR	Eh bien, il n'y a rien d'intéressant ce soir.
18317	corpus-6-train	FR	Je ne veux pas enregistrer ce bagage.
18320	corpus-6-train	FR	Ce n'est pas tout à fait ce que je veux.
18321	corpus-6-train	FR	Combien de temps encore jusqu'à Chicago?
18323	corpus-6-test-corpus-26-train	FR	Quel est le prochain arrêt?
18326	corpus-6-train	FR	Je voudrais une tasse de café glacé, s'il vous plaît.
18328	corpus-6-train	FR	Ça n'a pas de valeur, mais c'est important pour moi.
18330	corpus-6-train	FR	La table d'hôte, je vous prie.
18331	corpus-6-dev	FR	Quelle ligne de bus s'arrête à Hope Street?
18332	corpus-6-dev	FR	Eh bien, nous avons Jazz d'Yves Saint Laurent.
18334	corpus-6-test-corpus-26-dev	FR	La voiture fait un drôle de bruit.
18335	corpus-6-dev	FR	Donnez-moi une pipe.
18336	corpus-6-test-corpus-26-test	FR	A quelle heure ferme le bureau de poste?
18338	corpus-6-test-corpus-26-dev	FR	J'ai déjà payé une caution de cinquante dollars à mon arrivée.
18339	corpus-6-train	FR	Je voudrais un appel-réveil à six heures demain matin s'il vous plaît.
18341	corpus-6-test-corpus-26-train	FR	Avez-vous un médicament pour les problèmes d'estomac?
18342	corpus-6-test-corpus-26-train	FR	Dois-je porter un manteau et une cravate?
18343	corpus-6-train	FR	Je suis intéressé par une excursion à Manhattan.
18344	corpus-6-test-corpus-26-train	FR	Puis-je virer de l'argent sur mon compte épargne?
18347	corpus-6-train	FR	Je voudrais une place non-fumeur, s'il vous plaît.
18348	corpus-6-train	FR	Non, vous en trouverez au drugstore.
18349	corpus-6-train	FR	Tu as vu le Titanic? Ça t'a plu?
18350	corpus-6-train	FR	Je voudrais une broche.
18351	corpus-6-train	FR	Un aller simple pour Los Angeles. Fumeur ou non-fumeur?
18353	corpus-6-train	FR	Cette pièce est aussi très connue au Japon.
18354	corpus-6-train	FR	Facturez la soirée de ce soir.
18355	corpus-6-test-corpus-26-train	FR	J'ai oublié mon sac à main.
18356	corpus-6-train	FR	Bonsoir, M. Hosokawa. Bienvenue à la soirée. Désirez-vous quelque chose à boire?
18357	corpus-6-train	FR	Ce n'est pas à vendre alors laissez tomber.
18361	corpus-6-train	FR	Qu'est-ce qui est célèbre dans le coin?
18362	corpus-6-train	FR	Ils sont trop petits.
18363	corpus-6-dev	FR	Vous ne seriez pas M. Elbert, par hasard?
18364	corpus-6-train	FR	Le nom est TANAKA, deux personnes à vingt heures.
18369	corpus-6-train	FR	Montrez-moi une autre couleur.
18370	corpus-6-train	FR	Quand puis-je venir le prendre?
18374	corpus-6-train	FR	Je voudrais faire développer cette pellicule, s'il vous plaît.
18376	corpus-6-train	FR	Je voudrais un sandwich au rosbif et du café.
18377	corpus-6-train	FR	Il ne reste pas d'exemplaire de ce magazine?
18378	corpus-6-train	FR	Où est le plus grand magasin dans cette ville?
18382	corpus-6-test-corpus-26-train	FR	Je veux reconfirmer mon vol.
18383	corpus-6-train	FR	Comment passe-t-on un appel à l'étranger?
18385	corpus-6-train	FR	Apportez-moi du Tylenol.
18387	corpus-6-train	FR	Ça fait mal parfois.
18388	corpus-6-train	FR	Terminons vite nos emplettes.
18389	corpus-6-dev	FR	Vous pouvez m'indiquer ma place, s'il vous plaît?
18390	corpus-6-train	FR	On dirait que la machine est hors service.
18393	corpus-6-train	FR	Le Japon est un long pays qui s'étend du nord au sud.
18394	corpus-6-train	FR	Dans combien de temps ces chemises seront-elles prêtes?
18395	corpus-6-train	FR	Je paierai la différence, donc s'il vous plaît, faites le calcul.
18399	corpus-6-train	FR	Regardons un peu la télé.
18401	corpus-6-test-corpus-26-train	FR	Ma montre. C'était une montre numérique toute neuve, fabriquée en Suisse.
18402	corpus-6-train	FR	En fait, je l'ai acheté l'autre jour sur un coup de tête dans une boutique près de chez moi.
18404	corpus-6-dev	FR	J'ai deux cents dollars en liquide et deux mille dollars en chèques-voyages.
18405	corpus-6-dev	FR	J'ai l'estomac dérangé.
18406	corpus-6-train	FR	Bien que j'aime le tempura, je ne mange pas trop de sushi. La plupart des gens n'ont pas l'habitude de manger du poisson cru.
18408	corpus-6-train	FR	Voici mon petit ami Koji.
18409	corpus-6-test-corpus-26-test	FR	J'ai réussi ce test haut la main.
18412	corpus-6-test-corpus-26-dev	FR	Je veux que vous m'emmeniez dans des endroits intéressants. Je suis touriste, vous savez.
18413	corpus-6-train	FR	La capitale est Tokyo.
18418	corpus-6-dev	FR	Quand dois-je payer, maintenant ou lors de mon départ?
18419	corpus-6-test-corpus-26-train	FR	Puis-je aller faire du tourisme pendant que le bateau est au port?
18420	corpus-6-train	FR	C'est exact. La relève de la garde commence à cette heure-là. Vous pouvez la regarder ou écouter l'orchestre des gardes jouer dans la cour.
18422	corpus-6-train	FR	Je voudrais du gibier.
18423	corpus-6-train	FR	A-t-on appelé ce numéro de place?
18424	corpus-6-dev	FR	Où est le couvent?
18425	corpus-6-train	FR	Je veux échanger ceci.
18428	corpus-6-dev	FR	J'ai été enchanté de faire votre connaissance.
18429	corpus-6-train	FR	Est-ce que vous l'avez dans une autre couleur?
18430	corpus-6-train	FR	Remplissez ce formulaire.
18433	corpus-6-train	FR	Bœuf ou poulet?
18434	corpus-6-train	FR	Venez chercher mes sacs à sept heures demain matin, je vous prie.
18435	corpus-6-train	FR	Il me faut combien de yens pour obtenir quatre-vingt-dix-neuf dollars?
18437	corpus-6-test-corpus-26-train	FR	Tu devrais régler le rétroviseur.
18440	corpus-6-test-corpus-26-dev	FR	Il y aura environ dix minutes d'attente.
18441	corpus-6-test-corpus-26-train	FR	Puis-je débarrasser vos assiettes?
18443	corpus-6-train	FR	J'ai une broche métallique au niveau de l'os.
18446	corpus-6-train	FR	Combien de temps devrons-nous attendre?
18447	corpus-6-train	FR	C'est Yoshie.
18448	corpus-6-train	FR	JAL sept cent vingt et un à destination de Narita.
18449	corpus-6-train	FR	T'es sûr? C'est une bonne affaire.
18450	corpus-6-train	FR	Quel livre conseillez-vous.
18451	corpus-6-test-corpus-26-train	FR	J'en serais ravi. Quelle heure vous conviendrait?
18452	corpus-6-dev	FR	C'est une valise bleue.
18453	corpus-6-train	FR	Avez-vous une navette pour l'aéroport?
18455	corpus-6-dev	FR	Où dois-je laver l'appareil?
18457	corpus-6-train	FR	Une canette de Miller.
18458	corpus-6-dev	FR	Où puis-je trouver des timbres?
18459	corpus-6-dev	FR	Je voudrais un crayon à sourcils.
18462	corpus-6-train	FR	Il y a un problème de pellicule. Vous pouvez regarder?
18464	corpus-6-train	FR	J'ai cherché le passeport manquant partout dans la chambre.
18466	corpus-6-train	FR	Nous en avons différentes sortes là-bas.
18469	corpus-6-train	FR	Vérifiez l'adresse de l'ambassade du Japon.
18472	corpus-6-train	FR	Je dois trouver des billets.
18475	corpus-6-train	FR	Y a-t-il un train express?
18476	corpus-6-train	FR	Je ne suis pas sûr que cette chemise m'aille au niveau de la taille.
18478	corpus-6-dev	FR	C'est contagieux.
18479	corpus-6-train	FR	Pouvez-vous vous débrouiller pour arriver à temps?
18481	corpus-6-train	FR	Pourriez-vous prendre ma photo?
18482	corpus-6-train	FR	Ça ressemble à quoi?
18483	corpus-6-train	FR	Je veux aller au sauna.
18484	corpus-6-train	FR	Fruits de mer.
18487	corpus-6-test-corpus-26-train	FR	Je crois que j'ai oublié mon appareil photo quand je suis venu dîner ici hier soir.
18489	corpus-6-train	FR	Nous avons deux courts de tennis, une piscine et une salle de musculation.
18492	corpus-6-test-corpus-26-train	FR	Récupérez-les à la porte d'embarquement.
18493	corpus-6-train	FR	C'est bien le train pour Boston?
18495	corpus-6-train	FR	Où dois-je descendre pour aller à la plage?
18497	corpus-6-dev	FR	Attendez votre tour, s'il vous plaît.
18500	corpus-6-train	FR	Pour femme, s'il vous plaît. Combien pour la demi-journée?
18501	corpus-6-train	FR	Dans ce cas, nous avons ce qu'il vous faut. C'est le circuit vacances en journée complète.
18502	corpus-6-test-corpus-26-train	FR	Oh, non. Ce ne sera pas nécessaire. Je peux m'en charger. Vous en avez déjà fait plus qu'assez.
18508	corpus-6-train	FR	C'est bien le Ministère du commerce international, n'est-ce pas? Je suis Taro Tanaka du Japon. J'ai rendez-vous avec M. Coleman à quatorze heures.
18510	corpus-6-train	FR	C'est le bon quai pour le train de Minneapolis?
18513	corpus-6-train	FR	Pourriez-vous me remplir cette ordonnance?
18514	corpus-6-train	FR	Comme ci, comme ça. Et toi?
18516	corpus-6-train	FR	Je crois que je vais prendre celui-là.
18517	corpus-6-train	FR	Je travaille dur pour essayer d'avoir les meilleures notes possibles.
18519	corpus-6-test-corpus-26-train	FR	Réparez-le ou changez-le, s'il vous plaît.
18520	corpus-6-train	FR	Dis donc, c'est délicieux. Tu cuisines bien. J'aimerais savoir en faire autant.
18521	corpus-6-test-corpus-26-train	FR	Je pourrais le mois prochain.
18522	corpus-6-train	FR	Grand Hotel, s'il vous plaît.
18523	corpus-6-train	FR	Le lit n'est pas fait.
18524	corpus-6-train	FR	Non, le prochain.
18526	corpus-6-train	FR	Déposez-moi à la prochaine intersection.
18527	corpus-6-test-corpus-26-train	FR	Prenez votre temps.
18531	corpus-6-test-corpus-26-train	FR	Comment est ce nouveau produit comparé aux produits existants?
18535	corpus-6-train	FR	Qu'entendez-vous par là?
18537	corpus-6-train	FR	Est-ce que le déjeuner est inclus dans le prix?
18538	corpus-6-train	FR	Je prends des cours de conversation anglaise une fois par semaine.
18539	corpus-6-train	FR	Un appel direct au Japon, s'il vous plaît.
18540	corpus-6-test-corpus-26-train	FR	Les vendeurs sont sympas dans ce magasin.
18544	corpus-6-train	FR	Où sont les objets trouvés?
18546	corpus-6-train	FR	Est-ce qu'il convient aux peaux sensibles?
18547	corpus-6-dev	FR	Quand pourrais-je le récupérer?
18551	corpus-6-train	FR	Quelle vous conviendrait?
18552	corpus-6-test-corpus-26-train	FR	Vous pourriez me garder ça?
18554	corpus-6-train	FR	Je voudrais un café crème, s'il vous plaît.
18555	corpus-6-dev	FR	Je vais rater mon train.
18557	corpus-6-train	FR	Avant que vous partiez, je vais vous faire une piqûre.
18560	corpus-6-train	FR	Avez-vous assez d'argent pour passer un mois ici?
18561	corpus-6-train	FR	Je voudrais une cassette audio.
18562	corpus-6-test-corpus-26-train	FR	Un instant, je vous prie.
18564	corpus-6-train	FR	Deux cartouches de Mild Seven, s'il vous plaît.
18566	corpus-6-train	FR	Puis-je avoir un cachet contre le mal de l'air?
18567	corpus-6-train	FR	Vers huit heures.
18569	corpus-6-test-corpus-26-train	FR	Avez-vous les étiquettes d'enregistrement des bagages?
18570	corpus-6-train	FR	Bon sang. Dire que je pensais que cette file irait plus vite.
18572	corpus-6-test-corpus-26-train	FR	Je voudrais louer une voiture pour une semaine.
18573	corpus-6-train	FR	Je vais payer par carte de crédit.
18574	corpus-6-train	FR	Je dois trouver un travail à mi-temps pour compléter mes frais de scolarité.
18576	corpus-6-train	FR	C'est marrant.
18577	corpus-6-train	FR	J'ai eu une insolation.
18578	corpus-6-train	FR	Ne changez pas le style, faites-moi juste une coupe d'entretien, s'il vous plaît.
18579	corpus-6-train	FR	Cela vous coûtera cinquante dollars par avion.
18580	corpus-6-test-corpus-26-train	FR	Oui, lavez-le d'abord séparément.
18581	corpus-6-train	FR	J'ai des vêtements à laver. Est-ce qu'ils seront prêts pour demain matin?
18582	corpus-6-dev	FR	Vol JAL cinq cent trois le cinq mai, j'ai réservé à Tokyo.
18583	corpus-6-train	FR	Montrez-moi comment on se sert de cette machine, s'il vous plaît.
18584	corpus-6-train	FR	Où cela est-il renvoyé?
18585	corpus-6-test-corpus-26-train	FR	Montrez-moi des montres pour hommes.
18586	corpus-6-train	FR	Puis-je ouvrir la fenêtre?
18588	corpus-6-train	FR	Le karaté, une méthode de combat à mains nues faite essentiellement de coups de poing et de pied précis, est aussi l'un des arts martiaux japonais d'autodéfense.
18589	corpus-6-train	FR	Puis-je changer la taille?
18590	corpus-6-train	FR	Quand est-ce que ce sera transféré à ma banque?
18591	corpus-6-train	FR	Des préférences pour la place?
18592	corpus-6-train	FR	Ces appareils sont pour mon usage personnel.
18593	corpus-6-train	FR	Combien de personnes êtes-vous?
18594	corpus-6-train	FR	Le meilleur moyen est de vivre dans un pays étranger.
18595	corpus-6-test-corpus-26-train	FR	Il est seize heures dix.
18597	corpus-6-train	FR	Oui, nous pouvons le faire.
18599	corpus-6-dev	FR	Je voudrais faire une réservation pour trois à vingt heures ce soir.
18604	corpus-6-train	FR	Il permet de déterminer des symptômes tels que les douleurs abdominales, la diarrhée, la fièvre, le mal de gorge, les rougeurs, et les vomissements qui peuvent survenir deux semaines avant votre retour.
18605	corpus-6-dev	FR	Combien cela coûte-t-il par mot pour le Japon?
18606	corpus-6-dev	FR	Je pense que les propositions sont bonnes, à condition que nous trouvions les bonnes personnes.
18607	corpus-6-train	FR	Eh bien, cela m'a donné l'impression d'un pays montagneux, surpeuplé, animé, plein de bruits, énergique, presque explosif. D'un peuple qui travaille dur, diligent, agité, curieux, qui a soif de tout apprendre, qui mange et boit avec voracité mais délicatesse, qui gagne de l'argent et le dépense de plus belle.
18608	corpus-6-train	FR	Elle a le bras cassé.
18611	corpus-6-train	FR	Au Japon, la prise de décision semble bien plus lente que dans notre pays.
18612	corpus-6-test-corpus-26-dev	FR	Combien coûte la limousine pour aller au centre-ville?
18613	corpus-6-train	FR	Vous pourriez aller voir s'il est là?
18614	corpus-6-test-corpus-26-train	FR	Depuis ce matin.
18617	corpus-6-test-corpus-26-train	FR	On ferait mieux de se dépêcher. Ils embarquent déjà.
18618	corpus-6-train	FR	Vous rouliez à quarante-cinq dans une zone limitée à vingt milles à l'heure. Vous pourriez faire trois mois de prison.
18619	corpus-6-train	FR	Ça se soigne en combien de temps?
18620	corpus-6-train	FR	Comment s'appelle cette place?
18622	corpus-6-train	FR	Je voyage seul. Vous pouvez me recommander un guide local?
18624	corpus-6-train	FR	Apportez-moi une autre fourchette, s'il vous plaît.
18626	corpus-6-train	FR	Vous pourriez appeler un taxi?
18627	corpus-6-dev	FR	Deux billets aller-retour pour Washington D.C., s'il vous plaît.
18628	corpus-6-train	FR	Avez-vous des tarifs journaliers?
18629	corpus-6-train	FR	Vous pouvez me dire les heures d'ouverture du bureau de poste?
18631	corpus-6-dev	FR	Combien de temps met le train local pour rallier Boston?
18632	corpus-6-test-corpus-26-test	FR	Ça va parfaitement.
18635	corpus-6-dev	FR	Vous me payez.
18636	corpus-6-train	FR	Où est le F quatorze?
18639	corpus-6-test-corpus-26-train	FR	J'ai demandé du poulet.
18640	corpus-6-test-corpus-26-train	FR	Pour dix jours.
18641	corpus-6-train	FR	Avez-vous des chaussettes?
18642	corpus-6-test-corpus-26-train	FR	Quel âge a ce garçon?
18643	corpus-6-test-corpus-26-train	FR	Combien pour le tout?
18645	corpus-6-train	FR	Vingt dollars en pièces de vingt-cinq, s'il vous plaît.
18646	corpus-6-test-corpus-26-train	FR	Je voudrais le même que celui-ci, s'il vous plaît.
18647	corpus-6-train	FR	Prends bien soin de toi jusqu'à ton retour.
18648	corpus-6-train	FR	Au fait, puis-je encaisser ce chèque aussi?
18651	corpus-6-train	FR	Voulez-vous aller au match de base-ball?
18652	corpus-6-train	FR	J'aimerais donc le remplacer.
18654	corpus-6-train	FR	Puis-je avoir une page de garde pour envoyer un fax?
18655	corpus-6-train	FR	Je vais en prendre une part.
18656	corpus-6-train	FR	Où vous faites-vous la raie?
18657	corpus-6-train	FR	Je voulais ça.
18659	corpus-6-train	FR	Dites-moi à quoi ressemblent vos bagages, s'il vous plaît.
18660	corpus-6-train	FR	Je veux rendre ceci.
18661	corpus-6-dev	FR	Combien est-ce que ça coûte jusqu'à Paris?
18663	corpus-6-dev	FR	Ce n'est pas contagieux.
18664	corpus-6-train	FR	Si vous pouviez attendre juste un moment, je répondrai à toutes vos questions.
18665	corpus-6-train	FR	Pourquoi le bus n'arrive-t-il pas?
18666	corpus-6-dev	FR	Tous les combien de temps est-ce que je dois prendre ce médicament?
18667	corpus-6-train	FR	Choisissez-moi un bon chemisier, s'il vous plaît.
18668	corpus-6-train	FR	Je voudrais appeler Tokyo, s'il vous plaît.
18671	corpus-6-train	FR	Prenez vos objets de valeur avec vous, s'il vous plaît.
18673	corpus-6-train	FR	Où est l'arrêt?
18674	corpus-6-train	FR	Je n'ai pas de temps à perdre. Dépêchez-vous, je vous en prie.
18675	corpus-6-train	FR	Je ne puis accepter à ce prix-là.
18676	corpus-6-train	FR	C'est froid. Vous pouvez faire quelque chose?
18678	corpus-6-train	FR	Je voudrais des champignons.
18681	corpus-6-train	FR	Avez-vous une brochure gratuite en japonais?
18682	corpus-6-train	FR	La branche législative est la Diète.
18683	corpus-6-train	FR	Je m'appelle Taro Yamamoto.
18685	corpus-6-test-corpus-26-train	FR	J'ai perdu mes chèques-voyages.
18687	corpus-6-test-corpus-26-train	FR	Donnez-moi un médicament pour le rhume.
18689	corpus-6-dev	FR	Excusez-moi. Y a-t-il un passage piétons près d'ici?
18690	corpus-6-test-corpus-26-train	FR	Mettez ça dans un cône.
18692	corpus-6-dev	FR	Vous êtes en plein milieu de West Avenue.
18695	corpus-6-train	FR	Allez tout droit, s'il vous plaît.
18696	corpus-6-train	FR	Je veux un shampooing et une coupe.
18697	corpus-6-train	FR	Les photos sont-elles interdites ici?
18699	corpus-6-train	FR	Où se trouve le kiosque d'informations?
18700	corpus-6-train	FR	Puis-je prendre rendez-vous pour demain après-midi?
18701	corpus-6-train	FR	Je voudrais une pince.
18706	corpus-6-train	FR	C'était dans ce magasin.
18709	corpus-6-train	FR	Puis-je faire des escales?
18711	corpus-6-train	FR	Pourriez-vous éliminer la tache de ces vêtements?
18712	corpus-6-train	FR	Allez tout droit jusqu'au bout de la rue, s'il vous plaît.
18714	corpus-6-train	FR	Je voudrais un roman anglais qui se lise facilement.
18716	corpus-6-train	FR	Non, je ne suis qu'un petit collectionneur. Je fais quelques échanges, cela dit.
18718	corpus-6-train	FR	Malade, serviette humide, s'il vous plaît.
18720	corpus-6-train	FR	Voulez-vous vous joindre à nous pour le déjeuner?
18723	corpus-6-train	FR	Je viens de Suède.
18724	corpus-6-train	FR	Avez-vous plus de cinq mille dollars en instruments monétaires?
18725	corpus-6-test-corpus-26-train	FR	Je le vois toujours tous les matins dans le train.
18726	corpus-6-train	FR	Y a-t-il un bon magasin de prêt-à-porter pour enfants?
18727	corpus-6-test-corpus-26-train	FR	Vous pouvez dîner avec nous ce soir?
18729	corpus-6-train	FR	Je voudrais changer un billet en petite monnaie.
18730	corpus-6-dev	FR	Dois-je faire votre couchette?
18732	corpus-6-dev	FR	Tel quel, s'il vous plaît.
18733	corpus-6-train	FR	Je dois voir un pédiatre.
18734	corpus-6-train	FR	On monte des mâts à carpes et des samouraïs miniatures sont exposés ce jour-là.
18737	corpus-6-train	FR	On a beaucoup gagné alors on n'a qu'à revenir en tenue de soirée.
18738	corpus-6-train	FR	Le contenu vaut près de deux cents dollars.
18740	corpus-6-train	FR	Par ici, s'il vous plaît.
18743	corpus-6-dev	FR	Veuillez contacter les objets trouvés.
18745	corpus-6-train	FR	C'est trente-cinq dollars et quatre-vingt-quinze centimes par jour, plus neuf centimes par mile après les cent premiers miles.
18747	corpus-6-test-corpus-26-train	FR	Je vais descendre au B Hotel jusqu'à demain. Je serai ravi si vous pouviez lui dire que j'y séjourne.
18748	corpus-6-dev	FR	La pédale de frein ne fonctionne pas.
18749	corpus-6-train	FR	Je voudrais une liseuse.
18750	corpus-6-train	FR	Je voudrais une coupe, s'il vous plaît.
18751	corpus-6-train	FR	Je voudrais partir tôt demain matin. Puis-je régler ma note tout de suite?
18753	corpus-6-train	FR	Je devrais couper le moteur. Attendez une minute.
18754	corpus-6-dev	FR	Quel choix d'apéritifs avez-vous?
18759	corpus-6-train	FR	Votre numéro de siège est imprimé sur le billet express.
18761	corpus-6-train	FR	Est-ce que le vol partira à l'heure?
18762	corpus-6-train	FR	Avez-vous des plats régionaux?
18763	corpus-6-train	FR	Puis-je vous demander de m'accompagner jusqu'à l'arrêt de bus?
18765	corpus-6-train	FR	Pour trois adultes.
18770	corpus-6-test-corpus-26-train	FR	Le vol aura un retard de quarante-cinq minutes.
18771	corpus-6-test-corpus-26-train	FR	Je m'appelle Shino Yamada.
18772	corpus-6-train	FR	Deux jeux de jetons, s'il vous plaît.
18773	corpus-6-train	FR	J'espère que vous reviendrez.
18776	corpus-6-train	FR	Non. J'ai la nausée et je ne peux rien avaler.
18777	corpus-6-train	FR	Pourriez-vous faire arrêt sur mes chèques personnels?
18778	corpus-6-train	FR	On dit que le tofu a vu le jour en Chine il y a près de deux mille ans.
18779	corpus-6-train	FR	Puis-je avoir une ordonnance?
18780	corpus-6-train	FR	J'aimerais voir un match de basket. Y a-t-il des billets disponibles?
18784	corpus-6-test-corpus-26-train	FR	Quelle est la spécialité de ce restaurant?
18785	corpus-6-train	FR	Mon passeport et cinq mille dollars en liquide ont été volés.
18786	corpus-6-train	FR	On m'a dit de venir ici pour récupérer le constat d'accident.
18788	corpus-6-train	FR	Vous avez la grippe.
18792	corpus-6-train	FR	Est-ce que je peux garder votre menu en souvenir?
18795	corpus-6-train	FR	Comment fait-on pour aller à la gare?
18797	corpus-6-train	FR	M. Jones est sorti. Il doit rentrer un peu après quinze heures.
18798	corpus-6-test-corpus-26-test	FR	Nous avons un excellent vin blanc.
18801	corpus-6-train	FR	Vous me l'enverrez au début du mois prochain?
18802	corpus-6-train	FR	Bien, merci. Et vous?
18803	corpus-6-train	FR	Ça gèle ce soir.
18807	corpus-6-dev	FR	Vous allez où?
18808	corpus-6-train	FR	Voudriez-vous dîner?
18811	corpus-6-train	FR	Un steak, s'il vous plaît.
18812	corpus-6-train	FR	Je voudrais un examen médical.
18813	corpus-6-dev	FR	C'est un cadeau pour mes amis.
18814	corpus-6-train	FR	Que prendrez-vous en dessert?
18816	corpus-6-train	FR	Vous m'indiquerez le prix plus tard.
18818	corpus-6-train	FR	Je suis là depuis près de six ans.
18820	corpus-6-train	FR	Le plein d'essence ordinaire, s'il vous plaît.
18823	corpus-6-train	FR	Si vous avez besoin d'aide, n'hésitez pas à nous appeler.
18824	corpus-6-train	FR	Puis-je prendre vos mesures?
18825	corpus-6-train	FR	C'est du coton.
18826	corpus-6-train	FR	Veuillez porter ces bagages à l'arrêt de bus.
18828	corpus-6-train	FR	Il y en a quelques uns, mais que voulez-vous manger?
18830	corpus-6-test-corpus-26-train	FR	Juste un cachet pour le rhume.
18831	corpus-6-train	FR	Vous pouvez faire appeler mon amie Mlle Yukiko Oda?
18832	corpus-6-dev	FR	C'est un diamant d'un carat, n'est-ce pas?
18833	corpus-6-train	FR	Il s'appelle M. Hanada. Merci beaucoup.
18834	corpus-6-test-corpus-26-dev	FR	Pourriez-vous descendre mes bagages dans le hall demain matin?
18836	corpus-6-test-corpus-26-train	FR	Oh, on dirait que je perds quelque chose à chaque fois que je pars en voyage.
18837	corpus-6-train	FR	Vous avez une boutique Ungaro par ici?
18838	corpus-6-train	FR	Où est le fort?
18841	corpus-6-train	FR	Enchanté de vous rencontrer moi aussi.
18842	corpus-6-train	FR	Je vais en Floride.
18845	corpus-6-test-corpus-26-train	FR	J'ai perdu l'usage de mon bras droit.
18847	corpus-6-test-corpus-26-train	FR	Bonjour, je suis bien au Roy?
18848	corpus-6-test-corpus-26-test	FR	Ensuite, vous allez tomber sur une rue commerçante. En suivant la rue, vous arriverez à la gare.
18849	corpus-6-train	FR	Je crois que ce sera tout pour aujourd'hui, messieurs.
18850	corpus-6-train	FR	Prenez cette rue tout droit. Au bout de trois pâtés de maisons, vous allez tomber sur le parc. Le musée est dans le parc.
18854	corpus-6-train	FR	Il me faut de l'aspirine.
18855	corpus-6-train	FR	Où puis-je acheter des timbres?
18857	corpus-6-train	FR	Puis-je avoir deux billets en première classe pour New York, s'il vous plaît?
18861	corpus-6-dev	FR	Comment puis-je commander?
18862	corpus-6-train	FR	Il faut combien d'heures pour y aller?
18863	corpus-6-dev	FR	Officier.
18865	corpus-6-train	FR	Font partie de la nourriture japonaise le poisson cru, les sushi, le tempura, etc.
18866	corpus-6-dev	FR	Je me sens paresseux.
18869	corpus-6-dev	FR	Peut-être bien.
18872	corpus-6-test-corpus-26-train	FR	Non, pas ici. Il y a une salle fumeur à l'arrière de ce car.
18875	corpus-6-dev	FR	Il part quand?
18876	corpus-6-train	FR	Avez-vous pris votre température?
18877	corpus-6-test-corpus-26-train	FR	Puis-je avoir une brochure?
18878	corpus-6-dev	FR	Y a-t-il des objets de valeur ou fragiles dans votre sac?
18879	corpus-6-test-corpus-26-train	FR	Soyez-y pour neuf heures, s'il vous plaît.
18880	corpus-6-train	FR	Puis-je échanger ces bottes contre une paire plus petite?
18881	corpus-6-train	FR	Laissez-le moi, s'il vous plaît.
18883	corpus-6-train	FR	Je ne peux pas supporter.
18885	corpus-6-train	FR	Quand est le prochain vol?
18886	corpus-6-train	FR	Avez-vous du jus de pamplemousse?
18887	corpus-6-train	FR	Par là, tournez à gauche.
18888	corpus-6-train	FR	Passez-moi une balle, s'il vous plaît.
18890	corpus-6-train	FR	Est-ce que je peux prendre une photo avec mon caméscope?
18892	corpus-6-train	FR	C'est une bonne idée.
18894	corpus-6-train	FR	Vous voulez qu'on le commande?
18895	corpus-6-train	FR	C'est plutôt tard le soir.
18896	corpus-6-train	FR	Je m'appelle Yamamoto.
18900	corpus-6-train	FR	La chasse d'eau ne fonctionne pas. Faites venir quelqu'un, je vous prie.
18901	corpus-6-train	FR	Quelle est la superficie du site de l'usine, en mesures métriques?
18903	corpus-6-dev	FR	Je suis désolé. Mais je ne sais pas où se trouve ma place.
18905	corpus-6-train	FR	Je veux me faire rembourser.
18906	corpus-6-test-corpus-26-train	FR	Oui, Monsieur. Vous voulez que je vous les coupe comment?
18907	corpus-6-train	FR	Je cherche quelque chose avec une étiquette métallique Prada.
18912	corpus-6-test-corpus-26-test	FR	Je crois qu'il y a une erreur dans la note.
18914	corpus-6-train	FR	Pourriez-vous me montrer quelque chose à ma taille?
18916	corpus-6-train	FR	Je suis dans le mauvais bus.
18917	corpus-6-test-corpus-26-train	FR	Juste de l'huile et du vinaigre, ça ira.
18918	corpus-6-train	FR	Puis-je voir votre passeport, s'il vous plaît?
18919	corpus-6-test-corpus-26-train	FR	J'ai exactement ce que vous voulez. Puis-je vous suggérer ceci?
18920	corpus-6-train	FR	Je vais prendre ça et ça, s'il vous plaît.
18921	corpus-6-dev	FR	L'Ikebana est l'art de faire des compositions florales. Il existe plus de trois mille écoles d'Ikebana au Japon.
18923	corpus-6-train	FR	J'ai mal au cou.
18924	corpus-6-train	FR	Je voudrais deux œufs sur le plat, s'il vous plaît.
18926	corpus-6-train	FR	Coupez juste les pointes, s'il vous plaît.
18927	corpus-6-train	FR	Puis-je avoir de la documentation sur la représentation?
18929	corpus-6-train	FR	Donnez-moi une soixantaine de litres d'essence, s'il vous plaît.
18930	corpus-6-train	FR	Je suis anémique.
18931	corpus-6-train	FR	Dites-lui de m'appeler.
18932	corpus-6-train	FR	Je n'ai acheté que ceci.
18934	corpus-6-train	FR	Comment mange-t-on ces grosses pinces de crabe?
18935	corpus-6-train	FR	Est-ce que ce bus va à Carmel?
18936	corpus-6-train	FR	Deux œufs, pochés.
18938	corpus-6-test-corpus-26-train	FR	Du café avec du sucre.
18940	corpus-6-train	FR	A emporter ou à consommer sur place?
18941	corpus-6-train	FR	A quelle heure fermez-vous?
18942	corpus-6-train	FR	J'aimerais reconfirmer ma réservation.
18946	corpus-6-train	FR	Le vingt-trois novembre, c'est le jour d'Action de Grâces.
18947	corpus-6-train	FR	C'est difficile à comprendre?
18948	corpus-6-test-corpus-26-train	FR	C'est le dix-sept A. Oh, pardon. Je me suis trompé.
18949	corpus-6-train	FR	Puis-je l'acheter détaxé?
18951	corpus-6-test-corpus-26-test	FR	Avez-vous déjà entendu parler de la Semaine d'Or au Japon?
18954	corpus-6-train	FR	J'aimerais rester encore quelques heures après l'heure de libération de la chambre.
18957	corpus-6-test-corpus-26-train	FR	Merci. A bientôt.
18958	corpus-6-train	FR	Nous avons du jus d'orange, de pomme, de pamplemousse et de tomate.
18961	corpus-6-train	FR	Je veux me faire rembourser.
18962	corpus-6-train	FR	Avez-vous vous mal aux articulations?
18963	corpus-6-test-corpus-26-test	FR	Est-ce que c'est toujours complet?
18964	corpus-6-train	FR	Mon numéro de confirmation est le cinq six sept QLR.
18968	corpus-6-train	FR	Pourquoi fait-il si chaud?
18969	corpus-6-dev	FR	Portez cette ordonnance à la pharmacie.
18971	corpus-6-train	FR	Je travaille dans une agence de voyages.
18973	corpus-6-train	FR	L'interlocuteur que je veux joindre est Mme Yuko Nishihara.
18974	corpus-6-test-corpus-26-test	FR	Puis-je le laisser n'importe où dans le pays?
18977	corpus-6-dev	FR	Y a-t-il une patinoire pas loin?
18979	corpus-6-train	FR	Je dois rentrer pour dix-sept heures. Peut-on aller au dépôt d'usine?
18982	corpus-6-train	FR	Vous n'avez pas remis le compteur à zéro.
18984	corpus-6-train	FR	Je vous prie de l'annuler devant moi.
18985	corpus-6-train	FR	Pourriez-vous m'inscrire sur une liste d'attente?
18986	corpus-6-test-corpus-26-test	FR	Quel numéro dois-je appeler d'ici?
18987	corpus-6-train	FR	Je suis ici pour faire du tourisme.
18992	corpus-6-dev	FR	Vous pourriez me donner mon appareil à l'intérieur, s'il vous plaît?
18994	corpus-6-train	FR	Vous pouvez y aller à pied. Vous n'avez qu'à suivre les panneaux.
18995	corpus-6-train	FR	Vous avez le temps ce soir?
18996	corpus-6-train	FR	Où sont les comptoirs de location de véhicules?
19000	corpus-6-train	FR	Non. J'étais pressé. Que dois-je faire?
19001	corpus-6-dev	FR	C'est le bus?
19002	corpus-6-test-corpus-26-train	FR	Comment fait-on pour aller à Disney Land?
19005	corpus-6-test-corpus-26-train	FR	Vous croyez?
19006	corpus-6-train	FR	Je pense que je devrais réserver les cinq dernières minutes à vos questions.
19007	corpus-6-test-corpus-26-train	FR	Excusez-moi. Où se trouve le restaurant principal?
19008	corpus-6-train	FR	Pourriez-vous me conseiller un bon restaurant italien?
19009	corpus-6-test-corpus-26-train	FR	Je voudrais passer un appel au Japon.
19011	corpus-6-train	FR	A t'entendre, on dirait que tu t'es soûlé hier soir.
19014	corpus-6-train	FR	Appuyez.
19016	corpus-6-dev	FR	Voici une brochure sur de nombreuses excursions touristiques en bus. Elle comprend des circuits d'une journée complète, d'une demi-journée, d'une matinée ou en nocturne.
19017	corpus-6-train	FR	On finira cette danse une autre fois? Je suis désolé.
19018	corpus-6-train	FR	Où y a-t-il un bus pour le centre-ville?
19019	corpus-6-train	FR	Je voudrais une permanente serrée, s'il vous plaît.
19020	corpus-6-dev	FR	Il reste du café?
19021	corpus-6-train	FR	Je peux vous aider à trouver quelque chose?
19024	corpus-6-train	FR	Oh, encore deux pâtés de maisons, je pense.
19025	corpus-6-train	FR	Soixante-douze divisé par neuf égale huit.
19029	corpus-6-train	FR	Je voudrais une crème pour peau normale.
19032	corpus-6-train	FR	Je crois savoir que les Japonais travaillent dur.
19033	corpus-6-train	FR	Et le jazz?
19035	corpus-6-train	FR	Des touristes, ici?
19036	corpus-6-test-corpus-26-test	FR	Mon numéro de siège, c'est le D douze. Où se trouve-il?
19037	corpus-6-test-corpus-26-dev	FR	Qu'est-ce que c'est, je vous prie?
19038	corpus-6-test-corpus-26-train	FR	Quel type avez-vous en tête?
19039	corpus-6-train	FR	A combien souhaitez-vous ouvrir votre compte?
19042	corpus-6-train	FR	Que signifie ce panneau de signalisation?
19043	corpus-6-dev	FR	Pouvez-vous me dire comment remplir ce formulaire?
19045	corpus-6-test-corpus-26-train	FR	Oui. Nous arriverons à huit heures, heure locale.
19046	corpus-6-train	FR	Laissez-moi y réfléchir et je vous recontacterai.
19048	corpus-6-train	FR	J'estimerai les coûts du voyage.
19049	corpus-6-train	FR	Puis-je avoir une facture pour mon assurance maladie?
19050	corpus-6-test-corpus-26-train	FR	Si vous trouvez quelque chose, contactez-moi.
19051	corpus-6-train	FR	Puis-je déposer la voiture à n'importe quelle agence?
19052	corpus-6-train	FR	Est-ce qu'il me faut le montant exact pour le bus?
19053	corpus-6-train	FR	Vous vivez ici?
19054	corpus-6-train	FR	Dépêchez-vous et vous les rattraperez.
19057	corpus-6-test-corpus-26-train	FR	Puis-je avoir du jambon et des œufs?
19058	corpus-6-train	FR	J'ai de la fièvre.
19060	corpus-6-train	FR	C'est cinq trente-deux.
19063	corpus-6-train	FR	Et maintenant, je suis libre pour quelques jours.
19064	corpus-6-test-corpus-26-train	FR	Le sorbet au melon en dessert, s'il vous plaît.
19065	corpus-6-train	FR	Qui est-ce qui passe ce soir?
19066	corpus-6-train	FR	Non, pas du tout. Nous ne parlons qu'anglais.
19068	corpus-6-test-corpus-26-train	FR	L'eau chaude n'est pas assez chaude.
19069	corpus-6-train	FR	Est-ce que c'est une automatique?
19072	corpus-6-train	FR	Est-ce que c'est verrouillé?
19073	corpus-6-train	FR	A emporter, s'il vous plaît.
19074	corpus-6-train	FR	Première classe ou seconde classe?
19075	corpus-6-train	FR	Vous devrez être là avant six heures trente.
19076	corpus-6-train	FR	J'aime votre façon de danser.
19077	corpus-6-train	FR	Est-ce que la plongée ne présente pas de risque ici?
19080	corpus-6-train	FR	On sort juste faire un peu de shopping.
19081	corpus-6-train	FR	Vous l'appellerez demain matin comme promis?
19083	corpus-6-train	FR	Je vous en prie. Nous vous sommes reconnaissants d'avoir été aussi compréhensif.
19085	corpus-6-test-corpus-26-train	FR	Pourriez-vous m'expliquer comment le faire?
19090	corpus-6-train	FR	Combien coûte un litre de super ou d'ordinaire?
19092	corpus-6-train	FR	Est-ce que le contrôleur annonce les arrêts?
19093	corpus-6-train	FR	Et si on se donnait rendez-vous ici à seize heures?
19094	corpus-6-test-corpus-26-train	FR	Veuillez indiquer votre adresse de contact inci.
19095	corpus-6-train	FR	Bien sûr. Voyons. Puis-je avoir un sherry pour commencer?
19096	corpus-6-train	FR	A qui revient ce travail?
19097	corpus-6-train	FR	Excusez-moi. Pourriez-vous me dire s'il y a un restaurant italien dans le coin?
19099	corpus-6-train	FR	Je ferai en sorte que ce soit prêt d'ici à seize heures trente demain.
19100	corpus-6-test-corpus-26-train	FR	Puis-je utiliser le flash?
19101	corpus-6-test-corpus-26-train	FR	Merci. Revenez dans ma chambre à la même heure demain. Les photos seront prêtes d'ici là.
19102	corpus-6-train	FR	Combien d'arrêts jusqu'au musée d'art?
19103	corpus-6-test-corpus-26-train	FR	Je suis désolé. A cette heure-ci, vous ne pouvez commander que ce qui figure sur le menu de nuit.
19104	corpus-6-train	FR	Voulez-vous que nous nous chargions de la commande?
19105	corpus-6-train	FR	Est-ce que le train express s'arrête à San Diego?
19106	corpus-6-train	FR	Il y a une rayure ici.
19108	corpus-6-train	FR	D'où viennent ces pommes?
19109	corpus-6-train	FR	Comment était ce restaurant?
19110	corpus-6-train	FR	Je veux voir le bureau en ville.
19112	corpus-6-train	FR	Vous pourriez faire un paquet cadeau, s'il vous plaît?
19113	corpus-6-test-corpus-26-train	FR	Essence ou sans plomb?
19114	corpus-6-train	FR	Est-ce que c'est une excursion d'une demi-journée?
19115	corpus-6-train	FR	Samedi et dimanche sont des jours de congé.
19117	corpus-6-train	FR	Rappelez-le moi lorsque j'arriverai à Victoria.
19118	corpus-6-train	FR	J'aimerais prendre rendez-vous avec vous demain après-midi.
19120	corpus-6-train	FR	Alors, qu'avez-vous prévu pour demain?
19121	corpus-6-train	FR	La réception? C'est Nakamura à l'appareil. Je viens d'arriver. Mais je n'aime pas cette chambre.
19123	corpus-6-train	FR	Il faudra combien de temps pour le faire?
19124	corpus-6-train	FR	Avez-vous quelque chose pour le rhume?
19128	corpus-6-train	FR	Mon nom est Risa Kobayashi, et le numéro est le vingt vingt-deux vingt vingt et un zéro zéro.
19130	corpus-6-train	FR	Une table avec une belle vue sur l'océan, s'il vous plaît.
19131	corpus-6-train	FR	Donnez-moi quelques adresses à appeler en cas de problème.
19132	corpus-6-train	FR	Oui, j'ai été traité pour le diabète au Japon.
19133	corpus-6-train	FR	Nous aimerions être assis l'un à côté de l'autre.
19134	corpus-6-train	FR	Puis-je avoir un Coca Light?
19135	corpus-6-dev	FR	Quel genre de chambre désirez-vous?
19143	corpus-6-train	FR	Je voudrais monter dedans.
19144	corpus-6-test-corpus-26-train	FR	J'ai mal à la tête.
19145	corpus-6-train	FR	Vous pourrez le prendre à la porte d'embarquement.
19147	corpus-6-test-corpus-26-test	FR	Voici la chambre mille deux cent sept.
19148	corpus-6-test-corpus-26-test	FR	Je veux une chambre différente.
19149	corpus-6-train	FR	Il y avait des cartes de crédit et du liquide dans mon portefeuille.
19152	corpus-6-dev	FR	C'est ma faute.
19153	corpus-6-train	FR	Vous devrez faire une déclaration de sinistre auprès du bureau d'assurance au Japon.
19154	corpus-6-train	FR	Pouvez-vous changer ceci?
19156	corpus-6-test-corpus-26-train	FR	Pour combien de temps ce visa est-il valable?
19157	corpus-6-train	FR	J'ai bien peur que nous n'ayons rien d'ouvert.
19159	corpus-6-train	FR	Combien de temps cela prend-il par voie de surface?
19160	corpus-6-train	FR	C'est de l'or?
19161	corpus-6-train	FR	Il est impossible de deviner votre âge à vous, les Japonais.
19162	corpus-6-test-corpus-26-train	FR	Y a-t-il un hôpital par ici?
19165	corpus-6-train	FR	Vous pourriez me faire un plan?
19166	corpus-6-train	FR	Ce magasin était moins cher.
19167	corpus-6-train	FR	Je suis Anne Brown.
19170	corpus-6-test-corpus-26-train	FR	Je voudrais un costume.
19171	corpus-6-dev	FR	Puis-je appeler directement de ma chambre?
19172	corpus-6-train	FR	Vous voudrez bien le mettre dans une boîte?
19173	corpus-6-train	FR	Votre passeport n'est plus valide.
19175	corpus-6-train	FR	C'est ennuyeux. Je vais appeler l'ambassade du Japon pour lui demander ce que vous devez faire.
19176	corpus-6-dev	FR	Vérifiez que vos ceintures sont bien attachées.
19177	corpus-6-train	FR	Où sont les toilettes?
19178	corpus-6-train	FR	J'aimerais louer un vélo dix vitesses.
19179	corpus-6-train	FR	Avez-vous des couleurs plus sombres?
19181	corpus-6-train	FR	Oh, je ne crois pas.
19182	corpus-6-train	FR	Ça ne pose pas de problème si je suis débutant?
19184	corpus-6-train	FR	Je suis avec ma famille, donc je ne peux pas vous donner mon numéro de chambre.
19185	corpus-6-train	FR	Je n'arrive pas à trouver l'étiquette du prix.
19186	corpus-6-train	FR	J'aimerais un appel-réveil le matin.
19187	corpus-6-train	FR	Où puis-je faire une réservation d'hôtel?
19190	corpus-6-train	FR	Est-ce que je dois reconfirmer ma réservation?
19193	corpus-6-train	FR	Très bien, Monsieur. Nous allons faire monter quelqu'un pour vous réparer ça immédiatement. Veuillez patienter un instant.
19194	corpus-6-train	FR	Il y en a quarante-six. Chaque préfecture est dirigée par un gouverneur, et chacune a sa propre assemblée.
19196	corpus-6-test-corpus-26-train	FR	Avez-vous une plus grande largeur?
19197	corpus-6-train	FR	Oui. Nous ferons le tour et nous commencerons à vendre les produits une heure après.
19198	corpus-6-train	FR	C'était il y a vingt minutes.
19200	corpus-6-dev	FR	Vous pourriez me l'épeler?
19201	corpus-6-train	FR	Quel est le film le plus intéressant à l'affiche en ce moment?
19202	corpus-6-train	FR	Dans ces sacs en papier marron.
19203	corpus-6-train	FR	J'espère que je peux vous revoir.
19209	corpus-6-train	FR	C'est parce qu'ils sont fabriqués en soie.
19211	corpus-6-train	FR	Je veux essayer une taille en dessous. C'est trop grand pour moi.
19213	corpus-6-train	FR	Est-ce que ça vous est déjà arrivé?
19214	corpus-6-train	FR	J'ai faim.
19215	corpus-6-test-corpus-26-test	FR	Je peux essayer une taille neuf?
19216	corpus-6-dev	FR	Vous ne pourriez pas lui donner simplement un traitement temporaire, docteur?
19217	corpus-6-test-corpus-26-train	FR	Un hôtel sécurisé servant un bon petit déjeuner, s'il vous plaît.
19218	corpus-6-train	FR	J'ai de la fièvre.
19219	corpus-6-train	FR	Désolé, je n'ai pas de monnaie. Vous pouvez me donner quatre-vingt-dix-neuf dollars?
19221	corpus-6-train	FR	Salut, on dirait qu'on est voisins.
19226	corpus-6-test-corpus-26-train	FR	Où est le zoo?
19227	corpus-6-train	FR	Y a-t-il un bus de l'aéroport au centre-ville?
19228	corpus-6-train	FR	Je n'arrive pas à tirer la chasse.
19230	corpus-6-train	FR	Les membres de la Chambre des conseillers exercent leurs fonctions pendant six ans, alors que la moitié des membres sous soumis à des élections tous les trois ans.
19231	corpus-6-train	FR	Ce sera tout, merci.
19232	corpus-6-test-corpus-26-train	FR	Rien de plus grand?
19233	corpus-6-train	FR	Créditez mon compte, s'il vous plaît.
19235	corpus-6-train	FR	Les armes à feu introduites au Japon à cette époque ont joué un rôle important dans la victoire de certaines batailles.
19238	corpus-6-train	FR	Vous en avez de plus grands?
19239	corpus-6-dev	FR	Cela veut dire que vous avez aussi perdu votre visa. Vous devez faire une demande de duplicata à l'immigration.
19240	corpus-6-train	FR	Ma vue a baissé.
19241	corpus-6-train	FR	Y a-t-il un barbier?
19243	corpus-6-train	FR	Pardonnez-moi. Dites-moi comment me rendre à la gare de Shinjuku, s'il vous plaît.
19245	corpus-6-train	FR	Transférez mon courrier ici.
19246	corpus-6-train	FR	Dites au chef que c'est vraiment délicieux.
19250	corpus-6-test-corpus-26-dev	FR	Trente balles et quatre-vingt centimes.
19251	corpus-6-test-corpus-26-train	FR	Cela dépend de la température de l'endroit, mais au centre du Japon, début avril.
19253	corpus-6-dev	FR	La télé ne marche pas.
19254	corpus-6-dev	FR	Un billet aller-retour pour Oxford, pour neuf heures le cinq.
19255	corpus-6-train	FR	Je ne peux pas faire ça.
19256	corpus-6-train	FR	Combien consomme cette voiture au cent?
19257	corpus-6-train	FR	C'est Sato. J'ai loué une voiture ce matin.
19258	corpus-6-test-corpus-26-train	FR	Un cheeseburger avec des frites.
19263	corpus-6-train	FR	Correct. Merci. Au fait, c'est tenue habillée exigée?
19264	corpus-6-train	FR	Pouvez-vous me donner le nom et le numéro de téléphone d'un médecin?
19266	corpus-6-train	FR	N'y a-t-il pas de médicament contre le mal des transports?
19268	corpus-6-train	FR	Je voudrais un pantalon.
19269	corpus-6-test-corpus-26-train	FR	C'est trop tard pour le dernier train.
19270	corpus-6-train	FR	Pourriez-vous m'attendre ici?
19271	corpus-6-train	FR	Est-ce qu'il y a une correspondance pour Perth?
19272	corpus-6-train	FR	Oui, peut-on avoir la carte des desserts?
19273	corpus-6-train	FR	Est-ce qu'il y a un spectacle son et lumière?
19274	corpus-6-train	FR	Oui, c'est ça. Ensuite, vous vous enregistrez ici, M. Yamada.
19275	corpus-6-train	FR	Au milieu, s'il vous plaît. Peut-on avoir deux sièges l'un à côté de l'autre?
19276	corpus-6-train	FR	Oui, puis-je vous aider?
19277	corpus-6-train	FR	Vous me feriez une remise si je reste deux nuits?
19281	corpus-6-test-corpus-26-train	FR	Je n'ai pas de petite monnaie.
19282	corpus-6-train	FR	Je veux prendre une douche.
19288	corpus-6-train	FR	Quand seront-ils prêts?
19289	corpus-6-train	FR	En cas d'annulation, veuillez contacter à l'avance.
19291	corpus-6-dev	FR	Il y a une caméra à l'intérieur. Mettez ça en lieu sûr.
19293	corpus-6-train	FR	Où est la station-essence?
19294	corpus-6-test-corpus-26-train	FR	Avez-vous pris votre billet de bus?
19295	corpus-6-train	FR	Est-ce que ce train s'arrête à Baltimore?
19296	corpus-6-train	FR	Pouvez-vous m'apporter de l'eau, s'il vous plaît?
19297	corpus-6-dev	FR	Non, merci. Il fera sombre la majeure partie du vol, de toute façon.
19298	corpus-6-train	FR	Je ne fais que regarder. Merci.
19299	corpus-6-train	FR	Excusez-moi, mais je ne crois pas que ce chiffre soit correct.
19300	corpus-6-dev	FR	Les boissons sont-elles comprises?
19301	corpus-6-train	FR	Combien de minutes encore avant l'arrivée du train?
19302	corpus-6-train	FR	De quelle porte d'embarquement ce vol part-il?
19304	corpus-6-train	FR	Le nom de l'hôtel où vous allez descendre ce soir, Monsieur.
19305	corpus-6-train	FR	Est-ce que je dois réserver une place sur le bateau qui descend le fleuve?
19306	corpus-6-test-corpus-26-train	FR	Par carte de crédit, s'il vous plaît.
19307	corpus-6-test-corpus-26-train	FR	J'étais à bord du vol UA numéro huit cent vingt-huit.
19309	corpus-6-train	FR	Une personne va arriver plus tard.
19310	corpus-6-train	FR	Vous pouvez redire ça?
19313	corpus-6-train	FR	Est-ce que le théâtre est à proximité?
19314	corpus-6-train	FR	Nous sommes un groupe de six et nous aimerions tous être assis à la même table, s'il vous plaît.
19315	corpus-6-train	FR	C'est, euh, par là.
19317	corpus-6-test-corpus-26-train	FR	Il y a trop de bruit autour de ma chambre.
19318	corpus-6-test-corpus-26-train	FR	Sur la côte est, vous trouvez aussi des endroits célèbres, comme New York, Washington, D.C. et Boston.
19320	corpus-6-train	FR	Merci de m'avoir invité à dîner.
19323	corpus-6-train	FR	Excusez-moi. Vous avez l'heure?
19324	corpus-6-dev	FR	Jus d'orange, bière, vin, whisky et cocktails.
19327	corpus-6-test-corpus-26-train	FR	Avez-vous des journaux japonais?
19329	corpus-6-test-corpus-26-train	FR	Ça me paraît bien.
19330	corpus-6-train	FR	Tu fais la queue. Et je vais aller nous chercher un cornet de glace.
19334	corpus-6-train	FR	Quel bus va au Grand Hotel?
19335	corpus-6-train	FR	J'aimerais réserver pour demain soir.
19339	corpus-6-train	FR	Le docteur m'a donné une ordonnance.
19342	corpus-6-train	FR	Oui. Et quel assaisonnement sur votre salade?
19345	corpus-6-train	FR	Comment le voulez-vous?
19346	corpus-6-test-corpus-26-train	FR	Est-ce que vous pourriez garder mes bagages jusqu'à treize heures?
19347	corpus-6-test-corpus-26-train	FR	Y a-t-il une visite de la ville?
19351	corpus-6-dev	FR	Avez-vous des chèques-voyages?
19352	corpus-6-train	FR	C'est gentil à vous, mais je crois bien que j'ai un travail important à finir pour demain matin.
19353	corpus-6-train	FR	Le riz et la soupe miso commencent à me manquer.
19358	corpus-6-train	FR	Non, merci. Est-ce que nous pourrions avoir deux verres d'eau, s'il vous plaît?
19360	corpus-6-test-corpus-26-train	FR	Oui. Je crains de ne pas avoir le choix. Est-ce que la sécurité est bien assurée dans ce quartier?
19363	corpus-6-train	FR	Je parle un peu anglais.
19367	corpus-6-train	FR	Je pourrais avoir de l'eau, s'il vous plaît?
19368	corpus-6-train	FR	C'est à quel étage?
19373	corpus-6-train	FR	Je préfère le thé.
19374	corpus-6-train	FR	Si vous l'avez, vous n'aurez pas à repayer en prenant le bus quarante-quatre.
19376	corpus-6-dev	FR	Vous pourriez me passer le sel?
19378	corpus-6-train	FR	Pourriez-vous me montrer cette montre-bracelet?
19380	corpus-6-train	FR	Il est treize heures.
19382	corpus-6-train	FR	Deux billets pour la représentation de samedi, s'il vous plaît.
19386	corpus-6-train	FR	A combien est la taxe de vente?
19387	corpus-6-dev	FR	Faites le huit.
19391	corpus-6-test-corpus-26-train	FR	Je vois. J'essaie de louer une Citroën.
19392	corpus-6-train	FR	Prenez le vol de seize heures pour New York, puis le prochain vol pour Washington depuis New York.
19395	corpus-6-train	FR	C'est un sac à main en cuir marron.
19396	corpus-6-train	FR	Un Kent, s'il vous plaît.
19398	corpus-6-train	FR	Ils sont au deuxième étage.
19401	corpus-6-test-corpus-26-dev	FR	J'ai un talent inné.
19402	corpus-6-train	FR	Quand l'avez-vous perdu?
19404	corpus-6-dev	FR	Je voudrais un ampli.
19405	corpus-6-train	FR	S'il vous plaît, faites réparer ceci.
19406	corpus-6-train	FR	Bien sûr. Ce sera prêt d'ici jeudi.
19407	corpus-6-train	FR	Servez-vous le vin au verre?
19409	corpus-6-train	FR	Je suis très malade. Appelez un médecin.
19410	corpus-6-train	FR	Est-ce que j'ai reçu des fax?
19411	corpus-6-train	FR	Quel étage?
19413	corpus-6-test-corpus-26-train	FR	Ce serait super. Où est le pain?
19414	corpus-6-train	FR	Puis-je payer par chèque-voyage?
19415	corpus-6-test-corpus-26-train	FR	Fumeur, s'il vous plaît. Et côté fenêtre, s'il vous plaît.
19419	corpus-6-train	FR	Nous échangeons des cadeaux avec nos proches le jour de Noël.
19421	corpus-6-train	FR	Voici une ordonnance du Dr Thomson.
19423	corpus-6-test-corpus-26-train	FR	Et combien faites-vous pour le tailler?
19424	corpus-6-train	FR	Où est la gare routière pour Chicago?
19425	corpus-6-train	FR	Pourriez-vous m'apporter du poivre, s'il vous plaît?
19426	corpus-6-train	FR	Je suis sans emploi.
19428	corpus-6-train	FR	Oui. Ils sont au troisième étage.
19431	corpus-6-dev	FR	Il y a une excursion pour visiter les lieux célèbres à pied.
19436	corpus-6-train	FR	Emmenez-moi à l'hôpital le plus proche.
19439	corpus-6-train	FR	C'est très beau.
19442	corpus-6-train	FR	Je veux en acheter cinq. Même comme ça, vous ne me les ferez pas moins chers?
19443	corpus-6-train	FR	Donnez-moi une place côté fenêtre à l'arrière.
19444	corpus-6-test-corpus-26-dev	FR	Qu'est-ce qui sera le plus rapide, un taxi ou une ambulance?
19445	corpus-6-train	FR	Puis-je vous apporter quelque chose? Un pansement ou autre chose?
19446	corpus-6-train	FR	Qu'est-ce qui serait bien à visiter?
19447	corpus-6-train	FR	Je n'arrive pas à me décider. Je reviendrai plus tard.
19449	corpus-6-train	FR	Vous pourriez vérifier les pneus?
19450	corpus-6-train	FR	Pardonnez-moi. Par où est la consigne?
19451	corpus-6-train	FR	Je veux aller au restaurant.
19452	corpus-6-train	FR	Montrez-moi ça, s'il vous plaît.
19454	corpus-6-dev	FR	J'apprécierais que vous réfléchissiez au renouvellement du contrat.
19455	corpus-6-dev	FR	Où sont les objets trouvés?
19457	corpus-6-train	FR	A quelle altitude sommes-nous?
19460	corpus-6-test-corpus-26-train	FR	Avez-vous ce T-shirt dans d'autres couleurs?
19461	corpus-6-train	FR	Je voudrais un gros manteau pour l'hiver.
19463	corpus-6-test-corpus-26-test	FR	Tu ne devrais pas regarder la télé tout le temps.
19464	corpus-6-train	FR	Je suis un grand amateur de cuisine américaine.
19465	corpus-6-train	FR	Puis-je poser une dernière question?
19466	corpus-6-test-corpus-26-train	FR	Oui, on arrive, on arrive.
19467	corpus-6-test-corpus-26-train	FR	Vous feriez mieux de vous rendre à notre hôpital.
19468	corpus-6-train	FR	Puis-je avoir un hamburger?
19469	corpus-6-test-corpus-26-train	FR	Où puis-je trouver un supermarché?
19470	corpus-6-train	FR	On aimerait que vous veniez passer quelques jours chez nous au printemps.
19472	corpus-6-train	FR	C'est bien la porte d'embarquement du vol pour Tokyo?
19475	corpus-6-test-corpus-26-train	FR	C'est un peu cher. Vous ne pouvez pas me faire un prix?
19476	corpus-6-train	FR	Combien de fois par jour dois-je le prendre?
19477	corpus-6-train	FR	Un thé au citron, s'il vous plaît.
19478	corpus-6-train	FR	Cette dent du haut me fait mal.
19479	corpus-6-test-corpus-26-train	FR	Combien d'arrêts jusqu'au changement?
19480	corpus-6-train	FR	Sur quel vol es-tu arrivé?
19482	corpus-6-train	FR	Je suis désolé de vous importuner, mais pourriez-vous nous prendre en photo avec cet appareil?
19483	corpus-6-train	FR	Je me suis cassé le bras.
19484	corpus-6-train	FR	Est-ce que les passagers ont commencé à embarquer?
19487	corpus-6-train	FR	Prenez le train vert sur le quai numéro six.
19490	corpus-6-test-corpus-26-train	FR	Cet homme a volé mon sac à main.
19494	corpus-6-test-corpus-26-train	FR	Les cachets contre les troubles de la digestion et ceux contre les maux d'estomac sont différents, pas vrai?
19496	corpus-6-dev	FR	Dites-moi dans à quel restaurant les gens du coin aiment aller.
19497	corpus-6-test-corpus-26-test	FR	Je veux voir le port.
19498	corpus-6-dev	FR	J'ai fait tomber mon appareil. Vous pouvez vérifier s'il marche correctement, s'il vous plaît?
19499	corpus-6-train	FR	Je suis désolé. J'ai renversé du vin par terre.
19500	corpus-6-test-corpus-26-test	FR	Charmante idée.
19501	corpus-6-test-corpus-26-train	FR	Ça prend combien de temps à pied?
19502	corpus-6-train	FR	Vraiment navré. Il est sorti. Vous avez rendez-vous?
19503	corpus-6-train	FR	Vol JAL pour Tokyo le trois mai.
19504	corpus-6-train	FR	Dites-leur que je suis bien descendu.
19505	corpus-6-test-corpus-26-train	FR	Je vais prendre vingt des plus grands ours en peluche, s'il vous plaît.
19507	corpus-6-test-corpus-26-dev	FR	Quel est le numéro pour la caisse?
19508	corpus-6-test-corpus-26-train	FR	C'est facile. Je n'aurai qu'à regarder dans l'annuaire.
19509	corpus-6-test-corpus-26-dev	FR	Avez-vous des chambres plus grandes?
19510	corpus-6-train	FR	Pouvez-vous mettre des verres de lunette sous ordonnance dans ces lunettes de soleil?
19511	corpus-6-train	FR	Au fait, je vais devoir porter une cravate?
19514	corpus-6-train	FR	J'aimerais le changer pour le même vol, mais le quatre mars.
19518	corpus-6-train	FR	Ensuite, pourriez-vous le porter au comptoir là-bas?
19519	corpus-6-train	FR	Y a-t-il un bus pour le centre-ville?
19520	corpus-6-train	FR	Appelez-moi demain à la première heure.
19521	corpus-6-train	FR	Donnez-moi un médicament contre les maux d'estomac, s'il vous plaît.
19522	corpus-6-dev	FR	Il n'y a que mes effets personnels dans ce sac.
19523	corpus-6-train	FR	Excusez-moi. Je peux passer, s'il vous plaît?
19526	corpus-6-dev	FR	Je veux aller aux toilettes, mais j'ai tellement de bagages. Je vais devoir attendre.
19528	corpus-6-train	FR	C'était trop long et trop lent.
19529	corpus-6-train	FR	Nous assurons la manucure et le vernissage.
19530	corpus-6-train	FR	Est-ce que le train arrive à l'heure prévue?
19531	corpus-6-dev	FR	La chambre d'à côté est bruyante.
19532	corpus-6-train	FR	Il n'est ni bon ni mauvais.
19534	corpus-6-train	FR	Puis-je emprunter un passe, s'il vous plaît?
19537	corpus-6-train	FR	Etre avec toi me rend heureux.
19538	corpus-6-train	FR	Emmenez-moi à la police.
19539	corpus-6-train	FR	Les CD sont bien moins chers dans ce magasin.
19540	corpus-6-train	FR	Je voudrais avoir une peau douce.
19541	corpus-6-train	FR	Votre interlocuteur est en ligne. Parlez, je vous en prie.
19542	corpus-6-train	FR	Quand dois-je le prendre?
19543	corpus-6-train	FR	Puis-je payer par chèque-voyage?
19544	corpus-6-train	FR	Je ne trouve pas mes amis. Vous pouvez les faire appeler?
19546	corpus-6-train	FR	Un whisky avec des glaçons, s'il vous plaît.
19547	corpus-6-test-corpus-26-train	FR	A combien s'élève ma note?
19548	corpus-6-test-corpus-26-train	FR	J'aimerais rester dans cette chambre encore une nuit.
19549	corpus-6-train	FR	Bien sûr, dans ce cas, la compagnie aérienne offrira une compensation.
19551	corpus-6-train	FR	C'est un stylo à bille.
19553	corpus-6-train	FR	Ce sont des biscuits japonais.
19554	corpus-6-train	FR	Pendant combien de temps à peu près va-t-on devoir attendre?
19555	corpus-6-train	FR	Ça va. Je me sens bien.
19557	corpus-6-train	FR	Nous partageons ce point de vue.
19559	corpus-6-train	FR	Vous devez faire escale à Chicago.
19560	corpus-6-test-corpus-26-train	FR	Excusez-moi, mais j'aimerais remplir une déclaration de vol.
19562	corpus-6-train	FR	Je crains que non. Mais vous y êtes autorisé à l'extérieur et dans le cloître.
19564	corpus-6-train	FR	J'ai versé des arrhes.
19568	corpus-6-train	FR	Je veux un échantillon d'urine.
19569	corpus-6-train	FR	Merci beaucoup.
19570	corpus-6-train	FR	J'attendrai.
19572	corpus-6-test-corpus-26-train	FR	Eh bien, cela dépend du moyen de transport que vous prenez. Vous y allez en bus ou en avion?
19573	corpus-6-train	FR	Je n'ai pas fait de réservation, mais est-ce que je peux aller plonger cet après-midi?
19578	corpus-6-test-corpus-26-train	FR	Cela vous ennuie si je m'assois ici?
19580	corpus-6-train	FR	Je joue au tennis deux fois par semaine.
19581	corpus-6-test-corpus-26-train	FR	Puis-je envoyer juste un e-mail pour un dollar?
19583	corpus-6-train	FR	Où est la station de métro la plus proche de cet hôtel?
19585	corpus-6-train	FR	Veuillez écrire BAGAGE NON ACCOMPAGNE sur le dessus du paquet.
19589	corpus-6-test-corpus-26-train	FR	Oui, faites-le monter à la chambre mille deux cent trente-quatre.
19592	corpus-6-train	FR	Je me demande s'il va pleuvoir demain.
19593	corpus-6-train	FR	C'est très gentil de votre part.
19595	corpus-6-train	FR	Où puis-je trouver des boucles d'oreille?
19596	corpus-6-dev	FR	C'est super. Ça ne peut pas être sans matières grasses. C'est les deux.
19597	corpus-6-train	FR	Puis-je emprunter une clé pour les toilettes?
19598	corpus-6-train	FR	Quand il reviendra, dites-lui qu'il appelle M. Okada.
19599	corpus-6-train	FR	Je vais prendre un steak saignant avec des pommes de terre au four.
19601	corpus-6-dev	FR	Quinze A. Je suis assis à la mauvaise place?
19603	corpus-6-train	FR	A quelle heure revient-elle?
19605	corpus-6-train	FR	Je vais prendre un bifteck.
19607	corpus-6-train	FR	C'est vrai. Nous avons aussi de célèbres sites historiques en ville et dans les environs.
19609	corpus-6-train	FR	Vraiment. C'est la deuxième fois depuis que nous sommes venus ici pour notre lune de miel.
19610	corpus-6-test-corpus-26-dev	FR	Remplissez le formulaire d'inscription s'il vous plaît.
19611	corpus-6-train	FR	Je n'ai pas de passe-temps. Je travaille dur, c'est tout, comme la plupart des Japonais.
19615	corpus-6-train	FR	Oui, bien que j'ai l'impression d'être venu ici de nombreuses fois à travers les films et les émissions de télévision.
19616	corpus-6-train	FR	Quelle allée?
19617	corpus-6-test-corpus-26-test	FR	Je voudrais deux billets aller-retour pour Oxford.
19618	corpus-6-train	FR	A la destination finale, Rome, s'il vous plaît.
19619	corpus-6-test-corpus-26-train	FR	Pour quelle heure dois-je me rendre à l'aéroport?
19620	corpus-6-test-corpus-26-train	FR	C'est lent.
19621	corpus-6-train	FR	Oh, le professeur Corn adore faire des interrogations surprises.
19623	corpus-6-test-corpus-26-train	FR	Où puis-je faire développer ma pellicule?
19625	corpus-6-dev	FR	C'est vrai? Alors, que va-t-il se passer?
19627	corpus-6-dev	FR	Ma valise a été abîmée.
19628	corpus-6-train	FR	Est-ce que quelque chose t'a surpris au sujet du Japon?
19629	corpus-6-dev	FR	Quand vous en voyez un, faites-lui simplement signe.
19635	corpus-6-train	FR	J'aimerais partir un jour plus tôt.
19636	corpus-6-train	FR	J'ai très soif. Un grand verre, s'il vous plaît.
19637	corpus-6-train	FR	C'est un très grand supermarché situé en dehors d'une grande ville. Il bénéficie d'un vaste parking.
19640	corpus-6-train	FR	Ça a l'air fragile.
19642	corpus-6-train	FR	Vous pouvez prendre la porte d'embarquement dans la photo?
19643	corpus-6-test-corpus-26-test	FR	Non, je vous en prie. Est-ce que vous pouvez garder vos questions pour la fin de mon intervention, lorsque je vous y inviterai?
19644	corpus-6-train	FR	Est-ce que le petit déjeuner est compris?
19646	corpus-6-train	FR	Double tirage, s'il vous plaît.
19647	corpus-6-train	FR	Il y a beaucoup de taxis qui arrivent?
19648	corpus-6-test-corpus-26-dev	FR	Je veux une bonne place.
19649	corpus-6-test-corpus-26-train	FR	Je crois bien que les toilettes ne fonctionnent pas. J'ai besoin d'aide.
19650	corpus-6-train	FR	Oui, c'est ouvert au public.
19651	corpus-6-test-corpus-26-test	FR	Ça n'a rien de difficile ou de mystérieux.
19652	corpus-6-dev	FR	Des places au premier étage, s'il vous plaît.
19653	corpus-6-train	FR	Je suis divorcé.
19654	corpus-6-test-corpus-26-train	FR	Je vais vous conduire à votre place. Par ici, s'il vous plaît.
19656	corpus-6-test-corpus-26-train	FR	Excusez-moi, puis-je vous poser une question?
19658	corpus-6-train	FR	C'est par là pour aller à l'hôtel?
19659	corpus-6-train	FR	Excusez-moi, mais ça m'a l'air petit.
19660	corpus-6-train	FR	J'ai des palpitations.
19661	corpus-6-train	FR	Je vais aller de Calais à Douvres en ferry.
19664	corpus-6-dev	FR	Je veux un nouveau billet.
19665	corpus-6-train	FR	Une pizza mixte et deux bouteilles de bière, s'il vous plaît.
19666	corpus-6-test-corpus-26-train	FR	Je crois que oui.
19667	corpus-6-train	FR	J'en ai besoin le plus vite possible.
19669	corpus-6-train	FR	Oui, on doit se méfier du SIDA.
19671	corpus-6-dev	FR	Un cadeau pour ma mère.
19673	corpus-6-train	FR	Je ne savais pas que les contrôles de sécurité étaient si stricts.
19674	corpus-6-train	FR	Où dois-je descendre pour aller à Chinatown?
19675	corpus-6-test-corpus-26-train	FR	Bonjour. Enchanté de faire votre connaissance.
19676	corpus-6-train	FR	Du poisson frit.
19677	corpus-6-train	FR	Je travaille dans une banque.
19678	corpus-6-train	FR	Excusez-moi. Pouvez-vous me conseiller un bon restaurant?
19681	corpus-6-train	FR	Combien de millilitres peuvent être exemptés de taxe pour l'importation au Japon?
19682	corpus-6-train	FR	Je voudrais un jeu pour un garçon.
19683	corpus-6-train	FR	J'aimerais envoyer cette carte postale au Japon en express.
19684	corpus-6-dev	FR	J'aimerais envoyer cette lettre par avion.
19686	corpus-6-train	FR	Nous en avons une double à cinquante dollars la nuit.
19687	corpus-6-train	FR	Désolé, nous n'acceptons pas les jeans et les T-shirts.
19689	corpus-6-train	FR	J'aimerais m'installer, s'il vous plaît. Mon nom est Haruko Ogawa. J'ai effectué une réservation.
19691	corpus-6-test-corpus-26-train	FR	J'aimerais enregistrer ce bagage pour Tokyo, s'il vous plaît.
19693	corpus-6-train	FR	Est-ce que c'est le bon bus, celui qui approche?
19694	corpus-6-test-corpus-26-train	FR	Vous pouvez m'en montrer un autre un peu plus grand?
19696	corpus-6-train	FR	Est-ce que vous apportez des cadeaux pour quelqu'un dans ce pays?
19697	corpus-6-train	FR	Mangez les aliments les plus digestes possibles.
19701	corpus-6-train	FR	Dites-moi quelle est la procédure de détaxe.
19702	corpus-6-train	FR	C'est un endroit splendide, n'est-ce pas?
19703	corpus-6-test-corpus-26-train	FR	Je trouve que les vêtements fabriqués au Japon sont mieux coupés.
19704	corpus-6-train	FR	Avez-vous les horaires de train?
19705	corpus-6-train	FR	Je vous en prie, aidez-moi à retrouver un garçon qui porte un chapeau rouge.
19706	corpus-6-train	FR	Excusez-moi, j'aimerais envoyer ceci au Japon. Combien coûte l'affranchissement?
19707	corpus-6-train	FR	J'ai traversé l'Amérique en voiture de location.
19713	corpus-6-train	FR	OK, Chambre numéro deux cent trois. Voici votre clé.
19714	corpus-6-dev	FR	Le film commence à vingt-deux heures trente. Il finit à une heure du matin.
19715	corpus-6-test-corpus-26-train	FR	Vous devriez laisser tomber.
19716	corpus-6-test-corpus-26-dev	FR	Répétez, s'il vous plaît.
19717	corpus-6-train	FR	En mat, s'il vous plaît.
19718	corpus-6-train	FR	Puis-je avoir un appel-réveil à sept heures?
19721	corpus-6-train	FR	Je voudrais un appareil pas cher.
19722	corpus-6-test-corpus-26-train	FR	Pourriez-vous me noter l'adresse et le numéro de téléphone, s'il vous plaît?
19725	corpus-6-train	FR	Les Japonais n'aiment pas mal recevoir leurs invités, ni être mal reçus.
19726	corpus-6-test-corpus-26-train	FR	Est-ce que c'est chauffé?
19728	corpus-6-train	FR	Puis-je avoir des cartes postales?
19730	corpus-6-train	FR	A quelle heure faites-vous la séance de dédicaces?
19731	corpus-6-train	FR	A cette heure-ci, Monsieur? Il est vingt-trois heures.
19732	corpus-6-test-corpus-26-train	FR	Je pars de quel aéroport?
19733	corpus-6-test-corpus-26-train	FR	Vous n'avez pas reçu le formulaire à bord de l'avion?
19734	corpus-6-train	FR	C'est quelle ligne?
19735	corpus-6-test-corpus-26-train	FR	Je voudrais un fer à repasser.
19737	corpus-6-train	FR	Est-ce que tout le monde va bien?
19739	corpus-6-train	FR	Mettez un mouchoir sur votre bouche.
19740	corpus-6-train	FR	Bien tassé.
19743	corpus-6-train	FR	Combien pour les trois?
19744	corpus-6-train	FR	Je voudrais une bague de fiançailles.
19746	corpus-6-train	FR	Pas trop.
19749	corpus-6-dev	FR	Voici votre monnaie, Monsieur.
19750	corpus-6-train	FR	Non. Je suis japonais.
19751	corpus-6-train	FR	Très bien. Vos places seront ici.
19752	corpus-6-test-corpus-26-dev	FR	C'est revenu à trente-huit dollars le tout.
19754	corpus-6-test-corpus-26-train	FR	Merci de nous faire partager vos pensées exceptionnelles.
19755	corpus-6-test-corpus-26-train	FR	Je vais skier deux fois par mois pendant la saison.
19757	corpus-6-train	FR	L'ère Edo, sans guerre dans le pays, a duré près de deux cent cinquante ans.
19760	corpus-6-test-corpus-26-train	FR	Je suis né le premier avril mille neuf cent cinquante-cinq.
19762	corpus-6-train	FR	Prenez ça trois fois par jour après les repas pendant trois jours.
19763	corpus-6-train	FR	Est-ce que vous pourriez développer ce film?
19764	corpus-6-train	FR	J'ai besoin d'emprunter votre ordinateur, s'il vous plaît.
19766	corpus-6-train	FR	Est-ce que vous pourriez venir prendre un verre chez nous dimanche après-midi?
19767	corpus-6-train	FR	Je vais prendre ça.
19769	corpus-6-test-corpus-26-test	FR	Puis-je louer des raquettes?
19770	corpus-6-train	FR	Il y a une éraflure ici, donc pouvez-vous me l'échanger contre un autre?
19772	corpus-6-train	FR	Puis-je avoir une aiguille et du fil?
19776	corpus-6-train	FR	Deux allers simples pour Boston, s'il vous plaît.
19777	corpus-6-train	FR	Je suis allé voir votre spectacle trois fois l'année dernière au Japon.
19779	corpus-6-train	FR	Puis-je avoir du poulet pour le dîner?
19781	corpus-6-train	FR	J'aimerais vous offrir une poupée de Kyoto.
19782	corpus-6-train	FR	Comment puis-je m'y rendre en métro?
19783	corpus-6-train	FR	S'il vous plaît, dites-moi comment appeler ce numéro.
19784	corpus-6-train	FR	Est-ce que c'est le bon chemin?
19785	corpus-6-train	FR	Je veux signaler la perte de documents de valeur.
19786	corpus-6-train	FR	C'est l'édition la plus récente des vingt plus grands peintres d'Europe, qui contient les photos d'environ deux cents œuvres d'art.
19788	corpus-6-dev	FR	Où puis-je trouver un billet d'avion à un prix raisonnable?
19790	corpus-6-train	FR	A quelle heure est le levé de rideau?
19793	corpus-6-train	FR	Et voilà. Le reçu est dans le sac.
19796	corpus-6-dev	FR	Où est le comptoir des accessoires?
19797	corpus-6-train	FR	Je vais prendre un martini.
19799	corpus-6-train	FR	Est-ce que ce téléphone est hors service?
19800	corpus-6-train	FR	Quel train dois-je prendre pour me rendre à Oakland?
19801	corpus-6-train	FR	J'ai perdu mon portefeuille à l'intérieur de ce grand magasin.
19802	corpus-6-train	FR	Puis-je avoir quelque chose à boire avant le repas, s'il vous plaît?
19803	corpus-6-train	FR	Trois steaks, un grand homard et dix sortes de glaces.
19806	corpus-6-train	FR	Quelle est la meilleure façon de le porter?
19807	corpus-6-dev	FR	Ils disent qu'il fait moins de zéro.
19808	corpus-6-train	FR	Je voudrais un appel-réveil à six heures, s'il vous plaît.
19809	corpus-6-test-corpus-26-train	FR	Est-ce le bon bus pour le centre-ville?
19810	corpus-6-train	FR	Oui. C'est très intéressant de rencontrer des gens différents.
19812	corpus-6-train	FR	Je vois. Il y a une surcharge d'un pour cent.
19813	corpus-6-test-corpus-26-train	FR	Combien coûte ce parfum?
19814	corpus-6-test-corpus-26-train	FR	C'est pour quoi faire?
19815	corpus-6-train	FR	Plusieurs d'entre nous vont se réunir pour boire un verre. Vous aimeriez venir?
19816	corpus-6-train	FR	Le linge n'a pas bien séché.
19817	corpus-6-train	FR	Avez-vous un stylo?
19818	corpus-6-train	FR	Vous devriez essayer leur menu fixe.
19819	corpus-6-test-corpus-26-train	FR	Où puis-je passer les formalités?
19820	corpus-6-train	FR	Les Japonais sont radins même s'ils sont riches.
19824	corpus-6-train	FR	J'aimerais en savoir plus sur ce circuit.
19827	corpus-6-train	FR	Cette couleur marche bien en ce moment.
19828	corpus-6-train	FR	Puis-je mettre mes bagages dans le coffre?
19829	corpus-6-train	FR	Je vois. Vous pensez que je pourrai les avoir?
19830	corpus-6-train	FR	J'ai été malade la nuit dernière.
19831	corpus-6-train	FR	Apportez-moi du savon.
19832	corpus-6-train	FR	J'abandonne.
19833	corpus-6-train	FR	Vous rouliez à quarante-cinq dans une zone limitée à trente milles par heure.
19837	corpus-6-train	FR	Et je vous remercie. Passez une bonne journée.
19838	corpus-6-test-corpus-26-dev	FR	Cinquante livres.
19839	corpus-6-train	FR	J'ai une douleur à l'estomac.
19840	corpus-6-test-corpus-26-test	FR	Est-ce que les taxes sont comprises?
19841	corpus-6-train	FR	C'est ma première fois.
19842	corpus-6-train	FR	Je vais prendre une part de ceci.
19847	corpus-6-train	FR	Je cherche une veste à revers étroits.
19849	corpus-6-train	FR	Prenez une bière.
19851	corpus-6-dev	FR	J'aimerais payer cinquante en dollars et vingt mille en yens japonais pour le solde.
19852	corpus-6-train	FR	Je crois qu'on ne m'a pas rendu le bon montant.
19853	corpus-6-test-corpus-26-test	FR	Que sont des kystes?
19854	corpus-6-train	FR	A quelle heure se termine le spectacle du soir?
19855	corpus-6-train	FR	Mon nom de famille est Yamaguchi. Y A M A G U C H I.
19857	corpus-6-train	FR	J'aimerais ouvrir la fenêtre.
19859	corpus-6-train	FR	Il y a vraiment beaucoup de pluie. J'espère que ça va se dissiper.
19862	corpus-6-test-corpus-26-train	FR	Appelez une ambulance.
19864	corpus-6-test-corpus-26-dev	FR	Je parie trois dollars là-dessus.
19865	corpus-6-train	FR	Ils sont tous en bonne santé, merci.
19867	corpus-6-train	FR	Sans le petit déjeuner et le dîner?
19871	corpus-6-test-corpus-26-train	FR	Est-ce que ça avance?
19872	corpus-6-train	FR	Je crois que c'est un peu trop serré.
19873	corpus-6-train	FR	Vendez-vous des timbres-poste?
19874	corpus-6-train	FR	Je voudrais ce motif, uniquement sur les pouces.
19875	corpus-6-train	FR	J'aimerais emprunter des jumelles de théâtre.
19876	corpus-6-train	FR	Donnez-moi la direction, s'il vous plaît.
19878	corpus-6-train	FR	Il faut combien d'heures?
19879	corpus-6-dev	FR	Avez-vous un modèle?
19881	corpus-6-train	FR	Pourriez-vous me dire où nous irons au cours de cette excursion?
19882	corpus-6-train	FR	Continuez sur cette route et tournez à gauche au deuxième feu.
19883	corpus-6-train	FR	Je le prends si vous me faites dix pour cent dessus.
19884	corpus-6-train	FR	Oui, on vient de me donner une chambre, mais elle n'a pas été faite.
19887	corpus-6-train	FR	Cette chambre ne me plaît pas. Vous n'avez rien de mieux?
19888	corpus-6-train	FR	Où se trouve la porte d'embarquement du vol pour Chicago?
19889	corpus-6-test-corpus-26-train	FR	J'aime tout.
19891	corpus-6-train	FR	Peut-on l'ajuster?
19892	corpus-6-train	FR	J'aimerais réserver une place pour Seattle.
19896	corpus-6-train	FR	Je voudrais une table pliante.
19898	corpus-6-train	FR	Quel est le prix en demi-pension?
19899	corpus-6-train	FR	Au moins vingt dollars.
19901	corpus-6-train	FR	Je vais peut-être rentrer ou tenter un voyage en bus à travers le pays, si ce n'est pas trop cher.
19902	corpus-6-test-corpus-26-train	FR	La Fête de la Constitution ou Kempô Kinen Bi, qui a lieu le trois mai, est un jour férié qui commémore l'établissement de l'actuelle constitution japonaise.
19908	corpus-6-train	FR	Pas du tout. Ne vous en faites pas pour ça.
19909	corpus-6-train	FR	L'œuvre de Basquiat est d'une qualité enfantine, néanmoins, sa composition est très sophistiquée.
19911	corpus-6-train	FR	Mais, ce sera plus confortable par la suite.
19912	corpus-6-test-corpus-26-train	FR	Est-ce que ce circuit comprend une visite de la Sears Tower?
19913	corpus-6-dev	FR	Vous pouvez me montrer comment on joue à ce jeu?
19914	corpus-6-train	FR	Je vous serais reconnaissant si vous pouviez nous réserver une table près de la fenêtre.
19915	corpus-6-train	FR	Nous arriverons à dix heures. C'est un peu plus tôt que prévu.
19916	corpus-6-train	FR	Avez-vous déjà mangé japonais?
19918	corpus-6-train	FR	Avez-vous des cassettes de folk?
19919	corpus-6-train	FR	Mon numéro de téléphone est le douze trente-quatre cinq cent soixante-sept.
19920	corpus-6-train	FR	J'ai vraiment le mal de mer. Vous pouvez faire venir un médecin?
19921	corpus-6-train	FR	Désirez-vous une chambre fumeur ou non-fumeur?
19923	corpus-6-test-corpus-26-train	FR	Est-ce qu'il y a une librairie dans le coin?
19926	corpus-6-train	FR	Je crois que ce monsieur aurait dû s'arrêter.
19927	corpus-6-train	FR	On dirait que vous avez la grippe.
19928	corpus-6-test-corpus-26-train	FR	Je vais suivre les cours d'été à l'Université de Hawaï.
19935	corpus-6-test-corpus-26-train	FR	Par où passe-t-on maintenant?
19936	corpus-6-train	FR	Il me faut des lacets.
19937	corpus-6-train	FR	Je m'intéresse à l'histoire, c'est pour ça que je veux visiter des lieux historiques.
19938	corpus-6-train	FR	Alors, j'aimerais réserver pour dix-neuf heures.
19943	corpus-6-train	FR	Je suis désolé, mais nous n'avons que de la bière ou du whisky.
19944	corpus-6-train	FR	Il n'est pas au bureau en ce moment. Je peux prendre un message?
19945	corpus-6-test-corpus-26-train	FR	Deux adultes et un enfant de trois ans.
19947	corpus-6-train	FR	Encaissez ces chèques-voyages s'il vous plaît.
19950	corpus-6-train	FR	Avez-vous de la petite monnaie sur vous?
19953	corpus-6-dev	FR	Parce qu'en Amérique, on peut facilement entrer à l'université, mais il est difficile d'en ressortir diplômé.
19954	corpus-6-train	FR	Comment est-ce qu'on allume cette lumière?
19956	corpus-6-train	FR	Vous pouvez vous déplacer un peu vers la droite?
19957	corpus-6-train	FR	Quels sont les points de repère sur le chemin?
19958	corpus-6-train	FR	Oui. Je vais à Los Angeles.
19959	corpus-6-test-corpus-26-train	FR	Dans les toilettes à la gare.
19960	corpus-6-train	FR	Ne coupez pas.
19965	corpus-6-train	FR	Je suis tombé en panne d'essence.
19968	corpus-6-train	FR	Puis-je avoir deux places pour ce soir, n'importe lesquelles?
19970	corpus-6-train	FR	Avez-vous une table pour quatre?
